algorithm,run_id,seed,solution_id,feasible,total_constraint_violation,total_supply_tonnes,capture_tonnes,aquaculture_tonnes,processed_tonnes,data_status,social_reliability,economic_efficiency,ecological_security,g_national_capture_tac,g_capture_share,g_national_processing_capacity,g_national_total_supply,g_regional_cold_storage,g_minimum_supply,g_fleet_power
IA-NSGA-III,1,1809036,1,True,0.0,64761373.0090912,6409944.140636921,58351428.86845426,17899370.149548274,经过处理的数据 / public-data surrogate; not author-run logs,0.7356991155047704,0.7949830056742639,0.7171226237756916,-0.5094030017269072,-0.18102210866132978,-0.3201867689663329,-0.17267347146589085,-1.1102230246251565e-16,-0.362678810497023,-0.41574965508827
IA-NSGA-III,1,1809036,2,True,0.0,61132562.6853481,5006521.523470224,56126041.16187787,17496189.546387684,经过处理的数据 / public-data surrogate; not author-run logs,0.7114344701664995,0.7451588615968764,0.7530342894950055,-0.6168165623109368,-0.19810385000152864,-0.33549945909088574,-0.219031522698524,0.0,-0.32484761856888,-0.49295934265621344
IA-NSGA-III,1,1809036,3,True,0.0,59072933.79644336,4185359.362282836,54887574.43416053,16344354.885506487,经过处理的数据 / public-data surrogate; not author-run logs,0.6809962831432358,0.7271150342477766,0.776356437763065,-0.6796657358037261,-0.20914928896700868,-0.3792458275881022,-0.24534328138354933,0.0,-0.3013078473091684,-0.5400130864041569
IA-NSGA-III,1,1809036,4,True,0.0,59635532.388727516,4390827.481057328,55244704.9076702,16216022.590369187,经过处理的数据 / public-data surrogate; not author-run logs,0.694259541990148,0.7230572268776958,0.7714998981896763,-0.6639398511314193,-0.20637229340997226,-0.38411985340433774,-0.23815608446838687,-0.009019094225605873,-0.3078992736920433,-0.5316179706511457
IA-NSGA-III,1,1809036,5,True,0.0,62535844.22158897,5201259.2298475895,57334584.99174138,17954568.102748286,经过处理的数据 / public-data surrogate; not author-run logs,0.723676465138623,0.7649030027221143,0.7479448346119734,-0.6019119497116405,-0.19682755234873794,-0.31809036565170046,-0.20110460132563712,0.0,-0.3399977917664182,-0.47667126643497826
IA-NSGA-III,1,1809036,6,True,0.0,59960490.363567695,4538598.375543344,55421891.98802433,17242810.53175922,经过处理的数据 / public-data surrogate; not author-run logs,0.6983945592583727,0.7380481496640184,0.7666045371849252,-0.6526299308456294,-0.20430685026050055,-0.34512272545006817,-0.23400474639829594,0.0,-0.3116501377867622,-0.5223688541057547
IA-NSGA-III,1,1809036,7,True,0.0,61582797.78188558,5136940.474581405,56445857.30730419,17566480.45752629,经过处理的数据 / public-data surrogate; not author-run logs,0.7176190039505261,0.7501173517386247,0.7508917568254254,-0.6068347052885895,-0.19658481492225383,-0.33282982932100014,-0.2132797694212999,-1.1102230246251565e-16,-0.32978369339139424,-0.4874798360305733
IA-NSGA-III,1,1809036,8,True,0.0,60615678.5247016,4715801.514683956,55899877.01001763,17723065.38177112,经过处理的数据 / public-data surrogate; not author-run logs,0.7029780125779455,0.7479920854412314,0.7627949015134204,-0.6390673589667557,-0.20220162127258529,-0.3268827763022252,-0.2256347177577439,0.0,-0.3190904352711248,-0.5126126291003451
IA-NSGA-III,1,1809036,9,True,0.0,60837809.637828365,4568183.689963536,56269625.94786483,17068969.247069597,经过处理的数据 / public-data surrogate; not author-run logs,0.6966323719810926,0.7532747114664986,0.7657215503366729,-0.6503655637733027,-0.20491209467996557,-0.3517251703654206,-0.22279699282753307,-0.036297864982483,-0.3215765734219277,-0.5125976078309273
IA-NSGA-III,1,1809036,10,True,0.0,60100072.65017076,4192804.230905149,55907268.41926561,16947284.581637353,经过处理的数据 / public-data surrogate; not author-run logs,0.6932640407728816,0.7416831021586464,0.7756270907997664,-0.6790959289351313,-0.21023628681265438,-0.3563467210056722,-0.2322215827120665,-1.1102230246251565e-16,-0.3132488288284503,-0.5325144676044273
IA-NSGA-III,1,1809036,11,True,0.0,59763181.45669495,4370077.239503475,55393104.21719147,16350637.962142317,经过处理的数据 / public-data surrogate; not author-run logs,0.6954890292410196,0.7204356358812392,0.7712654446472742,-0.6655280094673437,-0.20687676370324964,-0.37900719803896443,-0.23652536764807963,-1.1102230246251565e-16,-0.3093775419250826,-0.5313156956606384
IA-NSGA-III,1,1809036,12,True,0.0,61681470.3438674,5032173.454549396,56649296.88931802,17786339.34163744,经过处理的数据 / public-data surrogate; not author-run logs,0.709799547235902,0.7612868633419216,0.7535881976197936,-0.6148532440493053,-0.19841677206305908,-0.32447964844143273,-0.2120192274597431,-0.001564576680841201,-0.3308558461738488,-0.49128849699769794
IA-NSGA-III,1,1809036,13,True,0.0,63256044.12257132,5801858.279654339,57454185.84291698,18790958.823176537,经过处理的数据 / public-data surrogate; not author-run logs,0.7291167484635027,0.7799608906004858,0.7330901026819499,-0.555943984229248,-0.1882797800568738,-0.2863244725889631,-0.1919040477202234,0.0,-0.34751222823824224,-0.4464494284988607
IA-NSGA-III,1,1809036,14,True,0.0,60272534.2464846,4405999.861960946,55866534.384523645,17138976.619814966,经过处理的数据 / public-data surrogate; not author-run logs,0.6954841501895535,0.743787432445209,0.7711112942487874,-0.6627786047360285,-0.2068987123729923,-0.3490663093069264,-0.2300183858502003,0.0,-0.3152138731845793,-0.5287408263691891
IA-NSGA-III,1,1809036,15,True,0.0,60147383.86386749,4333153.758228482,55814230.10563902,16497965.19998765,经过处理的数据 / public-data surrogate; not author-run logs,0.6879271918508553,0.7454447039038754,0.7717027299824464,-0.6683540167900073,-0.20795773515210947,-0.373411749442611,-0.23161718196560677,-0.011079681137739383,-0.3137890190965643,-0.5274263518486733
IA-NSGA-III,1,1809036,16,True,0.0,59245552.02043033,4062004.847100957,55183547.17332937,16046826.47688819,经过处理的数据 / public-data surrogate; not author-run logs,0.6798982299909483,0.7301897596981441,0.7785889984510014,-0.6891069030813007,-0.21143780910843388,-0.390545875975124,-0.24313808360318712,0.0,-0.3033435612893425,-0.5487519184229025
IA-NSGA-III,1,1809036,17,True,0.0,61614081.21793693,5190472.9919792265,56423608.22595771,16948946.71637715,经过处理的数据 / public-data surrogate; not author-run logs,0.7006454916360779,0.7621546966738572,0.7494290516405575,-0.602737494490936,-0.19575833170959972,-0.3562835935783698,-0.21288012353137487,0.0,-0.33012398360677864,-0.48498914808148175
IA-NSGA-III,1,1809036,18,True,0.0,61594737.369176015,4740552.359630716,56854185.0095453,17092635.312789235,经过处理的数据 / public-data surrogate; not author-run logs,0.7105208812206868,0.7513936367137757,0.7612701068349755,-0.6371730070084255,-0.20303640599654477,-0.35082633959828724,-0.21312724119581372,0.0,-0.32991360881011356,-0.506541685667999
IA-NSGA-III,1,1809036,19,True,0.0,56709163.68409695,3866885.6457803994,52842278.03831655,16228428.605519576,经过处理的数据 / public-data surrogate; not author-run logs,0.6593634411871926,0.7030343712345488,0.7854601605233319,-0.7040407141057128,-0.21181197897184303,-0.38364867630854194,-0.2755404441432967,0.0,-0.2721847299685275,-0.5695547297489509
IA-NSGA-III,1,1809036,20,True,0.0,64182255.42123027,6133503.603787869,58048751.81744239,17575107.469079856,经过处理的数据 / public-data surrogate; not author-run logs,0.7361421264196962,0.7827682994247642,0.7243082190704838,-0.5305608924360252,-0.18443614728816432,-0.33250217775843705,-0.18007169854657312,-0.00019239924409120146,-0.3569282505091368,-0.42968593021093027
IA-NSGA-III,1,1809036,21,True,0.0,63597187.14528533,5682121.6665320285,57915065.47875329,17530349.66456986,经过处理的数据 / public-data surrogate; not author-run logs,0.7200328379312528,0.7869402895393562,0.7366435447182155,-0.5651082486428463,-0.19065451285523938,-0.3342020670530714,-0.18754594566645766,0.0,-0.35101225175711637,-0.45255975433884077
IA-NSGA-III,1,1809036,22,True,0.0,57837725.11672947,3859357.1756151076,53978367.94111436,15847006.304765798,经过处理的数据 / public-data surrogate; not author-run logs,0.6674805416587547,0.7170197626723062,0.7848542072680682,-0.704616919573911,-0.21327266645038234,-0.39813499199994984,-0.2611230720445571,-1.1102230246251565e-16,-0.2863862609274441,-0.5585155063872689
IA-NSGA-III,1,1809036,23,True,0.0,59965855.97589163,4696785.144288767,55269070.83160286,16798503.40345207,经过处理的数据 / public-data surrogate; not author-run logs,0.7015843032568381,0.7271645969780062,0.7632690661786191,-0.6405228122482881,-0.20167567580162554,-0.36199738986240215,-0.23393620070182353,-0.011791101173194152,-0.3117117298118198,-0.5157370566927342
IA-NSGA-III,1,1809036,24,True,0.0,63184915.00831618,5378105.608731951,57806809.399584234,18551407.61823071,经过处理的数据 / public-data surrogate; not author-run logs,0.7329582420129153,0.7771073250424535,0.7442332633186526,-0.5883766831426073,-0.19488307599964166,-0.2954225624810445,-0.1928127221420296,0.0,-0.34677770359321247,-0.463554545018505
IA-NSGA-III,1,1809036,25,True,0.0,61715222.657949165,4985819.433062726,56729403.22488645,17243733.5536858,经过处理的数据 / public-data surrogate; not author-run logs,0.7083975925397181,0.7573501452572869,0.753934885486811,-0.6184010353093065,-0.19921248569909306,-0.3450876693272561,-0.21158804165342404,0.0,-0.33122180391771194,-0.49148452348070004
IA-NSGA-III,1,1809036,26,True,0.0,62122787.1517816,5897899.944740206,56224887.20704139,18168981.79880965,经过处理的数据 / public-data surrogate; not author-run logs,0.71394316086668,0.7690962630152836,0.7306068313061166,-0.5485932567398202,-0.18506060311926845,-0.30994699153967753,-0.20638140531807614,0.0,-0.33560940884449175,-0.450572461308519
IA-NSGA-III,1,1809036,27,True,0.0,63129281.20935698,5923006.51033433,57206274.699022636,17547038.944315016,经过处理的数据 / public-data surrogate; not author-run logs,0.7218924100767546,0.7727709568009488,0.7292117552781558,-0.5466716790400494,-0.1861765571083926,-0.3335682127278974,-0.19352344391371934,0.0,-0.3462020398565473,-0.4443475263128728
IA-NSGA-III,1,1809036,28,True,0.0,62775845.26956135,5492920.5081137605,57282924.76144758,17853597.871252056,经过处理的数据 / public-data surrogate; not author-run logs,0.7254631606713661,0.7674323312647433,0.7408063704690792,-0.5795891112452731,-0.19249945764127915,-0.32192518770064293,-0.19803858798099017,0.0,-0.34252107474189974,-0.4643401306517525
IA-NSGA-III,1,1809036,29,True,0.0,61971367.85672663,5421073.507222895,56550294.349503726,17529495.358528286,经过处理的数据 / public-data surrogate; not author-run logs,0.7089425834069341,0.7662289999994697,0.7432987096195689,-0.585088055104787,-0.19252293285253883,-0.3342345133651796,-0.20831578678514795,0.0,-0.3339860534396779,-0.4705422645611427
IA-NSGA-III,1,1809036,30,True,0.0,60208273.4854866,4679772.935498526,55528500.54998806,16897611.762635127,经过处理的数据 / public-data surrogate; not author-run logs,0.6965030519400445,0.738734889809055,0.7631927675868824,-0.6418248732933408,-0.20227359024625413,-0.3582332812197089,-0.23083931706038285,0.0,-0.3144829955977865,-0.5169851163850854
IA-NSGA-III,1,1809036,31,True,0.0,58849221.07887578,4472798.459824773,54376422.619050995,16491176.004217654,经过处理的数据 / public-data surrogate; not author-run logs,0.6866549330794202,0.7122041039216634,0.7688898287293785,-0.6576660497929852,-0.20399562172913271,-0.3736696012594045,-0.2482012113102069,0.0,-0.2986517999162537,-0.5294287995779478
IA-NSGA-III,1,1809036,32,True,0.0,62289622.039154276,5433185.116395832,56856436.922758445,17517162.138021376,经过处理的数据 / public-data surrogate; not author-run logs,0.7148471081233327,0.7675985102666947,0.7432731400398027,-0.584161070567304,-0.19277543612352288,-0.3347029257401293,-0.2042500896619205,0.0,-0.3373888951508498,-0.46799125052874335
IA-NSGA-III,1,1809036,33,True,0.0,57685292.35819201,3988419.1192377917,53696873.23895423,15981650.470071064,经过处理的数据 / public-data surrogate; not author-run logs,0.6669575962284516,0.7072041303017902,0.7806008441324266,-0.6947389236439359,-0.21085899444745754,-0.39302124306402353,-0.26307040050743524,-0.004148047921145759,-0.2845005443724926,-0.5532114680876168
IA-NSGA-III,1,1809036,34,True,0.0,62702264.632490054,5528158.862409033,57174105.77008101,18490556.41250065,经过处理的数据 / public-data surrogate; not author-run logs,0.7300022235163567,0.767959187980981,0.7402781996616086,-0.5768920782505944,-0.1918347814897815,-0.2977336747958369,-0.19897858060633145,0.0,-0.3417495281563817,-0.46016720448096027
IA-NSGA-III,1,1809036,35,True,0.0,57393742.06919038,4021550.177174508,53372191.892015874,15983862.536405709,经过处理的数据 / public-data surrogate; not author-run logs,0.66485587292619,0.708811306492181,0.7809799836983481,-0.6922031764959506,-0.2099305110245927,-0.39293722938367326,-0.26679495539695197,-1.1102230246251565e-16,-0.2808659308144984,-0.5547641237751393
IA-NSGA-III,1,1809036,36,True,0.0,61958750.00503349,5389653.089703441,56569096.915330045,17653457.200416587,经过处理的数据 / public-data surrogate; not author-run logs,0.715735875493223,0.7588127542521836,0.743746938642022,-0.5874928752063862,-0.19301223654018865,-0.3295264761797987,-0.20847697983825653,0.0,-0.33385042021269096,-0.4764385405138669
IA-NSGA-III,1,1809036,37,True,0.0,60470217.505882025,4627955.17335609,55842262.33252594,16278493.687319217,经过处理的数据 / public-data surrogate; not author-run logs,0.6932488688833156,0.742557467024364,0.7636978109299968,-0.6457908421078182,-0.20346719816402314,-0.38174721805968626,-0.2274929822469811,-0.000453319869499591,-0.31745250831973226,-0.5112702434627194
IA-NSGA-III,1,1809036,38,True,0.0,59043135.76008783,4462752.802053877,54580382.95803396,16686391.358533012,经过处理的数据 / public-data surrogate; not author-run logs,0.6892014063417836,0.7102669612920214,0.7684006058800589,-0.6584349128969296,-0.20441538301441942,-0.3662553749678802,-0.24572395129262758,0.0,-0.30095522961874277,-0.5283567278588489
IA-NSGA-III,1,1809036,39,True,0.0,61373524.18151927,5195641.995843579,56177882.18567569,17730838.25769587,经过处理的数据 / public-data surrogate; not author-run logs,0.7136175905842487,0.7447380761929291,0.7482499256714912,-0.6023418751650457,-0.19534391962767417,-0.3265875645795401,-0.21595323962831026,0.0,-0.3274983662673828,-0.4849651857791334
IA-NSGA-III,1,1809036,40,True,0.0,59188066.12527032,4314048.2966761375,54874017.82859419,16271703.826688737,经过处理的数据 / public-data surrogate; not author-run logs,0.6859306344709905,0.7202837995792953,0.7717433476733158,-0.6698162888289756,-0.207112869551346,-0.382005095127701,-0.24387246590350864,-1.1102230246251565e-16,-0.3026669397738919,-0.5311035396274085
IA-NSGA-III,1,1809036,41,True,0.0,59371043.575173214,4488953.232300339,54882090.34287289,16858928.74727372,经过处理的数据 / public-data surrogate; not author-run logs,0.6905793370763755,0.7192927496544133,0.7674821874942296,-0.6564296142312378,-0.20439153900644164,-0.35970245166756554,-0.24153492901393514,-1.1102230246251565e-16,-0.30481607203449634,-0.5230464234044322
IA-NSGA-III,1,1809036,42,True,0.0,60870067.020443715,4767727.121348567,56102339.89909517,17490480.2636051,经过处理的数据 / public-data surrogate; not author-run logs,0.7065347780000246,0.7465864862330885,0.7610761124216723,-0.6350931360711665,-0.20167370014974215,-0.33571629610486364,-0.22238490477042827,0.0,-0.32193609601024675,-0.502391286673961
IA-NSGA-III,1,1809036,43,True,0.0,60001445.00014395,4673010.8862431655,55328434.11390078,17390399.629565924,经过处理的数据 / public-data surrogate; not author-run logs,0.6922565076227061,0.7438503222255773,0.7647125192263505,-0.6423424193115383,-0.20211836087894297,-0.3395173314832949,-0.23348155092340606,0.0,-0.3121199784455029,-0.5158442920093759
IA-NSGA-III,1,1809036,44,True,0.0,58641015.71172014,4283666.127796837,54357349.5839233,17009075.551347032,经过处理的数据 / public-data surrogate; not author-run logs,0.6821121254556932,0.7174099672549223,0.7737102323930249,-0.6721416446396005,-0.20695102436739188,-0.3539999167094271,-0.25086103483814337,-1.1102230246251565e-16,-0.2961616578590246,-0.5369462676419072
IA-NSGA-III,1,1809036,45,True,0.0,62062120.841131404,5432314.508898335,56629806.33223308,17720578.9816086,经过处理的数据 / public-data surrogate; not author-run logs,0.7175914604639824,0.7588097479998519,0.7421002496964411,-0.5842277041315872,-0.19246972492602782,-0.3269772091070672,-0.20715641742571245,0.0,-0.3349599607520025,-0.4706759815858128
IA-NSGA-III,1,1809036,46,True,0.0,59375987.90300147,4549950.409902265,54826037.49309922,16342509.408862635,经过处理的数据 / public-data surrogate; not author-run logs,0.689543171235009,0.7204477932181113,0.7669471145577037,-0.6517610817794617,-0.20337053124345134,-0.37931591829127065,-0.24147176522681912,-0.0063572186330441705,-0.3048739610458996,-0.5258599380812083
IA-NSGA-III,1,1809036,47,True,0.0,59286938.36028485,4552287.559779877,54734650.80050497,17648973.94263836,经过处理的数据 / public-data surrogate; not author-run logs,0.6880175986853193,0.7364617038106623,0.7674179062686852,-0.651582203666125,-0.20321601206465129,-0.32969674909612534,-0.2426093731189951,0.0,-0.3038298751542803,-0.5260320601852939
IA-NSGA-III,1,1809036,48,True,0.0,61092400.094859466,5236723.389023523,55855676.70583595,17125551.334331486,经过处理的数据 / public-data surrogate; not author-run logs,0.6980728013602663,0.7538815095882794,0.747263035670313,-0.5991976343203892,-0.19428191753978646,-0.3495761980139491,-0.21954459978478702,0.0,-0.32440376845707,-0.48396891541316556
IA-NSGA-III,2,1809037,1,True,0.0,59904802.688928336,5011606.835300925,54893195.853627406,18098986.708931565,经过处理的数据 / public-data surrogate; not author-run logs,0.7061955969234003,0.744599884001961,0.7531188645941385,-0.6164273485105218,-0.19634048339454468,-0.31260538609819866,-0.23471615643179,-0.026886815006982867,-0.31101024580073855,-0.49506506610800016
IA-NSGA-III,2,1809037,2,True,0.0,61473039.048977144,5734984.297814906,55738054.751162246,18462012.25681144,经过处理的数据 / public-data surrogate; not author-run logs,0.7204931721982037,0.7592294125551518,0.7349759616102564,-0.5610623088250899,-0.18670732427518844,-0.29881777409900145,-0.21468193721444861,-1.1102230246251565e-16,-0.3285870372031533,-0.45783405258927934
IA-NSGA-III,2,1809037,3,True,0.0,61314955.564677425,5846166.739804234,55468788.8248732,18502988.275091927,经过处理的数据 / public-data surrogate; not author-run logs,0.712345593104863,0.7608641254616272,0.7313101806833507,-0.5525527538112116,-0.1846534946333368,-0.29726151602123574,-0.21670145369792249,0.0,-0.3268559864409789,-0.45148400653190035
IA-NSGA-III,2,1809037,4,True,0.0,59508993.04645685,5213427.713521093,54295565.33293575,18614685.415170763,经过处理的数据 / public-data surrogate; not author-run logs,0.7033918660913884,0.7477657058382782,0.7502523283793218,-0.6009806121784615,-0.19239260745932757,-0.2930192888892308,-0.23977262454311754,-1.1102230246251565e-16,-0.3064275974594495,-0.49308507220835607
IA-NSGA-III,2,1809037,5,True,0.0,60372704.90508787,4757315.198461243,55615389.706626624,16283201.5319405,经过处理的数据 / public-data surrogate; not author-run logs,0.7056252414906221,0.7418055211508147,0.7616283746750896,-0.6358900319571055,-0.20120089358361148,-0.3815684153958797,-0.2287387057045741,-1.1102230246251565e-16,-0.3163500733504212,-0.5115448613695802
IA-NSGA-III,2,1809037,6,True,0.0,60877079.585008755,5447465.034571872,55429614.55043688,17933840.521573607,经过处理的数据 / public-data surrogate; not author-run logs,0.7072917771220769,0.7562343606430297,0.7425151335751492,-0.5830681304668847,-0.1905169782830165,-0.31887759357157386,-0.22229531925937218,-0.030666114377943643,-0.3220142036812843,-0.47411140185830847
IA-NSGA-III,2,1809037,7,True,0.0,58992656.6939359,4450008.039949693,54542648.65398621,17839943.65793108,经过处理的数据 / public-data surrogate; not author-run logs,0.6840697828720556,0.7459211243937259,0.7691950271853027,-0.6594103569717661,-0.20456674628103116,-0.32244377102493893,-0.24636882135363225,-0.012579172395430716,-0.30035706826807995,-0.5264264015711552
IA-NSGA-III,2,1809037,8,True,0.0,59571046.074430436,4703049.587716702,54867996.48671372,17860765.013673082,经过处理的数据 / public-data surrogate; not author-run logs,0.6936915139000545,0.7474826166619757,0.7623419547078568,-0.6400433514177151,-0.20105141847197844,-0.3216529815723933,-0.23897989712192447,-0.0051149286620025824,-0.3071500670236532,-0.5140908247289327
IA-NSGA-III,2,1809037,9,True,0.0,59511173.43441644,4126112.9785515796,55385060.45586487,17623029.198426824,经过处理的数据 / public-data surrogate; not author-run logs,0.703138473318093,0.7342996899389611,0.7780260333690915,-0.6842002679898681,-0.21066658342573752,-0.33068212345530246,-0.2397447700873262,-0.014948203515182668,-0.30645300877010484,-0.5357731453023669
IA-NSGA-III,2,1809037,10,True,0.0,61073896.782095686,5265002.543298934,55808894.238796756,18687102.35851414,经过处理的数据 / public-data surrogate; not author-run logs,0.7209496452894192,0.7562008378018513,0.7485199528309933,-0.5970332366443996,-0.1937929161113818,-0.2902689129919489,-0.2197809796020137,-1.1102230246251565e-16,-0.32419908578520984,-0.48294453512458335
IA-NSGA-III,2,1809037,11,True,0.0,59503424.69567431,4565585.4194655195,54937839.27620879,17518637.777715348,经过处理的数据 / public-data surrogate; not author-run logs,0.6985846669834265,0.7406047127210489,0.7652832027245401,-0.6505644272390461,-0.2032718882515443,-0.3346468813441634,-0.23984376022336218,-0.02990455878305065,-0.30636269271740835,-0.5172525827105481
IA-NSGA-III,2,1809037,12,True,0.0,59668885.48472914,4895659.5746997725,54773225.91002937,18263057.96115419,经过处理的数据 / public-data surrogate; not author-run logs,0.7066038293467963,0.7420454426589808,0.7580678050756757,-0.6253015877801423,-0.1979528906074054,-0.30637400437016526,-0.23772999867296962,0.0,-0.3082861369924018,-0.506644782080308
IA-NSGA-III,2,1809037,13,True,0.0,60005340.26880394,4739020.984612463,55266319.284191474,18394713.122175284,经过处理的数据 / public-data surrogate; not author-run logs,0.6973433570313525,0.7559472586703748,0.7615014468555894,-0.6372902136440375,-0.20102334619913453,-0.3013737770075132,-0.2334317888669759,-2.220446049250313e-16,-0.3121646324292615,-0.5077394277640008
IA-NSGA-III,2,1809037,14,True,0.0,55640432.786597595,4148911.1986084357,51491521.587989174,15830554.946260992,经过处理的数据 / public-data surrogate; not author-run logs,0.6604223723497645,0.6803253111157902,0.7774436406482695,-0.6824553638096654,-0.20543352035881712,-0.3987598101408456,-0.2891934811664797,-0.06084537993869088,-0.2582049920729259,-0.5595696685402107
IA-NSGA-III,2,1809037,15,True,0.0,58262134.66810222,4825908.829963774,53436225.83813843,17660004.729566097,经过处理的数据 / public-data surrogate; not author-run logs,0.6991484599720335,0.7149209367978384,0.760241789833948,-0.6306400907754888,-0.1971690351296741,-0.32927780279580654,-0.2557012401021638,-0.004125825296757868,-0.29158456834577895,-0.5169016564170519
IA-NSGA-III,2,1809037,16,True,0.0,58366674.736194566,4436906.353350878,53929768.3828437,16321907.828570422,经过处理的数据 / public-data surrogate; not author-run logs,0.686461839549028,0.7237812658062267,0.7693767723835228,-0.660413118926733,-0.20398219748846777,-0.38009836073174963,-0.2543657407511012,-0.027260387981027034,-0.29285340536275006,-0.5319854422948201
IA-NSGA-III,2,1809037,17,True,0.0,58522446.70467566,4170713.3627103595,54351733.3419653,17223978.959315866,经过处理的数据 / public-data surrogate; not author-run logs,0.6856521844022372,0.7310488354517672,0.7756241635490335,-0.6807866946247888,-0.20873309990340616,-0.3458379434717752,-0.2523757538817941,0.0,-0.2947356509497676,-0.5388871901347496
IA-NSGA-III,2,1809037,18,True,0.0,59723549.32531863,5254060.648601653,54469488.67671697,18660661.259427764,经过处理的数据 / public-data surrogate; not author-run logs,0.7063696373430186,0.7467729029780403,0.7482816654137389,-0.5978706949086415,-0.19202698587147943,-0.29127313877485694,-0.23703166811927845,-0.013427498083880107,-0.3089192496718748,-0.48913702092300637
IA-NSGA-III,2,1809037,19,True,0.0,60012690.988933206,5285413.062687698,54727277.92624551,18158897.132446706,经过处理的数据 / public-data surrogate; not author-run logs,0.7090272672860768,0.738421526852377,0.7475349210877332,-0.5954710795763151,-0.19192841088125234,-0.3103300044371601,-0.23333788341864758,0.0,-0.3122488826969749,-0.4858791776760182
IA-NSGA-III,2,1809037,20,True,0.0,60206539.55511756,5353397.5218286365,54853142.03328893,18282747.68337388,经过处理的数据 / public-data surrogate; not author-run logs,0.7064731254228022,0.7490607780325388,0.7447988585066453,-0.5902677625345459,-0.1910827899861653,-0.3056261940523446,-0.2308614680205352,0.0,-0.3144632529126694,-0.47917423141734583
IA-NSGA-III,2,1809037,21,True,0.0,60733628.73374165,5286735.670868516,55446893.062873125,17613881.42297252,经过处理的数据 / public-data surrogate; not author-run logs,0.7117633864009852,0.7463926964688534,0.7470162089828785,-0.595369851298944,-0.19295208633019856,-0.33102955348979,-0.22412790385848835,0.0,-0.3204128233314404,-0.48214609900356364
IA-NSGA-III,2,1809037,22,True,0.0,61076531.19541913,5849474.082645856,55227057.11277328,17863116.107125074,经过处理的数据 / public-data surrogate; not author-run logs,0.7079461872322449,0.7545299477635228,0.7311133109903166,-0.5522996201746682,-0.18422713981692895,-0.3215636876797754,-0.2197473249722809,-1.1102230246251565e-16,-0.32422823509833487,-0.45335376177745246
IA-NSGA-III,2,1809037,23,True,0.0,60404042.96218926,5326422.39433629,55077620.56785296,17627903.68901091,经过处理的数据 / public-data surrogate; not author-run logs,0.7000243227165229,0.7489436110965517,0.7459636940752541,-0.5923323540950061,-0.19182010121954196,-0.3304969916229573,-0.22833836203074476,-0.03782373325182253,-0.3167047559078803,-0.48127398028758916
IA-NSGA-III,2,1809037,24,True,0.0,61389320.73900211,5441263.175785874,55948057.563216224,17420329.958945103,经过处理的数据 / public-data surrogate; not author-run logs,0.7200819649202364,0.7489802855513994,0.7423519281800732,-0.5835428012654701,-0.1913646622851634,-0.3383805856787687,-0.21575143860931034,-0.05361705185580834,-0.32767141282640444,-0.47096964025345933
IA-NSGA-III,2,1809037,25,True,0.0,60311256.024968,5379796.84058365,54931459.184384346,18462731.26896038,经过处理的数据 / public-data surrogate; not author-run logs,0.7059620860574055,0.7509835106174493,0.7447123900339483,-0.5882472415668893,-0.19079945610224913,-0.2987904662122971,-0.22952371513704473,0.0,-0.3156535280427051,-0.47713840385602635
IA-NSGA-III,2,1809037,26,True,0.0,59755306.264138654,4647209.184161181,55108097.07997747,16531111.343384402,经过处理的数据 / public-data surrogate; not author-run logs,0.698514655712354,0.7400205236422198,0.7649568640937403,-0.6443172005754668,-0.2022293470705523,-0.3721528678925571,-0.23662597323156886,-0.02531267435660156,-0.3092865243204367,-0.5201775054685465
IA-NSGA-III,2,1809037,27,True,0.0,59028928.532291815,5108706.563838366,53920221.96845344,17109562.790556483,经过处理的数据 / public-data surrogate; not author-run logs,0.7043305125430092,0.7166562796239982,0.7517365664897796,-0.6089956401666692,-0.19345418778788026,-0.3501834385767397,-0.2459054486251644,-2.220446049250313e-16,-0.30078698180297925,-0.49861064178186143
IA-NSGA-III,2,1809037,28,True,0.0,59992838.72794469,5122301.942016566,54870536.78592812,17681670.529280957,经过处理的数据 / public-data surrogate; not author-run logs,0.7039257925933268,0.7412406199430674,0.7510676028725111,-0.6079550926083328,-0.19461811025070574,-0.3284549415898519,-0.23359149604920248,0.0,-0.3120212986225197,-0.49139183042086154
IA-NSGA-III,2,1809037,29,True,0.0,59329429.60027419,4995471.940621333,54333957.659652844,18598849.982253753,经过处理的数据 / public-data surrogate; not author-run logs,0.7036573391556692,0.740945453850642,0.7550276250677184,-0.6176622626881787,-0.19580111296741265,-0.293620714343098,-0.2420665475357796,0.0,-0.3043284663601544,-0.5024236397246096
IA-NSGA-III,2,1809037,30,True,0.0,59141481.363305904,4986935.310148919,54154546.05315699,18669335.73950115,经过处理的数据 / public-data surrogate; not author-run logs,0.701551686038983,0.740295661826345,0.755321561687478,-0.6183156295808139,-0.19567787625213187,-0.2909436843707659,-0.24446758622921883,-0.029932718437242656,-0.3021176621117212,-0.5017652525308729
IA-NSGA-III,2,1809037,31,True,0.0,59328372.68512949,5187437.175018748,54140935.510110736,17692131.02960918,经过处理的数据 / public-data surrogate; not author-run logs,0.6860412819194022,0.747099353343458,0.7495131806364689,-0.6029698463890867,-0.1925639733530233,-0.3280576546201459,-0.24208004962656293,-0.017991280199201376,-0.30431607320412535,-0.4934780792334609
IA-NSGA-III,2,1809037,32,True,0.0,59233460.396141656,4791219.493492411,54442240.902649246,17948010.019610878,经过处理的数据 / public-data surrogate; not author-run logs,0.6893334440527998,0.7426447128987154,0.7610614249002705,-0.6332951036697578,-0.19911295640251842,-0.31833943987329494,-0.24329255410129835,-0.0036741125179653444,-0.3032013493054597,-0.5112590596820012
IA-NSGA-III,2,1809037,33,True,0.0,57982421.06537688,4347534.305719066,53634886.759657815,16745661.447946215,经过处理的数据 / public-data surrogate; not author-run logs,0.677345528182917,0.7233946049048201,0.7708488813145832,-0.6672533748378133,-0.2050197865864019,-0.36400431302262737,-0.2592745813266316,-0.0026440628852912873,-0.28816709406696595,-0.534750533190458
IA-NSGA-III,2,1809037,34,True,0.0,60701566.29915094,5705755.316324045,54995810.982826896,16659938.635481708,经过处理的数据 / public-data surrogate; not author-run logs,0.7150675233334478,0.7374540180815453,0.735157710299926,-0.5632994032938369,-0.18600316162840344,-0.3672600422258284,-0.2245375014546135,0.0,-0.32005386687069204,-0.4610162123329209
IA-NSGA-III,2,1809037,35,True,0.0,58368253.58054592,4923104.606654625,53445148.97389129,17332556.615182865,经过处理的数据 / public-data surrogate; not author-run logs,0.6743313928526684,0.7374533709430097,0.7558720564135624,-0.6232010312075507,-0.1956544130644421,-0.3417141935053626,-0.25434557101479693,0.0,-0.29287253347329023,-0.5094254608841626
IA-NSGA-III,2,1809037,36,True,0.0,57806123.0349892,4586341.063658201,53219781.97133101,16335068.268716656,经过处理的数据 / public-data surrogate; not author-run logs,0.6811257761534788,0.7138479176162992,0.7651231772122158,-0.6489758554021092,-0.20065994356891648,-0.3795985307789139,-0.26152678863310064,-0.01840916904292933,-0.28599613478631725,-0.5297377205146625
IA-NSGA-III,2,1809037,37,True,0.0,58203361.79032003,4707568.4241713565,53495793.366148666,17498426.557041224,经过处理的数据 / public-data surrogate; not author-run logs,0.6758494931564367,0.7344581577310201,0.7625167131309931,-0.6396974938639362,-0.1991186165305956,-0.3354144980320588,-0.2564520636052521,-0.01751937788584168,-0.29086922111663394,-0.5211632330771405
IA-NSGA-III,2,1809037,38,True,0.0,58007623.31487241,4532112.622444784,53475510.69242762,16669739.571609832,经过处理的数据 / public-data surrogate; not author-run logs,0.6796583325252094,0.7223717075130984,0.765475844845114,-0.6531263300235133,-0.2018703962780215,-0.36688780532582865,-0.25895262259386265,-0.014446655328160918,-0.2884763601507886,-0.525664810779019
IA-NSGA-III,2,1809037,39,True,0.0,60102451.02494412,5723654.343352937,54378796.68159118,18423760.850542173,经过处理的数据 / public-data surrogate; not author-run logs,0.7056118329273035,0.7496309883617596,0.7346592033163937,-0.5619294679652724,-0.18476837057814055,-0.30027055215042064,-0.23219119897476492,-1.1102230246251565e-16,-0.3132760049524391,-0.46414544072014197
IA-NSGA-III,2,1809037,40,True,0.0,59203315.06512891,5262511.706942063,53940803.35818685,17192543.353858512,经过处理的数据 / public-data surrogate; not author-run logs,0.7046262548627779,0.7211331828344527,0.7480138395888067,-0.5972238774383065,-0.19111119873688104,-0.3470318592541136,-0.2436776606995601,-0.0010974653363304832,-0.3028465511670224,-0.491026323367282
IA-NSGA-III,2,1809037,41,True,0.0,57949590.95673512,4551196.6880004555,53398394.26873466,17344510.85926848,经过处理的数据 / public-data surrogate; not author-run logs,0.6745104879346213,0.7287467805277635,0.7662801169977381,-0.6516656955669502,-0.2014628332510862,-0.34126017455226487,-0.2596939859586207,0.0,-0.28776382026898506,-0.5292468203010916
IA-NSGA-III,2,1809037,42,True,0.0,59131584.63780177,4797586.195259521,54333998.442542255,17949066.165034786,经过处理的数据 / public-data surrogate; not author-run logs,0.695074577619084,0.7307424186070605,0.7598688171866622,-0.6328078163069801,-0.1988659288492582,-0.3182993277561048,-0.24459401689575277,-0.014309086204115307,-0.30200085905334606,-0.5098883086025532
IA-NSGA-III,2,1809037,43,True,0.0,59029641.03177948,4897116.678538379,54132524.3532411,17677811.48022843,经过处理的数据 / public-data surrogate; not author-run logs,0.6921060450484665,0.7357391010146883,0.7562600602739764,-0.6251900656274201,-0.19703970085296738,-0.32860150722781545,-0.24589634644433767,0.0,-0.3007954214429386,-0.5038518073001096
IA-NSGA-III,2,1809037,44,True,0.0,58108365.66873682,4884243.886340935,53224121.782395884,16989144.977595847,经过处理的数据 / public-data surrogate; not author-run logs,0.6953365204585179,0.7055811492249123,0.7585522249850395,-0.6261753087235997,-0.19594594289254413,-0.35475687450319005,-0.2576656390413783,-0.0013047265133115937,-0.28970992721955147,-0.514955812828834
IA-NSGA-III,2,1809037,45,True,0.0,59170816.90394439,5051373.255221154,54119443.64872323,17924890.7281392,经过处理的数据 / public-data surrogate; not author-run logs,0.6997959079738065,0.7315340190727185,0.7534072572840309,-0.6133837515903476,-0.1946306655961611,-0.31921750430256013,-0.24409282470284266,-0.012813035062345213,-0.30246365624793936,-0.50061403301245
IA-NSGA-III,2,1809037,46,True,0.0,59077693.682567485,4679946.875967957,54397746.80659953,17342183.969024517,经过处理的数据 / public-data surrogate; not author-run logs,0.6939336157887609,0.7351646162672553,0.7625149454675908,-0.6418115604359572,-0.20078318254747807,-0.34134854921359614,-0.24528247383917046,0.0,-0.3013641408926738,-0.5149941775129814
IA-NSGA-III,2,1809037,47,True,0.0,58313188.848628044,4986296.804288426,53326892.04433962,16592068.110892292,经过处理的数据 / public-data surrogate; not author-run logs,0.6953434699333086,0.705797698372369,0.7554592876561315,-0.6183644988145645,-0.1944910970787059,-0.36983774637002953,-0.2550490229551361,-1.1102230246251565e-16,-0.2922047980064967,-0.5092337896865351
IA-NSGA-III,2,1809037,48,True,0.0,59153272.08481676,5410884.255672584,53742387.829144165,17711971.166568123,经过处理的数据 / public-data surrogate; not author-run logs,0.690762696623925,0.7418893834727737,0.7449543330625564,-0.5858679084257452,-0.18852772695457656,-0.3273041315912616,-0.24431695976404,-0.030201149402428906,-0.3022567674562504,-0.4856931124091197
IA-NSGA-III,3,1809038,1,True,0.0,60572128.14580278,5512822.775718311,55059305.37008446,18433257.560466833,经过处理的数据 / public-data surrogate; not author-run logs,0.698027517851475,0.7505084121407501,0.7392767822040158,-0.5780658541729189,-0.18898746759485768,-0.2999098696792424,-0.22619107384033732,0.0,-0.3186008723244773,-0.4693749645422952
IA-NSGA-III,3,1809038,2,True,0.0,61761506.21821878,5947690.282666337,55813815.93555245,18177025.66180636,经过处理的数据 / public-data surrogate; not author-run logs,0.7136547762616919,0.7624083635105656,0.7271384100126093,-0.5447824606090546,-0.18369907330867769,-0.3096414878013841,-0.21099676917931065,0.0,-0.33172298074840667,-0.4418093990315185
IA-NSGA-III,3,1809038,3,True,0.0,57676161.64334233,4096252.1522545097,53579909.49108781,17711428.212058585,经过处理的数据 / public-data surrogate; not author-run logs,0.6721028199797072,0.7250257686628977,0.7768124355057044,-0.6864857218761855,-0.20897841958372854,-0.32732475285649887,-0.2631870453879963,0.0,-0.284387273632584,-0.547957663834183
IA-NSGA-III,3,1809038,4,True,0.0,60783059.28465725,5568296.798024548,55214762.48663269,18547056.01004593,经过处理的数据 / public-data surrogate; not author-run logs,0.699344818548581,0.753434682403839,0.7377449653870061,-0.5738200466856058,-0.1883906459537142,-0.2955878353814635,-0.22349642857943908,0.0,-0.32096548338069164,-0.46386293790628974
IA-NSGA-III,3,1809038,5,True,0.0,60655570.31693467,5374897.578230768,55280672.73870389,17756656.626170583,经过处理的数据 / public-data surrogate; not author-run logs,0.7013076374264231,0.7504677477123575,0.742415093465334,-0.5886222157244392,-0.19138657916913315,-0.3256069899366242,-0.2251251001191471,-0.002325087556731109,-0.31953825404100433,-0.4734124616198455
IA-NSGA-III,3,1809038,6,True,0.0,61600988.21376228,6235489.221595768,55365498.992166504,18349890.08129677,经过处理的数据 / public-data surrogate; not author-run logs,0.6985788428655522,0.7679988833531923,0.7181462413501721,-0.5227552334683621,-0.1787761495001034,-0.3030761439617574,-0.21304738665734924,0.0,-0.3299816045681714,-0.42919066674579553
IA-NSGA-III,3,1809038,7,True,0.0,57045130.53418531,3913955.361254422,53131175.17293088,16878347.18438015,经过处理的数据 / public-data surrogate; not author-run logs,0.6755662217303731,0.7041956070903606,0.7821314859814479,-0.7004381458750901,-0.21138844061529646,-0.35896494468488094,-0.27124846769389177,0.0,-0.2764711923085892,-0.5612001291137034
IA-NSGA-III,3,1809038,8,True,0.0,62490030.343631044,6672322.444279267,55817707.89935177,18700602.776836134,经过处理的数据 / public-data surrogate; not author-run logs,0.7148074515739348,0.771594196829841,0.7070945401063036,-0.48932139019415355,-0.17322580885961586,-0.2897561707600659,-0.20168987360830315,-0.0020689524513914925,-0.33951391841168144,-0.40299944612436644
IA-NSGA-III,3,1809038,9,True,0.0,60649973.81608101,5683317.193838613,54966656.622242406,17847454.93830112,经过处理的数据 / public-data surrogate; not author-run logs,0.7097704233344325,0.7412127094333724,0.7350335343226416,-0.5650167467365744,-0.18629316327368783,-0.32215849463058,-0.22519659541654513,-0.009029291771051828,-0.31947546415829664,-0.46530756239740656
IA-NSGA-III,3,1809038,10,True,0.0,61213752.74232444,5856748.194127878,55357004.54819657,18241618.674377523,经过处理的数据 / public-data surrogate; not author-run logs,0.7023312993787716,0.7629526531576097,0.7283601707937467,-0.5517428825214397,-0.18432300044106917,-0.30718826267606825,-0.2179943197352654,-1.1102230246251565e-16,-0.3257430980626279,-0.4492221175391222
IA-NSGA-III,3,1809038,11,True,0.0,59869286.25171344,4999211.5778271025,54870074.673886344,18606980.466012634,经过处理的数据 / public-data surrogate; not author-run logs,0.6962459748852624,0.7473700396180684,0.7521582909371692,-0.617376042598342,-0.19649789247848223,-0.29331192077171464,-0.2351698789108173,0.0,-0.3106015143312527,-0.4934532535770768
IA-NSGA-III,3,1809038,12,True,0.0,59057756.00546114,4807595.008823855,54250160.9966373,17162790.084083054,经过处理的数据 / public-data surrogate; not author-run logs,0.6926743968423238,0.7255111132953344,0.7562867012793866,-0.6320417731429208,-0.19859502741046764,-0.34816188038283924,-0.24553717766061522,0.0,-0.30112828404480263,-0.5083250958330223
IA-NSGA-III,3,1809038,13,True,0.0,59517236.11539603,4393722.300269116,55123513.81512692,18220315.82800944,经过处理的数据 / public-data surrogate; not author-run logs,0.6923364438390488,0.7472037587790715,0.7700589738215996,-0.6637182907582417,-0.20617731287537833,-0.30799733901220205,-0.23966731933890328,-1.1102230246251565e-16,-0.3065236564417142,-0.5260975379398123
IA-NSGA-III,3,1809038,14,True,0.0,56970490.85411106,3922433.1433721064,53048057.71073896,16702185.595226161,经过处理的数据 / public-data surrogate; not author-run logs,0.6704948095148268,0.7091387631959584,0.781962306326698,-0.699789283050751,-0.21114973937267634,-0.36565551413543906,-0.27220198959340525,-0.004840972824235457,-0.2755232636893873,-0.5606092646309417
IA-NSGA-III,3,1809038,15,True,0.0,60173812.69414982,5228963.882711875,54944848.81143794,18072286.50825112,经过处理的数据 / public-data surrogate; not author-run logs,0.708909623245487,0.732610855735913,0.7468386890722576,-0.5997915225698112,-0.19310233391243564,-0.3136194524894833,-0.23127955366350716,0.0,-0.3140904085671692,-0.4873107172314982
IA-NSGA-III,3,1809038,16,True,0.0,61165854.60408772,5809588.728804257,55356265.87528345,18297166.00847755,经过处理的数据 / public-data surrogate; not author-run logs,0.6993641928407616,0.7613417205909662,0.7307581259501131,-0.5553523199237496,-0.18501908676976125,-0.3050785899694676,-0.21860621844261785,-1.1102230246251565e-16,-0.3252150967699933,-0.45150491877735033
IA-NSGA-III,3,1809038,17,True,0.0,59749510.89408741,5086261.175230463,54663249.718856946,17883763.239480235,经过处理的数据 / public-data surrogate; not author-run logs,0.6971689272800777,0.7411340224729512,0.7511060696990861,-0.6107135397356063,-0.19487359312034502,-0.3207795151842815,-0.23670000908293032,-0.025690084926917045,-0.3092195289571099,-0.4960398626932204
IA-NSGA-III,3,1809038,18,True,0.0,60046161.46880457,5094434.237748634,54951727.23105594,18176122.48179267,经过处理的数据 / public-data surrogate; not author-run logs,0.6886210156224308,0.7525743250147062,0.7498735632088869,-0.6100879991926407,-0.1951580365316888,-0.30967579033371806,-0.23291029804431562,0.0,-0.3126322437539537,-0.490792451239475
IA-NSGA-III,3,1809038,19,True,0.0,60278744.12397925,5238003.594299585,55040740.52967967,18179571.903963603,经过处理的数据 / public-data surrogate; not author-run logs,0.6960386992143335,0.7561049650173852,0.7462340400836263,-0.5990996514282096,-0.19310363760190097,-0.3095447822137882,-0.22993905466632392,0.0,-0.31528441941143515,-0.48297671213269255
IA-NSGA-III,3,1809038,20,True,0.0,60575346.32010567,5299482.760717996,55275863.559387684,18494387.92795537,经过处理的数据 / public-data surrogate; not author-run logs,0.6906928618622719,0.7613792584880478,0.7451326208954386,-0.5943942290657913,-0.1925141978930951,-0.2975881548764616,-0.2261499616641972,-1.1102230246251565e-16,-0.3186370728795861,-0.481215500745538
IA-NSGA-III,3,1809038,21,True,0.0,60639968.16884264,5898466.591121317,54741501.57772131,18563145.23127544,经过处理的数据 / public-data surrogate; not author-run logs,0.6872998553530631,0.7711086834978187,0.7291001336635072,-0.5485498874049934,-0.18272972151472863,-0.2949767711162148,-0.2253244175582143,-2.220446049250313e-16,-0.3193631770208145,-0.4538691112958473
IA-NSGA-III,3,1809038,22,True,0.0,60096767.7335501,5061299.52941935,55035468.204130754,17216073.279246632,经过处理的数据 / public-data surrogate; not author-run logs,0.7016126166080537,0.7373161530442746,0.7511441480362036,-0.6126240257302114,-0.19578083613648678,-0.34613819905990384,-0.23226380302130056,0.0,-0.31321106214905203,-0.49209983081993025
IA-NSGA-III,3,1809038,23,True,0.0,59194290.959076874,4245688.247606801,54948602.711470075,18302422.71086089,经过处理的数据 / public-data surrogate; not author-run logs,0.6851663030644052,0.7427556363920035,0.7742385453925273,-0.675048352344569,-0.2082753762429219,-0.3048789418364918,-0.2437929436527504,-1.1102230246251565e-16,-0.30274027087284416,-0.5342577844457866
IA-NSGA-III,3,1809038,24,True,0.0,59636698.16795628,5067406.4345620945,54569291.733394176,18054680.83382198,经过处理的数据 / public-data surrogate; not author-run logs,0.6809514784994486,0.7464904734085402,0.7507000668354791,-0.6121566223853405,-0.19502872241030794,-0.3142881112365903,-0.2381411916389492,0.0,-0.30791280288926115,-0.49618939853109156
IA-NSGA-III,3,1809038,25,True,0.0,58541782.251251936,4796279.315488724,53745502.93576321,16567909.29659177,经过处理的数据 / public-data surrogate; not author-run logs,0.6898821376782984,0.7097658635964631,0.7587350527951326,-0.6329078407812329,-0.19807083537525622,-0.3707552915948259,-0.2521287422777626,0.0,-0.29496859007709253,-0.517696851253006
IA-NSGA-III,3,1809038,26,True,0.0,60451078.44840638,6158570.116647133,54292508.33175926,18430534.072925135,经过处理的数据 / public-data surrogate; not author-run logs,0.6918849829783564,0.7571754042954426,0.721441515301314,-0.5286423802468212,-0.1781230728265116,-0.3000133069985409,-0.22773748370278735,0.0,-0.3172364110058642,-0.4455778984102393
IA-NSGA-III,3,1809038,27,True,0.0,60565014.05565469,5873149.1539625665,54691864.90169212,18307879.79964002,经过处理的数据 / public-data surrogate; not author-run logs,0.683557190294826,0.7641867981382182,0.7286637799991071,-0.550487604552216,-0.1830273624874324,-0.3046716830824695,-0.2262819563406987,-2.220446049250313e-16,-0.3185208337923858,-0.4515751289394988
IA-NSGA-III,3,1809038,28,True,0.0,60281443.95388899,6228463.049060624,54052980.904828355,18807217.722551078,经过处理的数据 / public-data surrogate; not author-run logs,0.6858192875587685,0.7594357075450877,0.7188533892438684,-0.5232929946530872,-0.17667694334221734,-0.28570696399371576,-0.22990456433971296,0.0,-0.31531508582356604,-0.43581580724900937
IA-NSGA-III,3,1809038,29,True,0.0,60118146.213746846,5630635.8159115035,54487510.39783534,17096784.649000634,经过处理的数据 / public-data surrogate; not author-run logs,0.7021330212245674,0.7256910886753393,0.7357026978785504,-0.5690488139915884,-0.18634049499976135,-0.3506687489326411,-0.23199069294063523,0.0,-0.3134552896349594,-0.4691064725852341
IA-NSGA-III,3,1809038,30,True,0.0,57277669.93946299,4276289.706449991,53001380.233013004,16515675.219171563,经过处理的数据 / public-data surrogate; not author-run logs,0.6765963625207897,0.7007833466686825,0.7726953826592592,-0.6727062127686451,-0.20534106727858137,-0.37273912770997486,-0.26827777683332654,-1.4897249024370396e-05,-0.2794086190373588,-0.5463610827477761
IA-NSGA-III,3,1809038,31,True,0.0,59736710.88264054,5233571.739622173,54503139.143018365,17776735.644274548,经过处理的数据 / public-data surrogate; not author-run logs,0.7001596126092368,0.7336401206718575,0.7470582198866877,-0.599438851669868,-0.19238935551868416,-0.3248443942665422,-0.23686352922686005,0.0,-0.30907151280747636,-0.48942481995912956
IA-NSGA-III,3,1809038,32,True,0.0,58370143.7006361,5030674.9755572425,53339468.72507884,17717198.080189954,经过处理的数据 / public-data surrogate; not author-run logs,0.6630180861146114,0.7432873180255438,0.751011103712027,-0.6149679329263683,-0.19381424377918022,-0.327105614827381,-0.25432142473098507,0.0,-0.29289543140956487,-0.5010532946774333
IA-NSGA-III,3,1809038,33,True,0.0,56545343.60838206,4179980.454031421,52365363.15435064,17262524.00969784,经过处理的数据 / public-data surrogate; not author-run logs,0.6620087060300032,0.7067478597921941,0.7747411865295728,-0.6800774205523343,-0.2060773710567426,-0.34437401289647585,-0.27763324558106683,0.0,-0.27007614338943153,-0.5495095390126392
IA-NSGA-III,3,1809038,34,True,0.0,56148244.3223538,4126745.9417335102,52021498.380620286,16290937.591739692,经过处理的数据 / public-data surrogate; not author-run logs,0.6665866186316833,0.679054360213526,0.7749043783094569,-0.6841518229753314,-0.20650267178362042,-0.3812746019396732,-0.2827061888886001,0.0,-0.2649138761482517,-0.5534443174394179
IA-NSGA-III,3,1809038,35,True,0.0,59660217.997354366,5475143.033801547,54185074.96355282,18273872.033680163,经过处理的数据 / public-data surrogate; not author-run logs,0.6811466526534112,0.7540399195557154,0.7398554693743593,-0.5809497433105599,-0.18822790768139097,-0.30596328882413804,-0.23784072582262228,0.0,-0.3081856442121904,-0.47813861641296884
IA-NSGA-III,3,1809038,36,True,0.0,58002086.20471883,4338408.384479934,53663677.8202389,17800994.934904803,经过处理的数据 / public-data surrogate; not author-run logs,0.6671230199779578,0.733226762613048,0.7706078003973718,-0.6679518441954495,-0.20520254583313632,-0.3239230329779521,-0.2590233591750779,-0.00046189807298191443,-0.28840843527034865,-0.5342992330410641
IA-NSGA-III,3,1809038,37,True,0.0,60559040.65827434,6192626.683337272,54366413.97493707,18646785.75064349,经过处理的数据 / public-data surrogate; not author-run logs,0.6823174420357522,0.766326717789657,0.7199589704673335,-0.5260357975648059,-0.17774232524122463,-0.2918001268409208,-0.22635826649115742,0.0,-0.3184536143347798,-0.4363600395620123
IA-NSGA-III,3,1809038,38,True,0.0,60159062.862294115,5801963.829432599,54357099.032861516,18169328.73230004,经过处理的数据 / public-data surrogate; not author-run logs,0.689910351654122,0.7514251944049326,0.7291837916985313,-0.5559359057806301,-0.18355627974602157,-0.3099338150996641,-0.2314679827628089,0.0,-0.3139222368793054,-0.4557697299387681
IA-NSGA-III,3,1809038,39,True,0.0,58874423.78848527,5035026.682470145,53839397.10601513,17619935.32578424,经过处理的数据 / public-data surrogate; not author-run logs,0.6896155645980686,0.7284554692430522,0.751818793259021,-0.6146348669429537,-0.19447853994190767,-0.3307996279004304,-0.24787924669948214,0.0,-0.2989520300312074,-0.5029579858474758
IA-NSGA-III,3,1809038,40,True,0.0,60225046.995735034,5664088.099860326,54560958.89587471,17964514.086175334,经过处理的数据 / public-data surrogate; not author-run logs,0.6888487188215935,0.7518468480101536,0.7334111070854642,-0.5664884812132374,-0.1859512880037862,-0.31771261989456734,-0.23062503546997826,-1.1102230246251565e-16,-0.31467392158410623,-0.46477510017824386
IA-NSGA-III,3,1809038,41,True,0.0,61290021.00631963,6268250.557587665,55021770.44873196,18480108.85413572,经过处理的数据 / public-data surrogate; not author-run logs,0.7012907300736495,0.7607862428032154,0.7171046092934062,-0.5202477836771626,-0.17772804031277223,-0.29813047023328165,-0.2170199926764551,-0.0009531179466212292,-0.32658213193067365,-0.4289404276197154
IA-NSGA-III,3,1809038,42,True,0.0,60512240.44404465,5775707.183652324,54736533.26039234,17994978.446735486,经过处理的数据 / public-data surrogate; not author-run logs,0.700298687939865,0.7455430132083093,0.7312588770419717,-0.5579455070067717,-0.1845530765136173,-0.31655559173040615,-0.22695613921951774,0.0,-0.317926505825451,-0.45418258243173404
IA-NSGA-III,3,1809038,43,True,0.0,56376650.99561851,3927107.2333522215,52449543.7622663,16221995.227166718,经过处理的数据 / public-data surrogate; not author-run logs,0.6645070207624967,0.698538365851498,0.7813644918893623,-0.6994315428796058,-0.21034160128352733,-0.3838930142761898,-0.27978829367875657,0.0,-0.2678920341825959,-0.5636795593410335
IA-NSGA-III,3,1809038,44,True,0.0,59111462.294306755,4466892.966353571,54644569.32795319,17904659.86618036,经过处理的数据 / public-data surrogate; not author-run logs,0.6880737670333659,0.743008847639346,0.7678924229842703,-0.6581180377209181,-0.20443271079788883,-0.3199858669611302,-0.24485107983027954,0.0,-0.3017632506787905,-0.5279178234871496
IA-NSGA-III,3,1809038,45,True,0.0,60864375.8018197,6027711.8271409515,54836663.97467874,18540756.12075245,经过处理的数据 / public-data surrogate; not author-run logs,0.6984859227629354,0.7559659065241612,0.7244474957183955,-0.538657862850466,-0.1809648624875779,-0.2958271034707858,-0.22245761008732579,0.0,-0.3218726925847154,-0.4415382419082825
IA-NSGA-III,3,1809038,46,True,0.0,59681538.43612467,5201076.792770302,54480461.64335437,17189025.967592504,经过处理的数据 / public-data surrogate; not author-run logs,0.6962346713669197,0.7346266683719243,0.7476455231790091,-0.6019259128727115,-0.19285283642048112,-0.3471654486319694,-0.2375683572211693,-1.1102230246251565e-16,-0.30843278572361066,-0.4942296089193249
IA-NSGA-III,3,1809038,47,True,0.0,60341917.81600847,5634952.156800497,54706965.65920797,18203283.772330854,经过处理的数据 / public-data surrogate; not author-run logs,0.6943792316986888,0.7489319349923914,0.7356939538333472,-0.5687184548125996,-0.1866162899564726,-0.3086442118745021,-0.22913201076202183,0.0,-0.3160012678773325,-0.46611130928046574
IA-NSGA-III,3,1809038,48,True,0.0,60188335.51170418,5889078.085999727,54299257.42570446,17762342.0770297,经过处理的数据 / public-data surrogate; not author-run logs,0.7005670727834193,0.7393819822639832,0.7269706522565571,-0.5492684541085195,-0.18215582411554576,-0.3253910580526457,-0.23109402467186446,0.0,-0.31425591139708586,-0.45317336943648234
IA-NSGA-III,4,1809039,1,True,0.0,60498744.04371508,4352625.844868181,56146118.19884688,17627535.140935667,经过处理的数据 / public-data surrogate; not author-run logs,0.6950615021355674,0.766480978862668,0.7731138264670373,-0.6668636844179998,-0.20805427759420814,-0.3305109889790502,-0.22712855573129853,-0.04714310083478768,-0.3177743450314201,-0.5248664594927546
IA-NSGA-III,4,1809039,2,True,0.0,61266612.52602486,4610429.467287158,56656183.05873769,17395800.234781668,经过处理的数据 / public-data surrogate; not author-run logs,0.7006458261670082,0.7742239746806399,0.7666023773917615,-0.6471322046222785,-0.20474809235897062,-0.3393122179597141,-0.21731903600800728,-0.033413004946399205,-0.3263248353666087,-0.5112423923838623
IA-NSGA-III,4,1809039,3,True,0.0,60089407.864984974,4276751.130934031,55812656.73405093,17354566.947078977,经过处理的数据 / public-data surrogate; not author-run logs,0.6903084890544658,0.7618910110372661,0.7751274617109161,-0.6726708967874395,-0.20882687177508102,-0.3408782470604651,-0.23235782534089533,-0.01308528717459101,-0.3131269428925282,-0.5301497791645762
IA-NSGA-III,4,1809039,4,True,0.0,63066810.74713287,5155753.988194284,57911056.758938596,18306217.663822215,经过处理的数据 / public-data surrogate; not author-run logs,0.7259768229571768,0.7932612367384589,0.7530702514894168,-0.6053947780282356,-0.19824933071586037,-0.3047348105507144,-0.19432150405738768,0.0,-0.34555442409339887,-0.48021456610923885
IA-NSGA-III,4,1809039,5,True,0.0,62818702.31086108,4797412.479210937,58021289.83165014,17652780.058764234,经过处理的数据 / public-data surrogate; not author-run logs,0.7211614018468283,0.7873128355096297,0.7619122525237281,-0.6328211119878966,-0.20363082485418543,-0.32955219383638146,-0.19749108928610037,-0.012621380751335232,-0.3429696290802885,-0.49582463447561254
IA-NSGA-III,4,1809039,6,True,0.0,61434459.26281832,4546067.38988159,56888391.87293673,17315396.868606027,经过处理的数据 / public-data surrogate; not author-run logs,0.7079654975792308,0.7727825588461296,0.7684398028781549,-0.6520582759397509,-0.20600134445013366,-0.34236591603339883,-0.21517479397568318,-0.013083447536870851,-0.3281654013844323,-0.5115895104700839
IA-NSGA-III,4,1809039,7,True,0.0,63985690.33152022,5724603.198394872,58261087.133125365,18336844.68899356,经过处理的数据 / public-data surrogate; not author-run logs,0.7410643084548787,0.7922520913179503,0.7357376531362912,-0.5618568455796233,-0.19053307124241725,-0.3035716044286707,-0.18258281753223737,-0.016245955508071397,-0.3549527235518789,-0.4452597958464549
IA-NSGA-III,4,1809039,8,True,0.0,63092779.58390373,4932004.252801257,58160775.331102476,17995752.938124593,经过处理的数据 / public-data surrogate; not author-run logs,0.7205428032212188,0.7915350603813749,0.7572664449529991,-0.622519880235025,-0.20182933950084658,-0.3165261767571844,-0.1939897521723143,0.0,-0.3458237923229841,-0.4860845055446562
IA-NSGA-III,4,1809039,9,True,0.0,63987852.20934345,5502981.91761235,58484870.29173109,17942394.535969023,经过处理的数据 / public-data surrogate; not author-run logs,0.7412191086422643,0.7883864915985488,0.7414002173307165,-0.5788190425535491,-0.19399958386462599,-0.3185527144213093,-0.1825551995434348,0.0,-0.3549745169603734,-0.45189789634433897
IA-NSGA-III,4,1809039,10,True,0.0,63634887.58707385,5467644.202730195,58167243.384343654,18079958.960884154,经过处理的数据 / public-data surrogate; not author-run logs,0.7318517871626155,0.7901658087251848,0.7430372700818848,-0.5815236802955704,-0.19407788384557725,-0.3133280548162223,-0.18706432252939542,0.0,-0.35139674406553145,-0.45851623230890326
IA-NSGA-III,4,1809039,11,True,0.0,63454851.62406293,5363664.223685385,58091187.40037756,18078528.026817426,经过处理的数据 / public-data surrogate; not author-run logs,0.7370929454692293,0.7864955190485007,0.7458581909576676,-0.5894819814103153,-0.19547274816018306,-0.31338240130457196,-0.18936428192445343,-0.018238825352727694,-0.34955650791643467,-0.4658283169790083
IA-NSGA-III,4,1809039,12,True,0.0,61348038.42451584,4343480.533806362,57004557.890709475,17076123.256530218,经过处理的数据 / public-data surrogate; not author-run logs,0.7030576995525676,0.7655986104727562,0.7732006458709569,-0.6675636378117835,-0.2091993575450552,-0.3514534630234507,-0.21627882016944167,0.0,-0.3272189895560508,-0.5194441473320008
IA-NSGA-III,4,1809039,13,True,0.0,63119990.469994955,5044328.1792207435,58075662.290774226,18479366.21778033,经过处理的数据 / public-data surrogate; not author-run logs,0.728893109506164,0.7927009019420255,0.7558920237843108,-0.6139229595869502,-0.20008350854205786,-0.2981586753609494,-0.19364213310739686,0.0,-0.346105806216493,-0.4833692417891484
IA-NSGA-III,4,1809039,14,True,0.0,64186038.44348988,5519505.270265864,58666533.17322402,17953603.147536412,经过处理的数据 / public-data surrogate; not author-run logs,0.7357796963192663,0.796690276970187,0.7411663846449358,-0.5775543970222673,-0.1940076969366898,-0.31812701438933244,-0.18002337043788763,-0.00406931365812091,-0.35696615212764826,-0.45167703433920736
IA-NSGA-III,4,1809039,15,True,0.0,62099750.149724945,4613673.382699098,57486076.76702586,17957935.29781655,经过处理的数据 / public-data surrogate; not author-run logs,0.7144874507717218,0.7799730140505765,0.7665185232956672,-0.6468839255220504,-0.20570544371635396,-0.31796248049486253,-0.20667570301520322,0.0,-0.33536294138885836,-0.5042903857176928
IA-NSGA-III,4,1809039,16,True,0.0,62488445.59226844,4873170.0917464625,57615275.50052199,17591776.328408457,经过处理的数据 / public-data surrogate; not author-run logs,0.7212389127491633,0.7779589637963402,0.759018821880672,-0.6270228621918272,-0.2020148613786385,-0.33186909899515393,-0.20171011880667522,-1.1102230246251565e-16,-0.3394971680155425,-0.49109425594303524
IA-NSGA-III,4,1809039,17,True,0.0,62787954.40407643,4926396.369377342,57861558.03469908,18419793.507338762,经过处理的数据 / public-data surrogate; not author-run logs,0.7192002065100317,0.7933714779049638,0.7585199649351667,-0.622949090024389,-0.2015391484539668,-0.3004212307709082,-0.1978838937897397,-0.0022570320767461016,-0.3426478745528243,-0.48975182178891374
IA-NSGA-III,4,1809039,18,True,0.0,62297723.06896384,4940067.016233724,57357656.0527301,17550607.783015706,经过处理的数据 / public-data surrogate; not author-run logs,0.7256104464730868,0.7685258961096382,0.7578898406009201,-0.6219027816377569,-0.2007022861691904,-0.33343266920050607,-0.2041465990075615,-2.220446049250313e-16,-0.3374750593322692,-0.4903073777572008
IA-NSGA-III,4,1809039,19,True,0.0,60708842.30420151,4443712.622480165,56265129.68172135,17159471.357486557,经过处理的数据 / public-data surrogate; not author-run logs,0.6930742967280847,0.7663513475730167,0.7701670070879065,-0.6598921884582288,-0.2068028765856959,-0.34828792472024517,-0.224444550491402,-0.0013805035679034239,-0.3201353589781182,-0.5208995296448374
IA-NSGA-III,4,1809039,20,True,0.0,59109092.56805992,4155177.977983352,54953914.590076566,16481966.366664292,经过处理的数据 / public-data surrogate; not author-run logs,0.678340943197572,0.7361073356848926,0.7751234341199629,-0.681975724193045,-0.20970323519686995,-0.37401938079966157,-0.24488135308265635,-0.03855392781141731,-0.3017352578628043,-0.5331752261749405
IA-NSGA-III,4,1809039,21,True,0.0,62596728.593177035,4863719.476913186,57733009.11626385,17378036.87241787,经过处理的数据 / public-data surrogate; not author-run logs,0.7184881314047683,0.7843143231106244,0.7597928479665446,-0.6277461825776707,-0.20230074021083388,-0.3399868656518765,-0.20032680348955878,-0.04812019841420123,-0.3406397393665268,-0.4936916557016501
IA-NSGA-III,4,1809039,22,True,0.0,61971553.84050307,4872851.422002497,57098702.41850059,17713380.217933826,经过处理的数据 / public-data surrogate; not author-run logs,0.7106542028009202,0.7837082297097053,0.7599417975872338,-0.6270472521734557,-0.20136954586383599,-0.32725061620197093,-0.20831341084243749,-0.049629451278608294,-0.33398805222430183,-0.4957264854765524
IA-NSGA-III,4,1809039,23,True,0.0,61519460.517113686,4820986.120504625,56698474.39660906,17700968.88462753,经过处理的数据 / public-data surrogate; not author-run logs,0.7192250511475724,0.7662843815348119,0.7606626190837602,-0.6310168595009318,-0.20163477897918974,-0.327721995279888,-0.21408890296736016,-0.0017492188919228102,-0.32909367323664496,-0.501888272222914
IA-NSGA-III,4,1809039,24,True,0.0,60684559.016965196,4531122.463086956,56153436.55387823,17166674.014271036,经过处理的数据 / public-data surrogate; not author-run logs,0.6936376564241761,0.7680671617743595,0.7681206926178163,-0.6532021137118115,-0.20533318958748276,-0.348014369766089,-0.224754769481475,-1.1102230246251565e-16,-0.3198633070982465,-0.5168850718953617
IA-NSGA-III,4,1809039,25,True,0.0,61108923.55705919,4545665.283476583,56563258.27358262,17169163.204516027,经过处理的数据 / public-data surrogate; not author-run logs,0.7024864537262394,0.7695805824049883,0.7678046845096879,-0.6520890519014372,-0.20561372351401086,-0.3479198309946704,-0.2193335125581597,-0.04812019841420123,-0.3245864453583208,-0.5131525259187246
IA-NSGA-III,4,1809039,26,True,0.0,60349210.303687125,4528845.631439302,55820364.67224783,17075807.166766394,经过处理的数据 / public-data surrogate; not author-run logs,0.694384114146824,0.7605854731426381,0.7687825275738955,-0.6533763752572173,-0.2049560083943202,-0.3514654680270819,-0.2290388492332397,-0.046088797292477834,-0.31608392102724314,-0.5206489264511913
IA-NSGA-III,4,1809039,27,True,0.0,60175772.36764722,4351276.158997437,55824496.20864979,16544782.19808115,经过处理的数据 / public-data surrogate; not author-run logs,0.6948042886855774,0.7443728997087715,0.7716580771769079,-0.6669669851367379,-0.20769056402943908,-0.37163365253331593,-0.23125451883493064,-2.220446049250313e-16,-0.3141127457768975,-0.5256687574553354
IA-NSGA-III,4,1809039,28,True,0.0,60916669.949037,4575561.069203671,56341108.87983333,17209853.771648157,经过处理的数据 / public-data surrogate; not author-run logs,0.7030142616203507,0.7596505466359365,0.7666316983438717,-0.6498009223301133,-0.20488819442967593,-0.34637441427421756,-0.2217895523660376,-7.259110793955692e-05,-0.3224548335532831,-0.5110207716513672
IA-NSGA-III,4,1809039,29,True,0.0,60188226.42005262,4399508.3078781245,55788718.112174496,17393462.289063167,经过处理的数据 / public-data surrogate; not author-run logs,0.6964956147290792,0.7583904942493966,0.771384675278812,-0.6632754479030336,-0.2069041709723422,-0.33940101250497445,-0.23109541831769342,-0.007332691796688495,-0.3142546684803291,-0.5263484512340293
IA-NSGA-III,4,1809039,30,True,0.0,62892734.505423516,5202570.323882853,57690164.18154066,17869643.708911236,经过处理的数据 / public-data surrogate; not author-run logs,0.7265160739473167,0.7795106016800353,0.7494051448727168,-0.6018116026908177,-0.19727867511573677,-0.3213157711316468,-0.19654532801389102,0.0,-0.34374303161455366,-0.4714233758952616
IA-NSGA-III,4,1809039,31,True,0.0,63024993.26959209,5414709.783532464,57610283.48605962,18109336.687949818,经过处理的数据 / public-data surrogate; not author-run logs,0.722873021309035,0.7885842686612009,0.7451512937973521,-0.5855751145349266,-0.19408630921433326,-0.3122122966979157,-0.19485572232544401,-0.005871372433344346,-0.34512019535726757,-0.4649043614279378
IA-NSGA-III,4,1809039,32,True,0.0,63125896.02740398,5328214.88193262,57797681.14547136,17651653.951071985,经过处理的数据 / public-data surrogate; not author-run logs,0.721503975481972,0.7874390159437356,0.7465720377538528,-0.5921951627225217,-0.19559383363652288,-0.329594963101577,-0.19356668961255963,0.0,-0.3461669793632336,-0.4686628582250185
IA-NSGA-III,4,1809039,33,True,0.0,62963333.30678666,5104822.462150721,57858510.844635926,17886942.564109504,经过处理的数据 / public-data surrogate; not author-run logs,0.7243577123426634,0.7832950136374289,0.7527868531401454,-0.6092929171143522,-0.19892388483821768,-0.32065876529584014,-0.1956434283391847,-0.005027491981919208,-0.34447887187142934,-0.4778121978638745
IA-NSGA-III,4,1809039,34,True,0.0,62885162.04203927,5422977.238928832,57462184.80311044,18262282.541252784,经过处理的数据 / public-data surrogate; not author-run logs,0.7262801864723533,0.7833370912240409,0.7437584141681042,-0.5849423494574431,-0.19376380273452226,-0.30640345460803264,-0.19664206623226177,-0.0162339070345493,-0.34366400690184895,-0.46487572768925955
IA-NSGA-III,4,1809039,35,True,0.0,63604064.67114577,5526010.962862253,58078053.7082835,17715028.79344216,经过处理的数据 / public-data surrogate; not author-run logs,0.7355734388212954,0.7832291671705158,0.7411151464847491,-0.5770564717378266,-0.19311858775954693,-0.32718800375060764,-0.18745808527482855,0.0,-0.35108242698954406,-0.4520115711975953
IA-NSGA-III,4,1809039,36,True,0.0,63633061.13748735,5595105.16369659,58037955.97379077,18175007.69726554,经过处理的数据 / public-data surrogate; not author-run logs,0.7345832125890491,0.7907557394254964,0.7409192564489052,-0.5717682185512651,-0.19207235572703868,-0.3097181295481688,-0.18708765542253414,0.0,-0.3513781273099107,-0.4537933499411433
IA-NSGA-III,4,1809039,37,True,0.0,61585735.86135455,4754966.39274122,56830769.46861334,17581615.51630185,经过处理的数据 / public-data surrogate; not author-run logs,0.7058318484679021,0.7762184339645184,0.7623929505555442,-0.6360698021720227,-0.20279110858647725,-0.33225500388735996,-0.21324223545661258,-0.0007771418342948921,-0.3298156674961553,-0.5029547651188049
IA-NSGA-III,4,1809039,38,True,0.0,61761361.005623735,4722267.909188688,57039093.09643505,17585683.269620847,经过处理的数据 / public-data surrogate; not author-run logs,0.7079104451394193,0.7747798484323901,0.7638849569574163,-0.6385724414348604,-0.20354009315373256,-0.33210051171787414,-0.21099862427018623,-0.07971961449561316,-0.3317214095032366,-0.5043214044000319
IA-NSGA-III,4,1809039,39,True,0.0,61750835.351444244,4822172.110698142,56928663.24074611,17702264.538789876,经过处理的数据 / public-data surrogate; not author-run logs,0.7066063781728489,0.7757989849617255,0.7610215458771881,-0.6309260875353492,-0.2019092003654108,-0.32767278668567223,-0.21113308950043463,0.0,-0.3316074989901384,-0.5000286761831989
IA-NSGA-III,4,1809039,40,True,0.0,61637297.194624126,4817068.165986298,56820229.02863783,17462408.080839977,经过处理的数据 / public-data surrogate; not author-run logs,0.7138942136188919,0.7666032717923734,0.7604236482374881,-0.6313167274379823,-0.2018481603634231,-0.33678247000418426,-0.21258353943337482,-0.0062293798968622305,-0.33037629554594083,-0.5005154034105018
IA-NSGA-III,4,1809039,41,True,0.0,61869668.01051538,4768068.258712819,57101599.75180258,17483437.062419776,经过处理的数据 / public-data surrogate; not author-run logs,0.7100722905855603,0.7693337674357787,0.7617509244022882,-0.6350670264884262,-0.20293366988970368,-0.33598379497854536,-0.20961500230219077,0.0,-0.3328912760129068,-0.49754456642554434
IA-NSGA-III,4,1809039,42,True,0.0,61584202.761200026,4791623.540761224,56792579.22043881,17901220.496812604,经过处理的数据 / public-data surrogate; not author-run logs,0.7101634365669215,0.7696246669860904,0.7601318861672061,-0.6332641791604501,-0.2021939503001881,-0.3201164932783177,-0.2132618208108107,-1.1102230246251565e-16,-0.32979898367696703,-0.5009374119421006
IA-NSGA-III,4,1809039,43,True,0.0,61265982.07095781,4701040.800476072,56564941.270481735,16970481.125167567,经过处理的数据 / public-data surrogate; not author-run logs,0.7056135456196627,0.7663101784323963,0.763932665276419,-0.640197097685826,-0.20326833519078563,-0.355465722564144,-0.2173270900713754,-0.029660812684615068,-0.3263179029400527,-0.5071144085723582
IA-NSGA-III,4,1809039,44,True,0.0,61583853.444918305,4873014.946386336,56710838.498531975,17788902.897528816,经过处理的数据 / public-data surrogate; not author-run logs,0.7064336909212796,0.7784575411676276,0.7600493549237834,-0.6270347365305584,-0.20087187348961777,-0.324382285282903,-0.21326628332624686,-0.041976413321437867,-0.32979518215897274,-0.49836224695490094
IA-NSGA-III,4,1809039,45,True,0.0,62598923.75137208,5018870.569108906,57580053.18226316,17760134.752494898,经过处理的数据 / public-data surrogate; not author-run logs,0.7179723885786125,0.7897175567762292,0.7562941272223016,-0.6158714051318802,-0.19982497032947955,-0.3254748916407221,-0.20029876034401228,-0.04812019841420123,-0.34066286117107036,-0.48770888817793256
IA-NSGA-III,4,1809039,46,True,0.0,63035235.04876645,4941209.281239016,58094025.76752744,18109693.21910674,经过处理的数据 / public-data surrogate; not author-run logs,0.7174743276942896,0.7933112342462267,0.7570633321328415,-0.6218153562607904,-0.2016119480253178,-0.3121987557411263,-0.19472488359833506,-0.013761735784358797,-0.34522659829745983,-0.48581884249970586
IA-NSGA-III,4,1809039,47,True,0.0,62876773.41826226,5463960.859349832,57412812.55891241,17812922.163385756,经过处理的数据 / public-data surrogate; not author-run logs,0.7245425546368947,0.7797002057111341,0.7436552090959146,-0.5818055918327645,-0.19310048906290014,-0.3234700400702034,-0.19674923089950302,0.0,-0.3435764426803075,-0.4644125039068753
IA-NSGA-III,4,1809039,48,True,0.0,63590247.77351666,5650623.309175787,57939624.46434087,18333152.634077847,经过处理的数据 / public-data surrogate; not author-run logs,0.7297275406177415,0.7904191054774931,0.7377190700144269,-0.567519034014834,-0.1911400960521325,-0.30371182767454097,-0.18763459613955324,0.0,-0.35094143009159284,-0.44782480106182465
IA-NSGA-III,5,1809040,1,True,0.0,57927344.97676104,3596483.0800573924,54330861.896703646,15762149.751108708,经过处理的数据 / public-data surrogate; not author-run logs,0.6653262277486378,0.717469496004608,0.7920101863729383,-0.7247364774631557,-0.21791389746068618,-0.4013578209282328,-0.2599781783487852,0.0,-0.28749029846684715,-0.5718694151711214
IA-NSGA-III,5,1809040,2,True,0.0,60889664.56743643,4263590.983720876,56626073.58371555,17797859.574177627,经过处理的数据 / public-data surrogate; not author-run logs,0.6936735556971052,0.7677134009447102,0.7735708503494293,-0.6736781331342705,-0.20997841236259612,-0.32404211312929765,-0.22213454611112393,0.0,-0.3221543331990522,-0.5247392111542614
IA-NSGA-III,5,1809040,3,True,0.0,59604866.93938301,3971057.663784555,55633809.27559845,17441346.392547082,经过处理的数据 / public-data surrogate; not author-run logs,0.6852475426336074,0.7516885918955554,0.7816067687529925,-0.6960677149319927,-0.2133769561498553,-0.33758238722192935,-0.23854783557824322,-1.1102230246251565e-16,-0.3075432024372331,-0.5447043497416186
IA-NSGA-III,5,1809040,4,True,0.0,62141589.12885918,5057097.242453975,57084491.8864052,17826918.973879546,经过处理的数据 / public-data surrogate; not author-run logs,0.7158416483344915,0.7726927763084048,0.7533417528238514,-0.6129456555799982,-0.19861976313532337,-0.32293844499806124,-0.20614121006429442,0.0,-0.3358104313294423,-0.48532065140870106
IA-NSGA-III,5,1809040,5,True,0.0,63329814.15788851,6031780.11799431,57298034.03989419,18486167.976923592,经过处理的数据 / public-data surrogate; not author-run logs,0.716326160485286,0.7940795793623303,0.7268291690455806,-0.5383464886423655,-0.18475607424085616,-0.29790034639064145,-0.19096163553232492,0.0,-0.3482722817234285,-0.4307594617504892
IA-NSGA-III,5,1809040,6,True,0.0,63050976.92599269,6116816.220209245,56934160.70578345,18455173.279212963,经过处理的数据 / public-data surrogate; not author-run logs,0.7183786602109818,0.7869529706765943,0.7240212805376932,-0.5318380923792827,-0.18298617851093768,-0.29907751661615944,-0.19452378111960344,-1.1102230246251565e-16,-0.34539007494767426,-0.4305492586865213
IA-NSGA-III,5,1809040,7,True,0.0,59195518.15397404,3903042.5418119496,55292475.6121621,16666877.1627053,经过处理的数据 / public-data surrogate; not author-run logs,0.6834920688055306,0.7393176540333135,0.7835470795993678,-0.7012733788106211,-0.21406523562037744,-0.36699651884086704,-0.24377726623815998,0.0,-0.3027547259128247,-0.5488855346721464
IA-NSGA-III,5,1809040,8,True,0.0,60656564.88416506,4379069.2952947505,56277495.5888703,18007656.033514973,经过处理的数据 / public-data surrogate; not author-run logs,0.6880025355267642,0.7677873857710387,0.7701687068053705,-0.6648397857507692,-0.2078055177760661,-0.31607410041768036,-0.22511239452295773,0.0,-0.3195494113651186,-0.516973731203835
IA-NSGA-III,5,1809040,9,True,0.0,62456130.075793505,5430538.962163303,57025591.1136302,17871390.399884976,经过处理的数据 / public-data surrogate; not author-run logs,0.7124176196815,0.7784619369548089,0.7426796495342626,-0.5843635989037393,-0.1930503450089994,-0.3212494322814775,-0.2021229495238257,0.0,-0.3391554162912068,-0.46531442142711954
IA-NSGA-III,5,1809040,10,True,0.0,63955039.98628261,6032866.623181216,57922173.36310139,17507952.642674558,经过处理的数据 / public-data surrogate; not author-run logs,0.7294167187333551,0.7808024510338808,0.7257480764146904,-0.538263330946821,-0.18567019230266804,-0.3350526998794203,-0.18297437568713082,0.0,-0.3546435857306539,-0.4364624843100847
IA-NSGA-III,5,1809040,11,True,0.0,64453273.85733967,6461991.67774932,57991282.17959036,18585286.45880303,经过处理的数据 / public-data surrogate; not author-run logs,0.7263240462494445,0.8012532369089117,0.7141925101893387,-0.5054194466576873,-0.17974145158161808,-0.2941358532906809,-0.17660943807405882,-2.220446049250313e-16,-0.35963229158296817,-0.40346193115451057
IA-NSGA-III,5,1809040,12,True,0.0,64962095.550260395,6889605.850327012,58072489.69993338,18195281.98300978,经过处理的数据 / public-data surrogate; not author-run logs,0.7313353076381618,0.80514953970171,0.7032807397568779,-0.47269120053215985,-0.1739442179017054,-0.3089481176659886,-0.17010924103858438,0.0,-0.364648031588406,-0.3834621405252887
IA-NSGA-III,5,1809040,13,True,0.0,60820856.397834405,4927168.577670512,55893687.82016388,17721759.632459715,经过处理的数据 / public-data surrogate; not author-run logs,0.698771021690535,0.7686127962258836,0.7567440715656382,-0.6228899876262466,-0.19898883262278516,-0.3269323683074684,-0.22301357046540438,-0.001210412262399596,-0.3213874692913796,-0.49835627236533697
IA-NSGA-III,5,1809040,14,True,0.0,58168071.981062256,3885969.9668977535,54282102.01416451,16163643.445398755,经过处理的数据 / public-data surrogate; not author-run logs,0.6686308954292074,0.7258440372753541,0.7841953775349906,-0.7025800600892609,-0.2131941074450103,-0.38610919914575914,-0.256902890912168,-0.04595300544740122,-0.2904390007384553,-0.5586038803618705
IA-NSGA-III,5,1809040,15,True,0.0,63286808.160014026,5927290.573560848,57359517.586453184,18093359.376337156,经过处理的数据 / public-data surrogate; not author-run logs,0.7243232339818196,0.783105507329557,0.7287573981850648,-0.5463437902919998,-0.18634239984778,-0.31281911066622226,-0.19151103714743045,-1.1102230246251565e-16,-0.3478294058432596,-0.4381143189383797
IA-NSGA-III,5,1809040,16,True,0.0,64021574.12349211,6747608.425484425,57273965.69800769,18521635.9512619,经过处理的数据 / public-data surrogate; not author-run logs,0.7276059733034143,0.7931958008087242,0.706890368965267,-0.48355923757925967,-0.17460414683855058,-0.2965532823301916,-0.18212440209625558,-1.1102230246251565e-16,-0.35531426952442013,-0.39392009297435704
IA-NSGA-III,5,1809040,17,True,0.0,60589421.59250108,4677400.537762049,55912021.05473904,18193791.173116907,经过处理的数据 / public-data surrogate; not author-run logs,0.684054469282421,0.7739512895491147,0.7629329954178622,-0.6420064491671222,-0.20280169681730464,-0.3090047382220006,-0.22597015006187937,0.0,-0.3187953574208028,-0.5068743256203176
IA-NSGA-III,5,1809040,18,True,0.0,63344680.55107021,5701165.238431888,57643515.31263834,18032732.91764653,经过处理的数据 / public-data surrogate; not author-run logs,0.7228841341266092,0.7852349451875288,0.7349046699871884,-0.563650713443555,-0.1899977268993337,-0.31512168714931954,-0.19077171736210463,-0.009950439355677076,-0.3484252360113501,-0.44415396276735575
IA-NSGA-III,5,1809040,19,True,0.0,63521121.70373337,6225736.071248196,57295385.632485166,18300318.73717759,经过处理的数据 / public-data surrogate; not author-run logs,0.7231462623358267,0.7882745081390554,0.7216452124272605,-0.5235017089725542,-0.1819895130270931,-0.3049588501872159,-0.18851768166859217,-0.00013678519599469308,-0.3502351001844134,-0.42217878380170226
IA-NSGA-III,5,1809040,20,True,0.0,64081697.99830796,6353246.955704688,57728451.042603284,18297867.71301086,经过处理的数据 / public-data surrogate; not author-run logs,0.7294238117516696,0.7927278647149693,0.7174534938353542,-0.513742426241069,-0.18085707535601755,-0.3050519394213179,-0.18135631960630538,-2.220446049250313e-16,-0.3559191380807387,-0.41299571039000726
IA-NSGA-III,5,1809040,21,True,0.0,61632096.33328478,4178633.9674630146,57453462.365821764,17555706.313984074,经过处理的数据 / public-data surrogate; not author-run logs,0.7139080756890142,0.7666066300422888,0.777000586078659,-0.6801804764065167,-0.21220035961674216,-0.33323902837503716,-0.21264998043604877,-1.1102230246251565e-16,-0.3303197889488332,-0.525039017586459
IA-NSGA-III,5,1809040,22,True,0.0,64964843.16966149,7061501.890245245,57903341.27941625,18574196.80080379,经过处理的数据 / public-data surrogate; not author-run logs,0.7372345866157058,0.802984521893129,0.6987438707291491,-0.45953481736428137,-0.17130271781302542,-0.29455703549835266,-0.1700741402012299,-0.007140511450324016,-0.36467490312860773,-0.37518015307979236
IA-NSGA-III,5,1809040,23,True,0.0,62958980.396098256,5545276.231851028,57413704.16424723,17987906.134283826,经过处理的数据 / public-data surrogate; not author-run logs,0.7178015333649514,0.7833849014535583,0.7396249738423121,-0.575581968539445,-0.19192239459782162,-0.3168241962420998,-0.1956990367724455,-0.021615550100021586,-0.3444335499029485,-0.45533271982382184
IA-NSGA-III,5,1809040,24,True,0.0,61905422.89398896,5114757.899368717,56790664.994620234,17344192.048272144,经过处理的数据 / public-data surrogate; not author-run logs,0.6993226891739004,0.7770550460751846,0.7509197107106881,-0.6085324899454508,-0.19737786997873236,-0.34127228290756995,-0.20915823367225161,-0.008938846143837886,-0.3332765798130475,-0.4809377795894241
IA-NSGA-III,5,1809040,25,True,0.0,62357319.83936688,6022068.113031627,56335251.72633524,18548728.333273042,经过处理的数据 / public-data surrogate; not author-run logs,0.7021973558752158,0.7949236544681423,0.7278841549454798,-0.5390898150079884,-0.18342644410400355,-0.29552432099817194,-0.20338525027638998,-1.1102230246251565e-16,-0.33810825439063563,-0.4419491615163985
IA-NSGA-III,5,1809040,26,True,0.0,61132196.98303562,4051139.9594436698,57081057.02359195,17754347.665609203,经过处理的数据 / public-data surrogate; not author-run logs,0.7077276806392161,0.7598378934526235,0.77955786732425,-0.6899384674684921,-0.2137314842362385,-0.3256946836334663,-0.21903619454550005,0.0,-0.32484357970230304,-0.5327124022442966
IA-NSGA-III,5,1809040,27,True,0.0,63137835.82868653,6106414.089084027,57031421.73960249,18420716.727933418,经过处理的数据 / public-data surrogate; not author-run logs,0.7221832519421603,0.786448137482979,0.7250996690626347,-0.5326342388344947,-0.1832843934395738,-0.30038616710273625,-0.19341415865332423,-0.010680900545796401,-0.34629062370795827,-0.42962499772589413
IA-NSGA-III,5,1809040,28,True,0.0,64218790.252807364,6207785.6451555565,58011004.607651815,17494973.882468246,经过处理的数据 / public-data surrogate; not author-run logs,0.7290036493249848,0.7873178349026766,0.7212085886971027,-0.5248755782240726,-0.18333381210207123,-0.3355456296773376,-0.17960496607975207,-1.1102230246251565e-16,-0.35729410165592956,-0.4180779443467437
IA-NSGA-III,5,1809040,29,True,0.0,63344066.84076283,5394363.530429823,57949703.310333006,17709422.476874318,经过处理的数据 / public-data surrogate; not author-run logs,0.7307732823346303,0.7769834138423448,0.7438851697280884,-0.5871323528632575,-0.19484027156023287,-0.32740093013563343,-0.19077955751117093,-2.220446049250313e-16,-0.34841892321571455,-0.4617856269377655
IA-NSGA-III,5,1809040,30,True,0.0,58393503.66268061,3860991.7453557407,54532511.917324856,16805262.385268725,经过处理的数据 / public-data surrogate; not author-run logs,0.6827506073085392,0.7154521233856191,0.784263460203235,-0.7044918147382637,-0.21387977252299548,-0.36174068556337435,-0.25402300122007115,0.0,-0.29317830424383073,-0.5534117807105665
IA-NSGA-III,5,1809040,31,True,0.0,61512274.33137743,6208012.595306832,55304261.7360706,18389720.99724987,经过处理的数据 / public-data surrogate; not author-run logs,0.6878411200215794,0.7832434083237935,0.7212386824671844,-0.524858208172083,-0.17907684827481463,-0.301563376560286,-0.21418070648884724,-0.002336921426710603,-0.329015294449189,-0.43488656637563206
IA-NSGA-III,5,1809040,32,True,0.0,61529006.30347397,5312796.290101236,56216210.01337272,17114226.740521945,经过处理的数据 / public-data surrogate; not author-run logs,0.7132355675877758,0.7539355528419555,0.7451799184968806,-0.5933752533292589,-0.19365379340115768,-0.3500063030200743,-0.21396695554832568,0.0,-0.329197759566781,-0.4721386129918185
IA-NSGA-III,5,1809040,33,True,0.0,61521910.41752778,4823520.388011353,56698390.02951644,16828190.506129675,经过处理的数据 / public-data surrogate; not author-run logs,0.7043253731971066,0.760780763124667,0.7589475882874082,-0.630822894623182,-0.20159670668098895,-0.3608698817421345,-0.21405760549001107,-1.1102230246251565e-16,-0.329120389794642,-0.5003540418495845
IA-NSGA-III,5,1809040,34,True,0.0,63169331.4020016,6128413.215863847,57040918.18613776,17690421.8996296,经过处理的数据 / public-data surrogate; not author-run logs,0.7182291799900142,0.7764521623434303,0.7229197114597735,-0.5309504947446848,-0.18298435839278712,-0.3281225669139287,-0.19301180270989338,0.0,-0.346616556421362,-0.4264637378926275
IA-NSGA-III,5,1809040,35,True,0.0,61808495.82659294,5391626.695274791,56416869.13131817,16970515.571700793,经过处理的数据 / public-data surrogate; not author-run logs,0.713746009926322,0.7541818072261751,0.7425420507515668,-0.5873418216327768,-0.19276884151328827,-0.35546441429414044,-0.210396476940789,0.0,-0.3322310351024259,-0.47022797302611785
IA-NSGA-III,5,1809040,36,True,0.0,60508951.29439803,4374288.850388975,56134662.44400906,17553429.13911692,经过处理的数据 / public-data surrogate; not author-run logs,0.6856024290774584,0.7639850868040234,0.7694495759021424,-0.6652056659939861,-0.20770840087598827,-0.3333255148598204,-0.22699815810566115,0.0,-0.31788942962855227,-0.5171606689136358
IA-NSGA-III,5,1809040,37,True,0.0,62555174.99616259,5509680.495945859,57045494.50021672,18212553.572366346,经过处理的数据 / public-data surrogate; not author-run logs,0.7143322032864367,0.7766686653815944,0.7400817030659338,-0.578306354400421,-0.1919228665528656,-0.3082921473794661,-0.20085765068393868,0.0,-0.3402017453786692,-0.45680924963965486
IA-NSGA-III,5,1809040,38,True,0.0,61187178.89509985,5048142.569676457,56139036.32542339,17588157.80080551,经过处理的数据 / public-data surrogate; not author-run logs,0.6993081870997244,0.7702890766189184,0.7531595910806328,-0.6136310181180766,-0.19749672626137804,-0.3320065296935971,-0.21833380062877628,-1.1102230246251565e-16,-0.3254502654753807,-0.4909022197984615
IA-NSGA-III,5,1809040,39,True,0.0,62684518.28340179,5401955.930934962,57282562.35246684,16663551.089672219,经过处理的数据 / public-data surrogate; not author-run logs,0.7206500548439642,0.7626205436176899,0.742231589309771,-0.5865512543675788,-0.19382312445136327,-0.36712284219394486,-0.1992052902127397,-0.0019246321852742776,-0.3415631736468354,-0.46776303096928684
IA-NSGA-III,5,1809040,40,True,0.0,60599093.92461068,4116430.4094168236,56482663.515193865,16676214.823323606,经过处理的数据 / public-data surrogate; not author-run logs,0.7071130966946656,0.7423812980002169,0.7783644674673396,-0.6849413414296455,-0.21207108979982545,-0.36664187701927275,-0.22584658602092023,-5.97144526511828e-05,-0.31890408573852025,-0.5348367729647059
IA-NSGA-III,5,1809040,41,True,0.0,61500313.65534915,4705364.619501617,56794949.035847545,17126870.967833918,经过处理的数据 / public-data surrogate; not author-run logs,0.7021533209383223,0.7619875219045856,0.7616885167766057,-0.6398661661537459,-0.20349039639259867,-0.3495260786908907,-0.2143335041229556,0.0,-0.3288848003068664,-0.502085298594481
IA-NSGA-III,5,1809040,42,True,0.0,59423560.02671058,4142761.072700225,55280798.95401035,17938411.523772415,经过处理的数据 / public-data surrogate; not author-run logs,0.6694056867080396,0.7595081045871996,0.7764454870732491,-0.6829260751362184,-0.2102841992159663,-0.31870398814591516,-0.24086403135499823,0.0,-0.3054304511300292,-0.5346619675737616
IA-NSGA-III,5,1809040,43,True,0.0,62875126.565926775,5674156.969164816,57200969.59676196,17999635.545549873,经过处理的数据 / public-data surrogate; not author-run logs,0.724319372884927,0.772404598935993,0.7361810637533536,-0.5657178415713924,-0.18975514040174118,-0.31637871637860326,-0.1967702694377924,0.0,-0.34355924935239734,-0.45039790791997847
IA-NSGA-III,5,1809040,44,True,0.0,63901703.50844434,6381874.852900965,57519828.65554337,18343924.461698156,经过处理的数据 / public-data surrogate; not author-run logs,0.7281332037628568,0.7900897340507772,0.716948872364634,-0.511551336876916,-0.1801298165383396,-0.30330271657859076,-0.18365574918191419,0.0,-0.35410492969806606,-0.41101782284125654
IA-NSGA-III,5,1809040,45,True,0.0,61666494.64496778,5336688.072171735,56329806.57279606,18111508.774353296,经过处理的数据 / public-data surrogate; not author-run logs,0.7092933453126595,0.7680235923572607,0.7456251219700502,-0.5915466513461506,-0.1934588709331279,-0.3121298014445243,-0.21221054201049017,-1.1102230246251565e-16,-0.33069334461727684,-0.473973582112315
IA-NSGA-III,5,1809040,46,True,0.0,59850189.910229996,4772028.882542548,55078161.027687445,18259334.312228475,经过处理的数据 / public-data surrogate; not author-run logs,0.6727412488146494,0.7684393946673396,0.7598511325285374,-0.6347638927762562,-0.20026710542272014,-0.30651542754797967,-0.235413834669831,-2.220446049250313e-16,-0.3103815486315574,-0.5067547747325482
IA-NSGA-III,5,1809040,47,True,0.0,60404110.96615101,4039059.841293496,56365051.124857515,16505153.969291525,经过处理的数据 / public-data surrogate; not author-run logs,0.693938821042399,0.7442086649494166,0.7794403644476984,-0.6908630417819697,-0.2131326994688013,-0.37313872193120734,-0.22833749328014574,-0.011407388269678465,-0.3167055251731322,-0.5345892377124629
IA-NSGA-III,5,1809040,48,True,0.0,60317380.68283199,4319121.3095002,55998259.373331785,18034926.851422213,经过处理的数据 / public-data surrogate; not author-run logs,0.6867932133839203,0.7614557085633262,0.7717094272497245,-0.6694280163559116,-0.20839342059278876,-0.3150383621386482,-0.22944547263393478,0.0,-0.3157230169355204,-0.5233455821804089
NSGA-III,1,1909036,1,True,0.0,51594117.01527089,7119682.270948606,44474434.744322285,15567120.620732214,经过处理的数据 / public-data surrogate; not author-run logs,0.5979938088390282,0.6270984676702839,0.6875055764789443,-0.45508187370280695,-0.14200592852783367,-0.4087649744849895,-0.34088516441684247,-0.031074075717260508,-0.20002904075703576,-0.44319330717954486
NSGA-III,1,1909036,2,True,0.0,51785732.45367494,7265080.199484231,44520652.25419071,14989059.032610847,经过处理的数据 / public-data surrogate; not author-run logs,0.5999085902198671,0.6209018805648522,0.6832821816629066,-0.4439535727801073,-0.1397088453661783,-0.4307195970596367,-0.3384372772257215,-0.037231117448272455,-0.2029890604150174,-0.43441375008801997
NSGA-III,1,1909036,3,True,0.0,51384901.09773728,6864844.844016028,44520056.25372125,14816363.480926234,经过处理的数据 / public-data surrogate; not author-run logs,0.5950979531738521,0.623749995794823,0.6948940581187822,-0.4745863302094028,-0.14640346293634654,-0.4372785273457296,-0.34355789772567547,-0.05459795035049175,-0.19677192330302118,-0.45499847691385564
NSGA-III,1,1909036,4,True,0.0,51832343.93849708,7603234.5406627795,44229109.3978343,16288936.043304205,经过处理的数据 / public-data surrogate; not author-run logs,0.5906294411713525,0.6395763617990996,0.6732927837418029,-0.41807230125958394,-0.13331100307397675,-0.3813506202072229,-0.3378418155155086,-0.0330436368848267,-0.20370579171618375,-0.4175756326639757
NSGA-III,1,1909036,5,True,0.0,50250291.470292516,6771899.954213526,43478391.51607899,14745734.952408478,经过处理的数据 / public-data surrogate; not author-run logs,0.5746544855026625,0.6149840341068228,0.6965995900754235,-0.4817000402420458,-0.14523660348881745,-0.4399609797322467,-0.35805253551205296,-0.04024906745143464,-0.1786357039461023,-0.46628402214469733
NSGA-III,1,1909036,6,True,0.0,51825195.67136651,7186605.501894843,44638590.16947167,15204596.733604245,经过处理的数据 / public-data surrogate; not author-run logs,0.5961098526618214,0.6285863430675692,0.6857300781810323,-0.4499597797349649,-0.14132989159430323,-0.4225335335446818,-0.33793313462681496,-0.057162669643993524,-0.20359595858113044,-0.43896002249356114
NSGA-III,1,1909036,7,True,0.0,49946023.49370524,6457960.148756139,43488063.34494911,15380308.09435775,经过处理的数据 / public-data surrogate; not author-run logs,0.5746292157877869,0.6145004747811544,0.7053725268530558,-0.5057280072284366,-0.1507012150913267,-0.4158600636468498,-0.3619395588581872,-0.004399318980469635,-0.17363200525459688,-0.4819954050313753
NSGA-III,1,1909036,8,True,0.0,52164474.55823925,7574332.462407317,44590142.09583194,15474888.870076442,经过处理的数据 / public-data surrogate; not author-run logs,0.5989367992497577,0.6358175050770134,0.6751113971626503,-0.4202843755811201,-0.1347990269900846,-0.4122679113980391,-0.33359884690808583,-0.0561543407509546,-0.208775787937446,-0.4215659203590676
NSGA-III,1,1909036,9,True,0.0,52367329.10729601,7475648.635892084,44891680.47140393,15548398.67760988,经过处理的数据 / public-data surrogate; not author-run logs,0.601224637633602,0.631973179773822,0.6770112990841747,-0.4278373258103658,-0.13724594392478673,-0.4094760288147724,-0.33100738008039954,-0.026636413647595836,-0.21184074147769405,-0.41923766605548407
NSGA-III,1,1909036,10,True,0.0,49749413.47456602,6629800.070079532,43119613.40448649,15447698.122363092,经过处理的数据 / public-data surrogate; not author-run logs,0.5753819037864146,0.610748057756913,0.6999695969887673,-0.49257591920160326,-0.14673611592488497,-0.4133006086327907,-0.364451251817301,-0.026112887338781032,-0.17036619334013092,-0.4732244917041273
NSGA-III,1,1909036,11,True,0.0,50278981.861478746,6763479.379241536,43515502.482237205,15357557.194844356,经过处理的数据 / public-data surrogate; not author-run logs,0.582429579457613,0.6097750431931356,0.6963045364767646,-0.48234452461107513,-0.14548097974864968,-0.41672413664930197,-0.3576860157698132,-0.0020348486182494296,-0.17910439408436152,-0.4641523586008234
NSGA-III,1,1909036,12,True,0.0,50733623.13666208,6837226.27950351,43896396.85715857,15188926.374341385,经过处理的数据 / public-data surrogate; not author-run logs,0.578015801674562,0.6240623695219006,0.6947594617133119,-0.47670016841909213,-0.1452328405348471,-0.42312868954586724,-0.35187797356118133,-0.04009413536032058,-0.18646071917986184,-0.45914643378915065
NSGA-III,1,1909036,13,True,0.0,51180640.005654626,7095542.528477069,44085097.47717756,15589563.683805497,经过处理的数据 / public-data surrogate; not author-run logs,0.5934711564850279,0.6238082777888083,0.6879755233539475,-0.45692945379645256,-0.14136276280067764,-0.407912593027169,-0.3461673331402645,-0.031074075717260508,-0.19356625326608046,-0.4451982578053949
NSGA-III,1,1909036,14,True,0.0,50251090.263569415,6786475.256916573,43464615.00665283,15097490.290091587,经过处理的数据 / public-data surrogate; not author-run logs,0.5721905431387886,0.6173618986307758,0.6958676663285464,-0.48058449233739187,-0.1449486962109443,-0.42660140726428875,-0.35804233092808435,-0.08400019395409719,-0.17864876038476118,-0.46345329547399916
NSGA-III,1,1909036,15,True,0.0,51517712.24306552,7488223.219387816,44029489.02367769,15232207.166713247,经过处理的数据 / public-data surrogate; not author-run logs,0.5847852226084913,0.6343272864476335,0.677122948990076,-0.4268749066718852,-0.1346475980133268,-0.4214848967722564,-0.34186123536801327,-0.028733327501511807,-0.19884262163532695,-0.4287792849553921
NSGA-III,1,1909036,16,True,0.0,49995374.37002835,6535698.493587727,43459675.876440614,14860073.59782501,经过处理的数据 / public-data surrogate; not author-run logs,0.5788963965115567,0.6078409173004182,0.7033519826912497,-0.4997781584016251,-0.14927393632028083,-0.43561842894284997,-0.36130910142204276,-0.0891650308146682,-0.17444772041264756,-0.47872770642942
NSGA-III,1,1909036,17,True,0.0,51164665.22048888,6873050.692491738,44291614.52799714,15772758.42137544,经过处理的数据 / public-data surrogate; not author-run logs,0.5859239593797496,0.6324990578462533,0.6942819681205362,-0.47395828033219,-0.14566802181011,-0.4009549065043876,-0.3463714110178814,-0.013265903275080926,-0.1933144661040036,-0.4542737519717486
NSGA-III,1,1909036,18,True,0.0,50362204.757731654,6814780.656239113,43547424.10149254,15507631.945308283,经过处理的数据 / public-data surrogate; not author-run logs,0.5794819033394593,0.6184820519037003,0.6955905527414322,-0.47841808594790036,-0.1446846243324385,-0.41102433826773555,-0.35662284328516236,-0.026283936752979686,-0.18046091352536342,-0.4621149455115895
NSGA-III,1,1909036,19,True,0.0,50363798.45061262,6826540.178979812,43537258.271632805,15152314.330631034,经过处理的数据 / public-data surrogate; not author-run logs,0.5769259769115914,0.6168563788546496,0.6958668225618277,-0.47751804900044303,-0.14445541462338266,-0.4245192050512471,-0.3566024838588948,-0.02219058841416477,-0.18048684670848247,-0.4637243293957636
NSGA-III,1,1909036,20,True,0.0,51477961.15948102,6994459.096758379,44483502.06272264,14910441.75114912,经过处理的数据 / public-data surrogate; not author-run logs,0.5973694535603192,0.6181974027193804,0.6906985461151982,-0.464666062273575,-0.1441271149980235,-0.43370546011956834,-0.34236905545365004,-0.03677067115451138,-0.19822397098960587,-0.44928185790468644
NSGA-III,1,1909036,21,True,0.0,47972428.79595806,6339019.122287706,41633409.67367036,15095507.723117387,经过处理的数据 / public-data surrogate; not author-run logs,0.542863731139704,0.5993503608367468,0.7076562658505109,-0.5148313799375684,-0.1478612010817805,-0.426676704621079,-0.38715223076666094,-0.005083560686516275,-0.13963507131251318,-0.4978895956480802
NSGA-III,1,1909036,22,True,0.0,51287115.77074704,7167080.096198525,44120035.674548514,15036277.84126863,经过处理的数据 / public-data surrogate; not author-run logs,0.5981239295753321,0.6146877573837656,0.6866148357540226,-0.4514541929801521,-0.14025573892212403,-0.4289262394939227,-0.3448071052603745,-0.011597627562993096,-0.195240468103266,-0.44393793339436605
NSGA-III,1,1909036,23,True,0.0,51981168.74706383,7829212.776272643,44151955.970791176,15822341.743686782,经过处理的数据 / public-data surrogate; not author-run logs,0.5908651285899925,0.6394987367599763,0.6673474969462301,-0.40077663664335017,-0.1293836717221777,-0.39907174535043444,-0.33594057861285687,-0.029112301997510914,-0.20598562373934015,-0.40941702224971765
NSGA-III,1,1909036,24,True,0.0,49753477.2658663,6651618.356376286,43101858.90949002,14709671.394249436,经过处理的数据 / public-data surrogate; not author-run logs,0.5829091350900751,0.5996207712876308,0.6999210767812911,-0.49090601607455564,-0.1463084728564355,-0.4413306639049207,-0.36439933688417137,-0.03457999523194044,-0.17043395661681415,-0.47475910082273043
NSGA-III,1,1909036,25,True,0.0,51685455.841015354,7312408.008631218,44373047.83238413,15525154.429312117,经过处理的数据 / public-data surrogate; not author-run logs,0.5922552685804902,0.6327002928092025,0.6822400341859669,-0.4403312508701308,-0.13852097288018103,-0.41035883907045334,-0.33971831093439797,-0.030201378141875623,-0.20144275389660227,-0.433441003025153
NSGA-III,1,1909036,26,True,0.0,48440616.6359397,6374004.423144299,42066612.21279539,14192324.563040376,经过处理的数据 / public-data surrogate; not author-run logs,0.5576809050947438,0.5880964362323019,0.7067225222615331,-0.512153714858537,-0.14841611718015968,-0.46097935645392274,-0.3811711311951691,-0.03736309304768992,-0.14795066317595973,-0.49225897625302895
NSGA-III,1,1909036,27,True,0.0,52134437.15865322,7458756.861223627,44675680.2974296,15285203.613895211,经过处理的数据 / public-data surrogate; not author-run logs,0.5986659438322056,0.6313096471256888,0.6782870842156822,-0.4291301692058821,-0.13693224540766663,-0.41947210606000973,-0.3339825746823907,-0.05569420290152216,-0.20831992192804538,-0.4240121999793691
NSGA-III,1,1909036,28,True,0.0,51606618.80175029,7650132.386919875,43956486.41483042,15292736.945486465,经过处理的数据 / public-data surrogate; not author-run logs,0.5906119543414896,0.6304495728611839,0.6721530078054639,-0.4144828873591818,-0.13176063527222576,-0.41918599216624075,-0.34072545409681854,-0.030125695396749808,-0.20022283500967997,-0.4193243250366997
NSGA-III,1,1909036,29,True,0.0,49581573.64006609,6649740.533440379,42931833.10662571,15167185.590750163,经过处理的数据 / public-data surrogate; not author-run logs,0.5626331740782438,0.6139791772703712,0.6998429444169058,-0.491049738745991,-0.1458828261137152,-0.4239543986191401,-0.36659540567282656,-0.0067868540231861285,-0.16755777903250546,-0.4749501129476871
NSGA-III,1,1909036,30,True,0.0,52180735.008354865,8018968.22116443,44161766.78719044,15504428.43965212,经过处理的数据 / public-data surrogate; not author-run logs,0.5947830805680151,0.6350914196320049,0.6615108837974878,-0.38625335069461564,-0.12632320300048516,-0.41114600654503,-0.33339111966078583,-0.03758406283871696,-0.20902234755046123,-0.3956397931973763
NSGA-III,1,1909036,31,True,0.0,50565258.51343045,7220091.868502097,43345166.64492835,16052601.322762031,经过处理的数据 / public-data surrogate; not author-run logs,0.5702460277852756,0.6279009854719033,0.6841845700425998,-0.4473968383769519,-0.13721240075170593,-0.390326548892695,-0.35402883159265985,-0.008427441734526808,-0.18375191794901202,-0.4439113098439432
NSGA-III,1,1909036,32,True,0.0,50635614.327038266,6866873.253494525,43768741.07354374,15290891.847699683,经过处理的数据 / public-data surrogate; not author-run logs,0.582689053985262,0.6183921698394741,0.6948717752573726,-0.4744310821168163,-0.1443864926937843,-0.4192560684805203,-0.35313003608648397,-0.003451911139623065,-0.1848860564142356,-0.45979954623847186
NSGA-III,1,1909036,33,True,0.0,51739903.63401264,7782747.301354,43957156.33265863,15795731.49937351,经过处理的数据 / public-data surrogate; not author-run logs,0.5850111392154853,0.6395100354854739,0.6685177933097933,-0.40433295819908766,-0.12957940091257153,-0.4000823952232545,-0.3390227403886582,-0.006271673387134191,-0.2022831048941588,-0.41118103680882945
NSGA-III,1,1909036,34,True,0.0,47577990.104999036,6430557.637979542,41147432.4670195,14126943.836651769,经过处理的数据 / public-data surrogate; not author-run logs,0.5397494144952674,0.5864060968436269,0.7043638580761269,-0.5078253093635545,-0.14484175511012434,-0.463462498736708,-0.3921911849726636,-0.0676221993824373,-0.13250233587182692,-0.4928305851419946
NSGA-III,1,1909036,35,True,0.0,50921052.38929093,7045710.846748391,43875341.54254254,15429167.850845322,经过处理的数据 / public-data surrogate; not author-run logs,0.5808153865325905,0.6277532172805139,0.6890809388047267,-0.4607434142520519,-0.14163461837190633,-0.414004383326938,-0.34948356489258503,-0.012086622432911032,-0.1894551792751209,-0.4493447448485264
NSGA-III,1,1909036,36,True,0.0,51307293.47975887,7628619.299481976,43678674.18027689,15483151.07246097,经过处理的数据 / public-data surrogate; not author-run logs,0.5822796269443141,0.6314427415819803,0.6726287100150024,-0.41612943152385073,-0.13131510976131447,-0.4119541151889238,-0.3445493350313803,-0.028651759692003287,-0.19555695729140676,-0.42258036838469104
NSGA-III,1,1909036,37,True,0.0,50503923.4742555,6970482.112457952,43533441.36179755,15381452.879566072,经过处理的数据 / public-data surrogate; not author-run logs,0.5798151007515681,0.619927400116608,0.6913274649099489,-0.4665011853678398,-0.141981374258751,-0.4158165850146518,-0.3548123867070795,-0.08109378218030627,-0.18276061658775067,-0.45384792874742363
NSGA-III,1,1909036,38,True,0.0,52108255.8775336,7839814.051725102,44268441.8258085,15053449.964610435,经过处理的数据 / public-data surrogate; not author-run logs,0.5966516273464081,0.6314296166083295,0.6675072142489322,-0.3999652483066142,-0.1295475636307907,-0.4282740468997047,-0.33431704054398126,-0.006271673387134191,-0.20792215005232728,-0.40833340917011873
NSGA-III,1,1909036,39,True,0.0,50941481.25950657,7112846.681508817,43828634.577997744,15258964.855689742,经过处理的数据 / public-data surrogate; not author-run logs,0.5895537624024632,0.6190396735294179,0.687447672362995,-0.4556050482558155,-0.14037220540811357,-0.4204686469910559,-0.3492225860792574,-0.030038146641795382,-0.1897802290093874,-0.4476654482315796
NSGA-III,1,1909036,40,True,0.0,51634745.410667256,7681887.702099454,43952857.7085678,15216249.616360636,经过处理的数据 / public-data surrogate; not author-run logs,0.5911858107955759,0.626666061501848,0.6710052858620539,-0.4120524352422045,-0.13122638562458283,-0.42209096021325765,-0.340366136672967,-0.030201378141875623,-0.20065849164672722,-0.41525513602507935
NSGA-III,1,1909036,41,True,0.0,51191837.11244652,7361922.455559991,43829914.656886525,15688132.471125057,经过处理的数据 / public-data surrogate; not author-run logs,0.5895329582669323,0.6270606248492482,0.6801893395056134,-0.43654157057004717,-0.13618952413469743,-0.40416897717773237,-0.3460242901030136,-0.0710714516186447,-0.19374264320033752,-0.432395607148896
NSGA-III,1,1909036,42,True,0.0,52355376.6329329,8381751.647347609,43973624.98558529,15688197.315517515,经过处理的数据 / public-data surrogate; not author-run logs,0.5976171472090391,0.6355393366227139,0.6507234294707664,-0.35848704633942496,-0.11990657337616656,-0.4041665144052671,-0.3311600729382368,-0.03758406283871696,-0.2116608086047519,-0.3777512084024066
NSGA-III,1,1909036,43,True,0.0,50448430.34468554,6873714.852675025,43574715.49201053,14865578.356520407,经过处理的数据 / public-data surrogate; not author-run logs,0.5766110147947794,0.6190072538837751,0.6938479824016328,-0.47390744759712333,-0.14374769629677622,-0.4354093596983172,-0.355521311427347,-0.03980336817650987,-0.18186165559563428,-0.4592034048234477
NSGA-III,1,1909036,44,True,0.0,51313455.216241315,7202027.080657797,44111428.13558351,14555169.488000728,经过处理的数据 / public-data surrogate; not author-run logs,0.5966801719154223,0.6119551415474795,0.6850312143066142,-0.448779460517864,-0.13964642119094198,-0.44719860446429527,-0.34447061884892627,-0.0373860495393864,-0.19565355507503712,-0.44138012426354345
NSGA-III,1,1909036,45,True,0.0,47411773.828791276,6333552.4645425305,41078221.36424875,14268274.303646915,经过处理的数据 / public-data surrogate; not author-run logs,0.5448739422433586,0.5748433377423191,0.7060015537950028,-0.515249780756909,-0.14641393153916515,-0.45809480587328666,-0.39431459787129886,-0.05572362106783113,-0.12946106110596378,-0.49929001343546775
NSGA-III,1,1909036,46,True,0.0,51572939.95582431,7262899.8190725865,44310040.136751726,15044926.510591595,经过处理的数据 / public-data surrogate; not author-run logs,0.5941190942790169,0.6258161369128348,0.6832471074135307,-0.44412045225075114,-0.13917227473760954,-0.42859776537514294,-0.34115570134746076,-0.02789216452749721,-0.1997005539076544,-0.43521607316914523
NSGA-III,1,1909036,47,True,0.0,51067199.30315039,7153918.316023779,43913280.98712662,15129797.617090242,经过处理的数据 / public-data surrogate; not author-run logs,0.5889223541147139,0.6217457879344147,0.6864766880578623,-0.452461554308736,-0.13991167689545794,-0.4253743837338786,-0.3476165380943368,-0.031074075717260508,-0.19177484093094244,-0.4443302372830018
NSGA-III,1,1909036,48,True,0.0,52195914.285884805,7978701.650021238,44217212.63586357,15694165.405804042,经过处理的数据 / public-data surrogate; not author-run logs,0.5905679397424607,0.6386474680079037,0.6628544124658464,-0.38933522761899664,-0.12713934492418894,-0.4039398479523759,-0.3331972043930731,-0.0378100702658456,-0.20925237454530898,-0.3978107627185272
NSGA-III,2,1909037,1,True,0.0,53389482.53298959,7895361.74539968,45494120.78758992,14649834.7116003,经过处理的数据 / public-data surrogate; not author-run logs,0.6158505011343937,0.6347735027889899,0.6668735326777725,-0.39571380224408526,-0.13211765743335122,-0.44360324490783776,-0.31794937025115144,-0.0415499166319403,-0.22693022442207156,-0.39487140261382203
NSGA-III,2,1909037,2,True,0.0,51860200.37697551,6886193.356988853,44974007.01998666,15085713.113483142,经过处理的数据 / public-data surrogate; not author-run logs,0.6026788192863117,0.628634012569639,0.6943578074199656,-0.47295238205755163,-0.14721622155462918,-0.42704870124255445,-0.33748594951896094,-0.047588537955828625,-0.20413351703275684,-0.4477249455290443
NSGA-III,2,1909037,3,True,0.0,51731710.51870738,6403309.317506427,45328401.20120094,14211010.403062869,经过处理的数据 / public-data surrogate; not author-run logs,0.6069795105268783,0.6080360207320871,0.7073777284933335,-0.509910810256978,-0.15622080821799153,-0.46026967331009494,-0.3391274074352081,-0.07468022614979164,-0.2021567648517163,-0.4709100532994328
NSGA-III,2,1909037,4,True,0.0,50151528.446709454,6236427.333937911,43915101.11277154,14156764.636891276,经过处理的数据 / public-data surrogate; not author-run logs,0.582037439090792,0.6062745042599436,0.711892319494168,-0.5226834332952248,-0.15564830969080673,-0.4623299128192454,-0.3593142331205492,-0.05621199249819864,-0.17701819748410774,-0.485026036258287
NSGA-III,2,1909037,5,True,0.0,51659442.35674347,6321661.868640768,45337780.488102704,14438522.570104359,经过处理的数据 / public-data surrogate; not author-run logs,0.5992261782620186,0.6234005578555379,0.7090551483681858,-0.5161598496325643,-0.15762814346725995,-0.4516288228173836,-0.3400506331912888,-0.025505033310964653,-0.20104063464377997,-0.47427093898606176
NSGA-III,2,1909037,6,True,0.0,52280050.059484154,6840374.033750299,45439676.02573386,14663786.077816192,经过处理的数据 / public-data surrogate; not author-run logs,0.6051690489710934,0.6270397076246838,0.6956418535576774,-0.47645924919251326,-0.14915899992507023,-0.4430733757970635,-0.3321223699004858,-0.09334013576930822,-0.21052494722100035,-0.44742825655332163
NSGA-III,2,1909037,7,True,0.0,52044193.01062483,6998242.176475519,45045950.834149316,14405156.058689892,经过处理的数据 / public-data surrogate; not author-run logs,0.605343487475276,0.6171886247651456,0.6908464668259366,-0.4643765172303209,-0.14553269881527753,-0.45289607388507347,-0.3351354436572094,-0.03069013480259819,-0.20694715601462133,-0.4425048421689657
NSGA-III,2,1909037,8,True,0.0,51976002.34938837,6506520.495526416,45469481.85386196,14567855.226469224,经过处理的数据 / public-data surrogate; not author-run logs,0.6022741902593651,0.624327584728511,0.7052424196172606,-0.5020113507587546,-0.15481683466556598,-0.4467168035526283,-0.336006579342231,-0.08036078261252144,-0.20590669896940073,-0.4640266203581056
NSGA-III,2,1909037,9,True,0.0,50149904.90411925,5918987.321691921,44230917.58242733,14253437.570089443,经过处理的数据 / public-data surrogate; not author-run logs,0.5885615947587963,0.6005995882882298,0.7212843846176067,-0.5469792951190974,-0.16197410677032528,-0.45865830099593186,-0.3593349738768469,-0.022777158517046203,-0.176991554442413,-0.5009685932644127
NSGA-III,2,1909037,10,True,0.0,52668302.05291583,7406239.319377897,45262062.73353793,14873981.137528345,经过处理的数据 / public-data surrogate; not author-run logs,0.6088842764457052,0.6310030845058805,0.6800754567823396,-0.4331496969616476,-0.1393795692912817,-0.4350902243511542,-0.3271624507542814,-0.09387158366587689,-0.2163446765659499,-0.42077769102436835
NSGA-III,2,1909037,11,True,0.0,49829466.7974755,6200158.801335586,43629307.996139914,13816507.106328595,经过处理的数据 / public-data surrogate; not author-run logs,0.5951360844729537,0.5844227634808064,0.7125621125491506,-0.5254593129029217,-0.15557244337903087,-0.4752528016864378,-0.363428570631542,-0.05760801656384562,-0.17169903808621456,-0.49134147387091986
NSGA-III,2,1909037,12,True,0.0,53004680.03568671,7334379.691609068,45670300.34407765,14439946.089256668,经过处理的数据 / public-data surrogate; not author-run logs,0.6121646043743124,0.6308345545306469,0.6822377462725417,-0.43864960724275437,-0.14162769614549103,-0.45157475794547564,-0.3228652220849314,-0.04206355450223498,-0.22131790528286577,-0.4213038736351131
NSGA-III,2,1909037,13,True,0.0,53101684.5515782,7994749.290994566,45106935.26058364,14333835.021232432,经过处理的数据 / public-data surrogate; not author-run logs,0.6073974694941843,0.6338735837566911,0.6640426158335587,-0.3881069915660539,-0.12944452594099565,-0.45560482757358534,-0.32162598941187837,-0.03259884542500169,-0.22274037766334243,-0.3920010569348983
NSGA-III,2,1909037,14,True,0.0,51257362.85381998,6354202.976860701,44903159.876959294,14339528.327545775,经过处理的数据 / public-data surrogate; not author-run logs,0.595960179155802,0.6163476000235892,0.7081571614822558,-0.5136692553835491,-0.1560333613927399,-0.45538859734158277,-0.34518719876876214,-0.035001257750913006,-0.19477333631642257,-0.4750363652510132
NSGA-III,2,1909037,15,True,0.0,50078790.31037447,6368755.186865512,43710035.12350895,14221379.872280274,经过处理的数据 / public-data surrogate; not author-run logs,0.5813981443821763,0.6047682204886419,0.7083801887516479,-0.5125554749215104,-0.1528252989460462,-0.45987584367732626,-0.3602434627991359,-0.06235885571724509,-0.17582283788812703,-0.48138020110751
NSGA-III,2,1909037,16,True,0.0,50975330.279817685,6390803.176284084,44584527.103533596,14631104.1045796,经过处理的数据 / public-data surrogate; not author-run logs,0.5934271665042268,0.6155845934014849,0.7081900370107794,-0.5108679910387519,-0.15462948957460018,-0.44431462829013435,-0.3487901648508758,-0.0721416865378145,-0.19031823720539487,-0.47580130859880054
NSGA-III,2,1909037,17,True,0.0,51297668.23266667,6412844.472945357,44884823.75972132,14432125.343114981,经过处理的数据 / public-data surrogate; not author-run logs,0.5967969088494552,0.6148898751671404,0.7065489871319196,-0.5091810193986226,-0.15498760286999524,-0.45187178776603654,-0.34467229756125073,-0.056854468741276754,-0.1954060154781736,-0.4722310001672527
NSGA-III,2,1909037,18,True,0.0,50750295.22659509,6366301.008620527,44383994.21797456,14003526.155032163,经过处理的数据 / public-data surrogate; not author-run logs,0.5855846322131746,0.6068059725345876,0.708200209782005,-0.5127433100186347,-0.15455637489012397,-0.46814986886244536,-0.3516649876152882,-0.0659667938614118,-0.18672797673951358,-0.4771029045963985
NSGA-III,2,1909037,19,True,0.0,51593341.17209224,6382426.8260237565,45210914.34606847,14653074.3424465,经过处理的数据 / public-data surrogate; not author-run logs,0.5966108905248063,0.6226569294879809,0.7081317856752939,-0.5115090905872095,-0.1562935936880916,-0.44348020460560866,-0.34089507581331013,-0.05461798714030963,-0.20001701106487502,-0.47231198578047173
NSGA-III,2,1909037,20,True,0.0,52157200.36285644,7125124.393639207,45032075.96921723,14607725.888754949,经过处理的数据 / public-data surrogate; not author-run logs,0.6025031554869782,0.6242886342525941,0.6875216171083807,-0.4546653507195072,-0.1433913564365058,-0.4452025265962074,-0.333691774752792,-0.09069042383520487,-0.20866543846565477,-0.43556807845906587
NSGA-III,2,1909037,21,True,0.0,51961074.650998,7091937.193383284,44869137.45761471,14919054.3201469,经过处理的数据 / public-data surrogate; not author-run logs,0.6013438776579778,0.6265462954258452,0.688671710402637,-0.4572053948243262,-0.14351442419124275,-0.43337835708136296,-0.336197280686481,-0.024603280016853746,-0.20567856694227815,-0.4390841032048671
NSGA-III,2,1909037,22,True,0.0,51993454.780882746,7051820.05768564,44941634.7231971,14549788.64729995,经过处理的数据 / public-data surrogate; not author-run logs,0.6048934955721023,0.6197835863633329,0.6892725251090386,-0.4602758344289095,-0.14437100424650964,-0.4474029673369502,-0.3357836245330317,-0.04754992259959878,-0.20617324903795808,-0.43959069733271705
NSGA-III,2,1909037,23,True,0.0,51014912.99183887,6727698.723262571,44287214.26857631,14952291.37936937,经过处理的数据 / public-data surrogate; not author-run logs,0.598406928864421,0.6104755545684133,0.6979591677750614,-0.48508306367387866,-0.14812290115365218,-0.43211602257286874,-0.34828449571193,-0.04758856833608549,-0.19094647311066115,-0.45800443434815785
NSGA-III,2,1909037,24,True,0.0,51107000.404095,6631094.723767467,44475905.680327535,13986896.424930776,经过处理的数据 / public-data surrogate; not author-run logs,0.5973787725303168,0.5998362718017922,0.7001593238120812,-0.4924768304733448,-0.1502507548606562,-0.4687814615082754,-0.34710807903693364,-0.05271085262931097,-0.19240427038067986,-0.4628202349693161
NSGA-III,2,1909037,25,True,0.0,51076245.316889375,6794579.797098078,44281665.51979128,14977037.86937994,经过处理的数据 / public-data surrogate; not author-run logs,0.5987924045636086,0.6151164454439826,0.6964207634860557,-0.47996419627892495,-0.14697182310596912,-0.4311761575837506,-0.34750097527044954,-0.016590269915220612,-0.1919179841053823,-0.4576129948406543
NSGA-III,2,1909037,26,True,0.0,49862190.42778122,6272865.059201186,43589325.36858003,13553083.45272037,经过处理的数据 / public-data surrogate; not author-run logs,0.5848142271472656,0.5899124319859961,0.7101366670330969,-0.5198946042124981,-0.15419595879393627,-0.485257560713929,-0.36301052626027674,-0.04341592040738329,-0.17224263663708028,-0.48813829778739315
NSGA-III,2,1909037,27,True,0.0,49459105.82227282,6071040.219916938,43388065.60235588,13519215.676788498,经过处理的数据 / public-data surrogate; not author-run logs,0.5840390079619129,0.585005378643721,0.715507203953021,-0.5353416437119659,-0.15725131461671155,-0.48654384967224473,-0.3681599320230913,-0.017914246101701448,-0.16549653306887635,-0.4977741879355021
NSGA-III,2,1909037,28,True,0.0,48547331.80482844,6030977.01127036,42516354.793558076,13534325.906109203,经过处理的数据 / public-data surrogate; not author-run logs,0.5742656798500652,0.5743469413604146,0.7173485368578849,-0.5384079559093834,-0.15577119509850124,-0.4859699672545762,-0.3798078449318242,-0.05301520278352556,-0.14982361036997371,-0.5061985500976282
NSGA-III,2,1909037,29,True,0.0,49516927.13079313,6212856.777894728,43304070.352898404,13840205.557834812,经过处理的数据 / public-data surrogate; not author-run logs,0.5853718140844164,0.5868451572670326,0.7121620626428966,-0.5244874496468033,-0.15453064764127636,-0.4743527409159004,-0.3674212648171522,-0.06076963945519309,-0.16647098938550597,-0.4929963602286016
NSGA-III,2,1909037,30,True,0.0,48308072.90768695,5903280.029078942,42404792.878608,13425628.722489845,经过处理的数据 / public-data surrogate; not author-run logs,0.5657686200705772,0.576021416031522,0.7202450970332356,-0.5481814819771811,-0.15779930612509302,-0.4900982568526546,-0.3828643772997402,-0.06187512264925832,-0.14561288009001983,-0.5113700631775042
NSGA-III,2,1909037,31,True,0.0,49267888.20528819,6135823.223329043,43132064.98195914,13174705.989643697,经过处理的数据 / public-data surrogate; not author-run logs,0.5768859014076828,0.5868552994611739,0.7141205585535507,-0.5303833560395969,-0.15545999134847327,-0.4996282342949191,-0.37060273704565094,-0.02096045747683739,-0.1622576736388337,-0.4970576590295285
NSGA-III,2,1909037,32,True,0.0,50145677.45139745,6294320.27078817,43851357.180609286,13542512.424411247,经过处理的数据 / public-data surrogate; not author-run logs,0.5774466557963589,0.6005232564956674,0.7097257482951282,-0.5182524896837366,-0.1544793052823188,-0.4856590455064179,-0.3593889795846069,-0.07308643278996785,-0.17692217200567928,-0.4860763634893125
NSGA-III,2,1909037,33,True,0.0,49077769.55243624,6057960.29375438,43019809.25868186,13768710.038461745,经过处理的数据 / public-data surrogate; not author-run logs,0.5753747579762735,0.5879151451376876,0.7165818905615126,-0.5363427401914661,-0.15656406660286665,-0.4770681213803164,-0.37303150280161324,-0.07018310545106465,-0.15901240711638764,-0.5007460854163548
NSGA-III,2,1909037,34,True,0.0,49231963.96187267,6070644.433915639,43161319.52795704,13383640.786550445,经过处理的数据 / public-data surrogate; not author-run logs,0.5697536965341834,0.5922465234880806,0.7155685516774384,-0.5353719359297974,-0.1566930273466847,-0.491692947289073,-0.3710616692488178,-0.1025795244726283,-0.16164637852017882,-0.5019439888891803
NSGA-III,2,1909037,35,True,0.0,48912913.310049236,6070763.530168283,42842149.779880956,14018235.03733096,经过处理的数据 / public-data surrogate; not author-run logs,0.5806593610781664,0.576772903425155,0.7157730878603425,-0.5353628206765642,-0.1558862819786072,-0.46759122949598186,-0.37513754126843313,-0.007565831490833341,-0.15617793979324823,-0.4993045828485375
NSGA-III,2,1909037,36,True,0.0,50308490.41823406,6200362.188041415,44108128.23019265,13311206.26471476,经过处理的数据 / public-data surrogate; not author-run logs,0.5808817100054857,0.598077149914578,0.712380019983938,-0.525443746323061,-0.15675316558904093,-0.49444399081273227,-0.35730904396257557,-0.0974316617900195,-0.17958589222465493,-0.4885759286432426
NSGA-III,2,1909037,37,True,0.0,49029142.90819515,6050048.18979622,42979094.71839894,13689498.510528931,经过处理的数据 / public-data surrogate; not author-run logs,0.5768463673281129,0.5790112679869676,0.7157570458318465,-0.5369483077856188,-0.156603019532186,-0.4800765537602948,-0.3736527081730403,-0.057852665519625424,-0.15817832350683136,-0.4996268692112622
NSGA-III,2,1909037,38,True,0.0,49019656.75278945,6302684.257951849,42716972.49483759,13372421.89588753,经过处理的数据 / public-data surrogate; not author-run logs,0.5855365782545149,0.572058242959923,0.7084068337585789,-0.5176123363678783,-0.15142536942400775,-0.49211903771831433,-0.3737738938066406,-0.01155254698836361,-0.15801541638393224,-0.48829649695728516
NSGA-III,2,1909037,39,True,0.0,52418628.70264632,7527346.656129185,44891282.04651714,15300630.253091315,经过处理的数据 / public-data surrogate; not author-run logs,0.6083101758003258,0.6293721118796008,0.6765822558153749,-0.4238805216653514,-0.13639939764869946,-0.418886206480959,-0.3303520277590333,-0.030468497240670023,-0.21261207510534685,-0.4160031689377284
NSGA-III,2,1909037,40,True,0.0,51983380.95242486,7342627.365722818,44640753.586702034,14983908.781760246,经过处理的数据 / public-data surrogate; not author-run logs,0.6043700279895191,0.6249061982346668,0.6810943098132023,-0.43801835616253226,-0.1387504846511853,-0.4309152021922268,-0.3359123176897679,-0.030821429135272527,-0.20601941382431954,-0.42590719255179954
NSGA-III,2,1909037,41,True,0.0,51623442.880322956,7076862.041658001,44546580.83866496,14563655.026491435,经过处理的数据 / public-data surrogate; not author-run logs,0.5960039483304401,0.620807578556259,0.6880265272732372,-0.4583591996036921,-0.14291379174256022,-0.446876326010348,-0.34051052649608105,-0.09069042383520487,-0.20048348236509972,-0.43929325893777194
NSGA-III,2,1909037,42,True,0.0,51533017.62131214,6958456.999197076,44574560.62211506,13880887.493046196,经过处理的数据 / public-data surrogate; not author-run logs,0.5960461444573649,0.6106275949193767,0.69166031530928,-0.46742154977979766,-0.1449708998155133,-0.47280765203346,-0.3416657091636677,-0.0355993437599218,-0.19908056649625183,-0.4481650811601826
NSGA-III,2,1909037,43,True,0.0,49741044.210999146,6452262.832311628,43288781.378687516,14457097.517909793,经过处理的数据 / public-data surrogate; not author-run logs,0.5850837678752098,0.5976485910627645,0.7047523441052328,-0.5061640619403909,-0.15028292359642803,-0.45092335132992944,-0.3645581691578613,-0.061225591398119006,-0.17022660190006234,-0.47635561822832173
NSGA-III,2,1909037,44,True,0.0,50937142.02784249,6601913.186747383,44335228.841095105,13890727.736881806,经过处理的数据 / public-data surrogate; not author-run logs,0.5964456359195702,0.6000719073392746,0.7008985331425157,-0.49471029369126684,-0.15039097750834265,-0.4724339222373747,-0.3492780197629849,-0.052434181080704856,-0.18971120803284303,-0.4657095258695806
NSGA-III,2,1909037,45,True,0.0,50139167.117759205,6466720.46018839,43672446.65757082,13809414.56463629,经过处理的数据 / public-data surrogate; not author-run logs,0.5872099269759617,0.5943033350883935,0.7055021284253166,-0.5050575204974598,-0.15102457356341112,-0.47552217449921286,-0.3594721490956636,-0.04227123126485577,-0.1768152992437545,-0.4796574211682181
NSGA-III,2,1909037,46,True,0.0,47683098.47989917,5998093.956106868,41685004.523792304,13369741.446365742,经过处理的数据 / public-data surrogate; not author-run logs,0.5679722216123687,0.556878850556986,0.716163835618623,-0.5409247217037971,-0.1542092240789393,-0.4922208404652716,-0.39084842550223386,-0.018987155159090108,-0.13441457044996807,-0.5101359108217165
NSGA-III,2,1909037,47,True,0.0,51054241.376514,6840733.454950765,44213507.92156323,14267906.393458648,经过处理的数据 / public-data surrogate; not author-run logs,0.5867934982790994,0.6160477232035466,0.6956266730795588,-0.47643174022235757,-0.14601047688669327,-0.45810877900260494,-0.34778207560478425,-0.05961473368509451,-0.19156970768374226,-0.45613222835120903
NSGA-III,2,1909037,48,True,0.0,49546109.159399286,6145097.006107008,43401012.15329227,13381944.371078603,经过处理的数据 / public-data surrogate; not author-run logs,0.5834427875977554,0.5842260626319603,0.7135663297724191,-0.5296735698240411,-0.1559721578472074,-0.4917573766892951,-0.36704846440696137,-0.021085003384417877,-0.16696192737931614,-0.49443982165592126
NSGA-III,3,1909038,1,True,0.0,52050874.239012554,6912301.097393499,45138573.14161906,14569576.487970449,经过处理的数据 / public-data surrogate; not author-run logs,0.587063450435005,0.6280098749867254,0.6918094336884107,-0.4709541775813205,-0.14720105668825306,-0.4466514305069388,-0.3350500909657589,-0.010152885501884867,-0.2070489519450771,-0.4448035880154966
NSGA-III,3,1909038,2,True,0.0,47371435.09563774,5632181.661114208,41739253.43452352,14641904.059479233,经过处理的数据 / public-data surrogate; not author-run logs,0.5508726420383017,0.5753443905395205,0.7259497599111548,-0.5689304998534925,-0.1611059523583474,-0.4439044489277324,-0.3948299251800743,-0.018703675711638557,-0.12871976125121132,-0.5253561665322648
NSGA-III,3,1909038,3,True,0.0,49818530.672280736,6135019.298339238,43683511.373941496,15093569.683998544,经过处理的数据 / public-data surrogate; not author-run logs,0.5694058456809135,0.6091339779260804,0.7148919295070896,-0.5304448859341142,-0.15685266475045218,-0.4267503108219812,-0.36356827962893656,-0.09906423894981242,-0.17151721010180399,-0.49404043851435486
NSGA-III,3,1909038,4,True,0.0,51984490.37453735,6351908.145448527,45632582.22908882,14833261.100766534,经过处理的数据 / public-data surrogate; not author-run logs,0.5912905422783385,0.6266124582143158,0.7078472471317474,-0.5138448945744147,-0.15781147608287854,-0.43663676032016174,-0.3358981448224806,-0.007965409298779758,-0.20603635848633017,-0.4698439268914746
NSGA-III,3,1909038,5,True,0.0,49661249.56991839,6050229.192876789,43611020.37704159,14627878.003584012,经过处理的数据 / public-data surrogate; not author-run logs,0.5718772664605276,0.5987164648016062,0.7156132943692599,-0.5369344543781542,-0.15817001695942767,-0.44443715473230117,-0.365577545683305,-0.020791371237953493,-0.16889333962709985,-0.4955837816385382
NSGA-III,3,1909038,6,True,0.0,52342267.31785338,7207291.726026183,45134975.59182721,14664731.20813299,经过处理的数据 / public-data surrogate; not author-run logs,0.5906446654686169,0.6325220128094031,0.6841321959660549,-0.4483765210915547,-0.1423045562344631,-0.443037480003578,-0.331327544436018,-0.03465899707071085,-0.2114633661289268,-0.4291911676161342
NSGA-III,3,1909038,7,True,0.0,50299486.36783086,6158323.520004379,44141162.84782648,14213705.011060305,经过处理的数据 / public-data surrogate; not author-run logs,0.573312035198635,0.6094008256350483,0.7126987736383639,-0.5286612539795816,-0.15756687066405223,-0.46016733282806677,-0.3574240707048557,-0.029690098490737893,-0.17943903088448365,-0.48960857633423716
NSGA-III,3,1909038,8,True,0.0,50055195.276489735,5831296.167335447,44223899.1091543,15186565.781657098,经过处理的数据 / public-data surrogate; not author-run logs,0.5691678352623679,0.6179654440736025,0.7227355795366535,-0.5536909007366331,-0.16350267869049093,-0.4232183442167552,-0.3605448893527662,-0.06411897279935264,-0.17543433699507005,-0.504983978996566
NSGA-III,3,1909038,9,True,0.0,50688847.421772376,6221945.843379624,44466901.57839275,14795430.72422738,经过处理的数据 / public-data surrogate; not author-run logs,0.5836238040874845,0.6161944387467005,0.712173972133314,-0.5237918011128747,-0.15725217360718463,-0.43807354777644836,-0.35244998331083766,-0.023678178387342208,-0.18574208372566658,-0.48329113414603153
NSGA-III,3,1909038,10,True,0.0,47087743.27697852,5668506.0172886085,41419237.2596899,13810844.973304372,经过处理的数据 / public-data surrogate; not author-run logs,0.5422098762951254,0.5712942295069673,0.7240721966351495,-0.5661503476848665,-0.1596182271053968,-0.47546784796536157,-0.39845408811238137,-0.11580006101118001,-0.12347051679202059,-0.5236479273323913
NSGA-III,3,1909038,11,True,0.0,51116325.284812376,6543307.1216684785,44573018.163143896,14012299.297744907,经过处理的数据 / public-data surrogate; not author-run logs,0.5879731973729635,0.6033191326610954,0.7010683711599147,-0.4991958178982612,-0.1519918326442645,-0.46781666727802984,-0.34698895368744764,-0.01984140463624673,-0.1925515957958892,-0.4654583230610555
NSGA-III,3,1909038,12,True,0.0,51323200.07525272,6897612.858571924,44425587.216680795,14714410.164866507,经过处理的数据 / public-data surrogate; not author-run logs,0.5781995915455318,0.6192108480507884,0.6920081826629372,-0.4720783692618843,-0.14560438849373603,-0.441150686680169,-0.34434612827680966,-0.06385644674715274,-0.1958062782624188,-0.44972482013271664
NSGA-III,3,1909038,13,True,0.0,50397026.6848162,6487466.720285666,43909559.96453053,14943421.964170272,经过处理的数据 / public-data surrogate; not author-run logs,0.5703164015306794,0.6173181234060102,0.7035461070824403,-0.5034696668897206,-0.15127282804086073,-0.432452880560245,-0.3561779931729252,-0.06537753600434382,-0.18102717570766702,-0.47519999159137616
NSGA-III,3,1909038,14,True,0.0,51658503.9395749,7058788.9377940055,44599715.00178089,14023666.232819071,经过处理的数据 / public-data surrogate; not author-run logs,0.5799521670942925,0.6178030805787148,0.6866784830312631,-0.4597424582266405,-0.14335669058378675,-0.46738495416214054,-0.3400626214704484,-0.0471607355924345,-0.2010261209213865,-0.43944784110886137
NSGA-III,3,1909038,15,True,0.0,51083453.781164974,6955689.695088825,44127764.086076155,14741438.843959717,经过处理的数据 / public-data surrogate; not author-run logs,0.5789650988860394,0.6196492311568202,0.6906104746653612,-0.46763335054732846,-0.14383673811707964,-0.4401241447677212,-0.34740888714062634,-0.010173543593502754,-0.19203201379429646,-0.44877098067157517
NSGA-III,3,1909038,16,True,0.0,51635926.088258065,6645168.680020448,44990757.40823762,14557616.268162036,经过处理的数据 / public-data surrogate; not author-run logs,0.5778941557363328,0.6262800300071206,0.6987746846243572,-0.49139965405182706,-0.15130726253147325,-0.4471056764163701,-0.34035105351695694,-0.06385646742010631,-0.20067676893306274,-0.45964833045691544
NSGA-III,3,1909038,17,True,0.0,49951105.220243186,6169839.976560353,43781265.24368283,13750060.630619565,经过处理的数据 / public-data surrogate; not author-run logs,0.5727233924206825,0.5991986611148175,0.7123926793674201,-0.5277798205547122,-0.15648241316470485,-0.477776420839802,-0.3618746398025797,-0.08733667219835906,-0.17371607498940034,-0.48972455819426597
NSGA-III,3,1909038,18,True,0.0,48281205.29543439,5871787.5582951205,42409417.73713927,14392039.414629648,经过处理的数据 / public-data surrogate; not author-run logs,0.5517671945315497,0.587422490296546,0.7205563120639884,-0.5505918168093986,-0.15838357550592524,-0.45339424047442345,-0.3832076110414304,-0.10782009589333152,-0.145137429203679,-0.5107247936653531
NSGA-III,3,1909038,19,True,0.0,49175393.56792755,6070731.619803426,43104661.94812412,14403375.278049575,经过处理的数据 / public-data surrogate; not author-run logs,0.5595883891303294,0.6011165634583288,0.7158476587973467,-0.5353652629956966,-0.15654940450211693,-0.4529637074515477,-0.3717843560212841,-0.07350939822983171,-0.1606819532011029,-0.5019245947292481
NSGA-III,3,1909038,20,True,0.0,49059529.932166055,5985393.115129124,43074136.817036934,14325793.174286544,经过处理的数据 / public-data surrogate; not author-run logs,0.5631702778558794,0.5933362185748761,0.7180828369892788,-0.5418968041935216,-0.1579973407122929,-0.45591025474281455,-0.3732645139472818,-0.06889809348114384,-0.1586997401510225,-0.503657144065065
NSGA-III,3,1909038,21,True,0.0,49431068.8384225,6053583.805618888,43377485.03280362,14764633.84271414,经过处理的数据 / public-data surrogate; not author-run logs,0.566082330310361,0.6011517685051911,0.7155177352089667,-0.5366777028518486,-0.15753483896117032,-0.43924320499635927,-0.3685181044867325,-0.02953221091526881,-0.16502320807762716,-0.49754500288344394
NSGA-III,3,1909038,22,True,0.0,48494617.50968757,5787627.135931695,42706990.37375587,13806745.079126926,经过处理的数据 / public-data surrogate; not author-run logs,0.55443103363038,0.5845727261588112,0.7219119506761189,-0.5570331912861488,-0.16065423683823216,-0.47562356083594737,-0.3804812700427602,-0.07517094728779228,-0.14889945731080578,-0.5144805680275117
NSGA-III,3,1909038,23,True,0.0,49642400.61619387,6186691.5421857275,43455709.07400814,14430947.694511231,经过处理的数据 / public-data surrogate; not author-run logs,0.5666899652430939,0.6025349393078725,0.712320895022533,-0.5264900546331032,-0.15537485163101555,-0.4519165145410934,-0.365818341063743,-0.0690427886802214,-0.16857777287796893,-0.49326213753423354
NSGA-III,3,1909038,24,True,0.0,49862633.267619655,6086966.348349361,43775666.91927031,14286604.795508398,经过处理的数据 / public-data surrogate; not author-run logs,0.5678771806556463,0.5997508106745502,0.714300995561449,-0.5341227078473731,-0.15792529296076746,-0.45739861875638377,-0.36300486898142037,-0.052442428834765575,-0.17224998811278536,-0.4918825080483552
NSGA-III,3,1909038,25,True,0.0,48476128.61679339,5952503.173637577,42523625.44315581,14768945.772962738,经过处理的数据 / public-data surrogate; not author-run logs,0.5527538497289844,0.5961061346761505,0.7182730809579053,-0.5444140970458626,-0.15720753815362487,-0.43907943905321156,-0.3807174656461555,-0.0026515593829338213,-0.14857484585306424,-0.5085946135511805
NSGA-III,3,1909038,26,True,0.0,49705992.37253228,6140308.013474789,43565684.35905749,14498966.925609104,经过处理的数据 / public-data surrogate; not author-run logs,0.5677191198408286,0.6017239943243565,0.7138991324165436,-0.5300401042834015,-0.1564674494886869,-0.4493331625639715,-0.3650059563879663,-0.06574712664946669,-0.16964145951126708,-0.49280884237005773
NSGA-III,3,1909038,27,True,0.0,48022453.66289076,5843294.779817487,42179158.88307328,14696633.252715075,经过处理的数据 / public-data surrogate; not author-run logs,0.5596730303324122,0.5786441388553858,0.7212385725373889,-0.5527725646110789,-0.15832161136879022,-0.4418258489895964,-0.38651316310060013,-0.013278393276251355,-0.14053131125421392,-0.5141391797225396
NSGA-III,3,1909038,28,True,0.0,49068523.517162114,5922022.777852672,43146500.73930944,14542823.602126403,经过处理的数据 / public-data surrogate; not author-run logs,0.5631419428495539,0.5958235173534109,0.7196848755895292,-0.5467469708354249,-0.15931116827304992,-0.44766749786646953,-0.3731496209005759,-0.09166579883926251,-0.15885393890924493,-0.5064207260755886
NSGA-III,3,1909038,29,True,0.0,48668372.40718266,5885213.34340966,42783159.063773006,14030850.09647975,经过处理的数据 / public-data surrogate; not author-run logs,0.5552075774811283,0.5899215522005239,0.7198877941699469,-0.5495642493716584,-0.15907519704642728,-0.46711211296573707,-0.37826155125853633,-0.07517077357260982,-0.15193804028037206,-0.5093355325795893
NSGA-III,3,1909038,30,True,0.0,49350682.66643391,6119334.018014252,43231348.64841966,14331800.084683785,经过处理的数据 / public-data surrogate; not author-run logs,0.5661220877177632,0.5978055543568542,0.7145529232594305,-0.5316453880407901,-0.15600305229057462,-0.45568211391263114,-0.3695450378194173,-0.08241031726590653,-0.16366313392311893,-0.49669776019663503
NSGA-III,3,1909038,31,True,0.0,50240306.48474774,6284273.184358828,43956033.30038892,15166265.824441444,经过处理的数据 / public-data surrogate; not author-run logs,0.5716832592170803,0.6160711014215509,0.7098713269893729,-0.5190214621327127,-0.15491570764468476,-0.42398933109446757,-0.35818009370059023,-0.06537753600434382,-0.17847246229419111,-0.48466396280335367
NSGA-III,3,1909038,32,True,0.0,49615092.57856752,6189881.603120007,43425210.97544752,15135608.397912188,经过处理的数据 / public-data surrogate; not author-run logs,0.5698086666006766,0.6036867826359005,0.7119893075924509,-0.5262458973855004,-0.15524196204374555,-0.4251536918518519,-0.3661672012395042,-0.02953221091526881,-0.16812015991623397,-0.49109609672857446
NSGA-III,3,1909038,33,True,0.0,49927509.820410244,6256487.050708791,43671022.76970145,15482665.550203077,经过处理的数据 / public-data surrogate; not author-run logs,0.5738877364089064,0.6130753058745432,0.7106344490871936,-0.5211481255580462,-0.15468858204197572,-0.4119725551927965,-0.3621760710311983,-0.008985766513108007,-0.1733255788549789,-0.48408420154277965
NSGA-III,3,1909038,34,True,0.0,50152512.75576931,6181142.17195091,43971370.58381839,13685532.568430845,经过处理的数据 / public-data surrogate; not author-run logs,0.571874098572313,0.6048031699613186,0.7116761806314367,-0.5269147860066962,-0.15675309107538465,-0.4802271791671816,-0.35930165857248675,-0.11166639989590088,-0.17703434958496578,-0.48813754377476326
NSGA-III,3,1909038,35,True,0.0,50523974.10836294,6350806.21633813,44173167.892024815,14664140.994660579,经过处理的数据 / public-data surrogate; not author-run logs,0.577253152937905,0.6115628006372741,0.7079743932396504,-0.5139292327686344,-0.154301134690691,-0.44305989615142716,-0.3545562398599661,-0.08363752302544847,-0.18308494119095475,-0.4810594768525457
NSGA-III,3,1909038,36,True,0.0,50869916.364468485,6571281.420077187,44298634.944391295,14432402.920635622,经过处理的数据 / public-data surrogate; not author-run logs,0.5745733200723504,0.6161064568577064,0.7019224466334074,-0.49705475293310775,-0.15082185523963076,-0.45186124544697215,-0.35013682760048725,-0.021858464038381098,-0.18864039436815683,-0.46716955228954693
NSGA-III,3,1909038,37,True,0.0,50776706.29620196,6523969.981553987,44252736.31464797,14622545.531807644,经过处理的数据 / public-data surrogate; not author-run logs,0.5791577550174317,0.6157257726114901,0.7022007803161862,-0.5006758218869407,-0.15151647955468173,-0.44463968056630543,-0.3513275862058144,-0.02404114914443689,-0.18715099322842,-0.46792383170791696
NSGA-III,3,1909038,38,True,0.0,51199988.23944272,6473288.7923968695,44726699.44704585,14880888.150872944,经过处理的数据 / public-data surrogate; not author-run logs,0.5835637780094499,0.613803472901049,0.7031912798603572,-0.5045548009737885,-0.15356854923239868,-0.4348278978547828,-0.3459201594571043,-0.008549490311751118,-0.1938710007709714,-0.4662903145432451
NSGA-III,3,1909038,39,True,0.0,50622236.27392559,6230296.091898175,44391940.18202741,14998435.60968407,经过处理的数据 / public-data surrogate; not author-run logs,0.5809919796160692,0.6114493078932903,0.7115186336297923,-0.5231526993097773,-0.15692570398935016,-0.4303634772016234,-0.35330094071259044,-0.05976308543624109,-0.1846706444049524,-0.4845232746850988
NSGA-III,3,1909038,40,True,0.0,50482059.186245844,6481194.399252702,44000864.786993146,14994019.157917127,经过处理的数据 / public-data surrogate; not author-run logs,0.5757847531080539,0.6158934160857581,0.7048405774385832,-0.5039497306474481,-0.15161390593554586,-0.43053121284373297,-0.3550917029824673,-0.06088890451180118,-0.18240666198407973,-0.4745318969689978
NSGA-III,3,1909038,41,True,0.0,50775613.77228947,6173480.438637832,44602133.33365165,13967824.551153826,经过处理的数据 / public-data surrogate; not author-run logs,0.5828977113292299,0.6020854391061221,0.7111302071088986,-0.5275011910178,-0.15841642906920456,-0.4695058061095574,-0.3513415431985998,-0.016056019994318493,-0.18713350339597556,-0.48271305006973886
NSGA-III,3,1909038,42,True,0.0,50523651.680200055,6659591.950255661,43864059.72994438,15102372.553049905,经过处理的数据 / public-data surrogate; not author-run logs,0.575999562274482,0.6159324928165691,0.6989988975765582,-0.49029574223490224,-0.14818862594475693,-0.42641598023927507,-0.35456035887968895,-0.017649262357378848,-0.1830797278618923,-0.463388661505321
NSGA-III,3,1909038,43,True,0.0,50639123.658423044,6375110.611464475,44264013.046958566,14630214.376409676,经过处理的数据 / public-data surrogate; not author-run logs,0.5779613256585499,0.6150369464943181,0.7065641225417947,-0.5120690506777741,-0.15410701151807804,-0.4443484199250849,-0.3530852043786752,-0.02443918449070459,-0.18494254445624225,-0.4752238237547344
NSGA-III,3,1909038,44,True,0.0,51196669.25473394,6881143.703259804,44315525.55147414,14815342.303979356,经过处理的数据 / public-data surrogate; not author-run logs,0.577087935961305,0.6229942516062952,0.6930330709560429,-0.4733388666988271,-0.14559391844375633,-0.4373173113696317,-0.3459625594861615,-0.010173543593502754,-0.19381874092944873,-0.45341808670474903
NSGA-III,3,1909038,45,True,0.0,50435646.43201719,6357402.1212345725,44078244.31078262,14613424.866712697,经过处理的数据 / public-data surrogate; not author-run logs,0.5717473479470737,0.6129569179587366,0.7066677404021521,-0.5134244029180005,-0.15395022031087102,-0.4449860809566861,-0.3556846259093841,-0.10962488953966754,-0.1816542822419569,-0.4817276775847672
NSGA-III,3,1909038,46,True,0.0,50980756.38473636,6721589.819448793,44259166.565287575,14194523.295119848,经过处理的数据 / public-data surrogate; not author-run logs,0.5797942896888268,0.6092505850474342,0.6962036429113174,-0.4855506199907549,-0.1481543724317665,-0.46089584920497295,-0.34872084636151635,-0.04660671618793122,-0.19040441517738305,-0.4583554313339826
NSGA-III,3,1909038,47,True,0.0,49382525.39483912,6056466.648522994,43326058.746316135,13069491.93157912,经过处理的数据 / public-data surrogate; not author-run logs,0.5647657276717046,0.5897627926308681,0.7151349284191482,-0.5364570591076572,-0.15735607686933034,-0.5036242357276761,-0.3691382469697724,-0.08686872694288428,-0.16420241877072084,-0.5001546632153504
NSGA-III,3,1909038,48,True,0.0,49798512.22767057,6199891.380520808,43598620.84714976,14619290.976664482,经过处理的数据 / public-data surrogate; not author-run logs,0.5730916702607572,0.5993615206109901,0.7111952111551517,-0.525479780452424,-0.15550046972937812,-0.44476328768929163,-0.3638240152552281,-0.04836140599048522,-0.17118416929198566,-0.4882477596823308
NSGA-III,4,1909039,1,True,0.0,54368082.363632075,7164697.361454137,47203385.00217795,15552223.334980566,经过处理的数据 / public-data surrogate; not author-run logs,0.6266094274013245,0.6583883128405761,0.6886311517440722,-0.4516365600160622,-0.14821868548656503,-0.4093307693635716,-0.3054477575908414,-0.025391066937474283,-0.240845115633343,-0.425471496146827
NSGA-III,4,1909039,2,True,0.0,53890665.44808791,6930661.478022938,46960003.970064975,15438551.62280808,经过处理的数据 / public-data surrogate; not author-run logs,0.6220549045822629,0.6525644886022447,0.6948221315325094,-0.4695489316967504,-0.15139402676890043,-0.4136479902089686,-0.31154675860098324,-0.025400061530175044,-0.2341197694105589,-0.438550570816586
NSGA-III,4,1909039,3,True,0.0,51411371.53108898,6206523.701142001,45204847.82994697,14781811.672116272,经过处理的数据 / public-data surrogate; not author-run logs,0.5950561873392001,0.6215168749191288,0.7137715989107045,-0.5249721634565576,-0.15927721987753524,-0.43859079568751536,-0.3432197379443723,-0.026348886025061802,-0.19718548541267156,-0.484407470932368
NSGA-III,4,1909039,4,True,0.0,52662222.42487267,6238405.795973089,46423816.62889959,14996653.523676952,经过处理的数据 / public-data surrogate; not author-run logs,0.6099983981437419,0.6328977893934137,0.7129351991848291,-0.5225320080231226,-0.16153926080744643,-0.43043116034557527,-0.3272401180014385,-0.015119199435414843,-0.21625420691500963,-0.47426512460145076
NSGA-III,4,1909039,5,True,0.0,53619686.86769113,6893481.099677898,46726205.76801323,15094544.295215648,经过处理的数据 / public-data surrogate; not author-run logs,0.6175903445839969,0.6473766029169107,0.695263965179032,-0.47239460111453757,-0.15143749800912013,-0.4267132953518856,-0.315008509916776,-0.026789035580426224,-0.2302492295069748,-0.44186255625109383
NSGA-III,4,1909039,6,True,0.0,52497220.993288875,6406810.809783559,46090410.18350531,14921793.197927795,经过处理的数据 / public-data surrogate; not author-run logs,0.6056224729400677,0.6361579436921049,0.7089797448783842,-0.5096428170322405,-0.15795904833509966,-0.4332743352449474,-0.3293480112602212,-0.01984765713582204,-0.21379085408585075,-0.4716811406164997
NSGA-III,4,1909039,7,True,0.0,53322296.17648693,6806198.524836033,46516097.65165089,15348515.278332673,经过处理的数据 / public-data surrogate; not author-run logs,0.6102000539439709,0.6524666759503552,0.6988239557900879,-0.47907493533890266,-0.15235736243786702,-0.4170675461898158,-0.31880767594337933,-0.02409912236765599,-0.22595615268721048,-0.4504427534202615
NSGA-III,4,1909039,8,True,0.0,52737173.02697979,6365674.60028055,46371498.42669924,15087896.311113555,经过处理的数据 / public-data surrogate; not author-run logs,0.6118645075674805,0.6351005931071579,0.7097062454453218,-0.5127912533461494,-0.1592943528272944,-0.4269657839877731,-0.3262826240730111,-0.015208773092324379,-0.2173680743394275,-0.46882656258329003
NSGA-III,4,1909039,9,True,0.0,53292950.602440186,6575662.309387797,46717288.2930524,15031719.549364842,经过处理的数据 / public-data surrogate; not author-run logs,0.6133892958512688,0.6452792789664792,0.7050779097499378,-0.496719453420601,-0.15661290592743599,-0.4290993621860184,-0.31918256564654435,-0.019336530456614764,-0.22552992819072504,-0.4580937518628646
NSGA-III,4,1909039,10,True,0.0,53338999.471282065,6647263.314624515,46691736.15665754,15299653.542960642,经过处理的数据 / public-data surrogate; not author-run logs,0.6192033056288218,0.6441310581803575,0.7034559855229789,-0.4912393372960664,-0.15537705280348524,-0.4189233016672236,-0.3185942913553781,-0.012512380444292148,-0.2261985472333058,-0.45491976851661176
NSGA-III,4,1909039,11,True,0.0,52549471.70893531,6449600.163981563,46099871.54495373,14900557.453520514,经过处理的数据 / public-data surrogate; not author-run logs,0.6050382804834503,0.6367633164196668,0.70784117204283,-0.5063678542139999,-0.1572661274369216,-0.4340808630667816,-0.32868050837724305,-0.02617959812575832,-0.21457259344850932,-0.46656223389326756
NSGA-III,4,1909039,12,True,0.0,53570223.835370064,6527565.425938,47042658.40943205,15130746.060551647,经过处理的数据 / public-data surrogate; not author-run logs,0.6209115383803109,0.642642140095819,0.7060243181638325,-0.5004006378629378,-0.15814937182270772,-0.4253383621080581,-0.3156404001457743,-0.01573693470021298,-0.2295384949885403,-0.4579410283865132
NSGA-III,4,1909039,13,True,0.0,54082449.62532632,6962539.988983865,47119909.63634245,15274684.409633895,经过处理的数据 / public-data surrogate; not author-run logs,0.6250194498583399,0.6484488995243258,0.694336105661029,-0.4671090505614848,-0.15126063931609768,-0.4198716225891971,-0.3090967157712836,-0.012528080687160825,-0.23683569132061189,-0.4356256768526531
NSGA-III,4,1909039,14,True,0.0,53333687.0073463,6534914.299146898,46798772.7081994,14933452.537572153,经过处理的数据 / public-data surrogate; not author-run logs,0.614604625355734,0.6435601871156333,0.7058951332712939,-0.4998381781818747,-0.15747116942718092,-0.43283151668266695,-0.31866215808120124,-0.013997659184066924,-0.2261214703885961,-0.46054286889273943
NSGA-III,4,1909039,15,True,0.0,51574690.1691173,6191716.002535503,45382974.166581795,14730874.79709691,经过处理的数据 / public-data surrogate; not author-run logs,0.5983470075610154,0.621304115325478,0.7141719888918807,-0.5261054982139739,-0.1599466175708977,-0.4405253644067697,-0.3411333423729578,-0.02634975731834832,-0.1997277124756328,-0.4838982549506168
NSGA-III,4,1909039,16,True,0.0,53129874.78208925,6716318.555122278,46413556.226966955,15412742.566328192,经过处理的数据 / public-data surrogate; not author-run logs,0.6096213693868393,0.6482660296000822,0.7005770068651245,-0.48595406601133684,-0.15358677989230962,-0.4146282111848427,-0.321265859222174,-0.02552512567629661,-0.2231527845814929,-0.4514227031361875
NSGA-III,4,1909039,17,True,0.0,52149097.61570949,6360137.903407633,45788959.71230186,14986630.3698076,经过处理的数据 / public-data surrogate; not author-run logs,0.6031510629677075,0.6301329043798772,0.709811114840395,-0.5132150147404151,-0.1580393488248646,-0.4308118370152091,-0.3337952873461357,-0.00628796269185683,-0.20854248362743288,-0.4744781793470686
NSGA-III,4,1909039,18,True,0.0,52225229.24328301,6353649.799058471,45871579.444224544,14515840.550101064,经过处理的数据 / public-data surrogate; not author-run logs,0.602820474723634,0.6269215485066603,0.7101465172337239,-0.5137115938756375,-0.15834137080641636,-0.44869230687523565,-0.33282270581758766,-0.013203691057064981,-0.2096962353629409,-0.47270840441912076
NSGA-III,4,1909039,19,True,0.0,52115420.96111422,6325161.490582089,45790259.47053213,14453810.205326134,经过处理的数据 / public-data surrogate; not author-run logs,0.6014427425555855,0.6254407836278828,0.7109369083477244,-0.5158919995574571,-0.15863167227793112,-0.4510482025716348,-0.3342255066025285,-0.028291471568096305,-0.20803104879846746,-0.47482107129722584
NSGA-III,4,1909039,20,True,0.0,51696105.48471795,6306428.079849385,45389677.40486857,14762988.010796456,经过处理的数据 / public-data surrogate; not author-run logs,0.5911180112488617,0.6265089367121573,0.7114211285348531,-0.5173257959948732,-0.15800960980100046,-0.4393057132468927,-0.3395822617380142,-0.023118649299235572,-0.20160726048887623,-0.47840183500585565
NSGA-III,4,1909039,21,True,0.0,53141659.23296416,6940779.613955738,46200879.61900842,15463329.725254614,经过处理的数据 / public-data surrogate; not author-run logs,0.6150337300911314,0.6449774969740738,0.6943361185409043,-0.46877452134186426,-0.149390987896548,-0.4127069245880933,-0.32111531286436823,-0.025400061530175044,-0.22332505466074049,-0.441470802502551
NSGA-III,4,1909039,22,True,0.0,53109820.86975177,7129313.219392994,45980507.65035878,15105512.219745792,经过处理的数据 / public-data surrogate; not author-run logs,0.6028633583878151,0.648989594917501,0.6889751869771165,-0.4543447511485891,-0.14576280803361868,-0.42629673654840394,-0.32152204794867556,-0.018837732542956176,-0.22285945228056447,-0.4349155027112418
NSGA-III,4,1909039,23,True,0.0,52127135.617950626,6410794.659775536,45716340.9581751,14765752.208643902,经过处理的数据 / public-data surrogate; not author-run logs,0.6016268901737879,0.6301761107140804,0.7084733138305463,-0.5093379056625387,-0.15701617240660548,-0.4392007297612065,-0.33407585186355204,-0.019390064018045328,-0.20820902988985934,-0.47236065559050877
NSGA-III,4,1909039,24,True,0.0,52207928.78945367,6422319.178635066,45785609.610818595,15073664.779722149,经过处理的数据 / public-data surrogate; not author-run logs,0.6070477216335496,0.6264547638234967,0.7082514447840543,-0.5084558551742693,-0.15698575048753105,-0.4275062936960431,-0.3330437191121435,-0.005880068798552518,-0.2094343476744559,-0.47170963789359477
NSGA-III,4,1909039,25,True,0.0,52222886.227634005,6453444.588264449,45769441.639369555,15214254.610859366,经过处理的数据 / public-data surrogate; not author-run logs,0.6057647284493204,0.6301385825861536,0.7073438449208442,-0.5060736140502964,-0.15642497275745026,-0.4221667299819376,-0.33285263784208197,-8.302868606158142e-05,-0.20966077784188508,-0.46922762027043596
NSGA-III,4,1909039,26,True,0.0,52623309.43037672,6666292.143979224,45957017.28639749,15202953.150455067,经过处理的数据 / public-data surrogate; not author-run logs,0.6022488860721995,0.64404068138835,0.7019045263835813,-0.48978293044489163,-0.1533205452842326,-0.4225959563875964,-0.3277372314991198,-0.024505791357131823,-0.2156746558365491,-0.45735587709440495
NSGA-III,4,1909039,27,True,0.0,53090964.53816021,6638661.829532476,46452302.70862774,15343891.617000027,经过处理的数据 / public-data surrogate; not author-run logs,0.6129850447881791,0.6437030058025986,0.7024753433235119,-0.491897667957654,-0.15495684270793758,-0.41724315159511727,-0.32176293758136354,-0.015060514967621397,-0.22258343507144962,-0.4549743857641262
NSGA-III,4,1909039,28,True,0.0,53335771.64731145,6630264.462560432,46705507.184751004,14991648.007350894,经过处理的数据 / public-data surrogate; not author-run logs,0.6153455831752441,0.6420697852592829,0.7031308003696775,-0.49254037605923706,-0.1556882246608567,-0.43062126850011806,-0.3186355268060217,-0.015117231993971636,-0.22615171759532382,-0.45514757798241756
NSGA-III,4,1909039,29,True,0.0,53255945.588891245,7096313.499846623,46159632.08904462,15383852.483744452,经过处理的数据 / public-data surrogate; not author-run logs,0.612139880155677,0.647890747095383,0.6899489125469993,-0.45687044606856,-0.1467507745590221,-0.4157254486977827,-0.3196553046879712,-0.02550193841415127,-0.22499178591977964,-0.4338534528714687
NSGA-III,4,1909039,30,True,0.0,53339301.03881419,6972673.938150203,46366627.100663975,15299451.205265809,经过处理的数据 / public-data surrogate; not author-run logs,0.6180622835010254,0.6409193310217638,0.6938610788842308,-0.46633342991135474,-0.1492769908425254,-0.41893098639807913,-0.31859043883020954,-0.012525897771151873,-0.22620292211992632,-0.4385203888195205
NSGA-III,4,1909039,31,True,0.0,53417821.777208745,6969176.05126013,46448645.72594862,14448048.575400589,经过处理的数据 / public-data surrogate; not author-run logs,0.6194327342449434,0.6274734545118659,0.6930658023085555,-0.46660114719108736,-0.14953462684557464,-0.4512670277159265,-0.31758733641135284,-0.014087841084366448,-0.2273403537092582,-0.43869295514989515
NSGA-III,4,1909039,32,True,0.0,53244473.51810189,7029770.474553454,46214703.043548435,15399328.220642306,经过处理的数据 / public-data surrogate; not author-run logs,0.6132132677972439,0.6450041927161735,0.6917315130423245,-0.4619634402895042,-0.1479718286224862,-0.4151376844013154,-0.31980186039024017,-0.021040742505486487,-0.2248248024094397,-0.4375682263265138
NSGA-III,4,1909039,33,True,0.0,53178621.52407459,6966747.053408001,46211874.47066659,15292615.151736477,经过处理的数据 / public-data surrogate; not author-run logs,0.6102310952119203,0.6456845398459377,0.6932319404104317,-0.46678705506000484,-0.14899346290399668,-0.419190617859883,-0.3206431196020856,-0.025504340546425808,-0.22386488974117436,-0.43941373220841695
NSGA-III,4,1909039,34,True,0.0,53771812.81208536,7068308.801206382,46703504.01087897,15062257.391887046,经过处理的数据 / public-data surrogate; not author-run logs,0.6229288287547128,0.6406159470158056,0.6910180948774788,-0.4590138377719828,-0.14854992548032975,-0.4279395431968379,-0.31306510100452234,-0.017745438400275426,-0.2324269329687989,-0.4334606168296402
NSGA-III,4,1909039,35,True,0.0,52209357.77982101,6569569.2778496705,45639788.501971334,14944634.656779794,经过处理的数据 / public-data surrogate; not author-run logs,0.6018368270485774,0.6316530943470634,0.7038270446697363,-0.49718579492333526,-0.1541687399114337,-0.432406822823339,-0.33302546376045794,-0.006443675723256215,-0.2094559857629129,-0.46394625896906105
NSGA-III,4,1909039,36,True,0.0,52044608.77002662,6583201.340356614,45461407.42966999,14994394.64673606,经过处理的数据 / public-data surrogate; not author-run logs,0.598532095269594,0.6318371862599536,0.7034512536415523,-0.49614243966166005,-0.15350848635549758,-0.43051695188007433,-0.3351301323309265,-0.006443675723256215,-0.20695349133318341,-0.46450038110286795
NSGA-III,4,1909039,37,True,0.0,50863357.60210313,6331493.959450379,44531863.64265276,14557731.788672462,经过处理的数据 / public-data surrogate; not author-run logs,0.5912341082595297,0.6062465878246267,0.7112294333088229,-0.5154073322732688,-0.15551954377489663,-0.44710128897866774,-0.35022061578852415,-0.004454636903496678,-0.18853577062530813,-0.48221861179362724
NSGA-III,4,1909039,38,True,0.0,50851309.286811695,6367200.003823508,44484109.28298818,15078914.95512411,经过处理的数据 / public-data surrogate; not author-run logs,0.5807381222893855,0.6256886828947213,0.7094350017875074,-0.512674503748507,-0.15478788465580684,-0.42730689345605244,-0.3503745330142035,-0.02283916681354936,-0.18834350857698823,-0.48061087043916473
NSGA-III,4,1909039,39,True,0.0,50908508.23692042,6295313.307511131,44613194.92940928,14871662.98188183,经过处理的数据 / public-data surrogate; not author-run logs,0.582804859440932,0.6232311702937899,0.7113614527070844,-0.5181764857709458,-0.15634064470689843,-0.43517826727483977,-0.3496438164368604,-0.01713754237822096,-0.18925545631944152,-0.48213652031518417
NSGA-III,4,1909039,40,True,0.0,53605509.316275,7548052.964499293,46057456.3517757,15174834.018361606,经过处理的数据 / public-data surrogate; not author-run logs,0.614994011549814,0.6447463935638988,0.6768961896079059,-0.4222957258373674,-0.13919258932947678,-0.4236639134096931,-0.3151896281335651,-0.02371618595506575,-0.2300456463069368,-0.40981110720337954
NSGA-III,4,1909039,41,True,0.0,53703534.18725996,7107839.956228199,46595694.231031746,14374523.975081451,经过处理的数据 / public-data surrogate; not author-run logs,0.618706789925941,0.6316182992353804,0.6888746655480553,-0.4559882472884369,-0.14764670028151733,-0.45405947212518827,-0.3139373604243767,-0.01421477077808575,-0.23145104126515126,-0.4305267201066698
NSGA-III,4,1909039,42,True,0.0,52972183.55455428,6776321.024334049,46195862.530220225,14967639.784650043,经过处理的数据 / public-data surrogate; not author-run logs,0.6138604139487362,0.63175458695674,0.6986611755386235,-0.4813616654165098,-0.15207774779842065,-0.4315330942967399,-0.32328036462554877,-0.020280069848958582,-0.22084021253355568,-0.4498830267467274
NSGA-III,4,1909039,43,True,0.0,53469437.023678884,7336534.40934674,46132902.61433214,14563889.926350746,经过处理的数据 / public-data surrogate; not author-run logs,0.6091899156125541,0.6420486404528051,0.6833888152066222,-0.43848469191259953,-0.14279013175138236,-0.44686740457730345,-0.3169279516469875,-0.0020660110950724286,-0.22808621939067852,-0.4228813346682687
NSGA-III,4,1909039,44,True,0.0,54017861.739180356,7456047.677491309,46561814.06168905,14360365.669305272,经过处理的数据 / public-data surrogate; not author-run logs,0.6180393426314338,0.6398261218083972,0.6795835991274058,-0.4293375216223282,-0.14197069936807086,-0.4545972007444218,-0.3099218260051725,-0.0021228958079771987,-0.23592319371532633,-0.4139404273802929
NSGA-III,4,1909039,45,True,0.0,52816113.05811839,7310934.631577171,45505178.42654121,15392961.560929434,经过处理的数据 / public-data surrogate; not author-run logs,0.6034381306349113,0.6439493230818353,0.6831085869729969,-0.44044401852366744,-0.1415775715351813,-0.41537948841308436,-0.32527416518942465,-0.020895826207043,-0.21853781184952648,-0.4280392173333284
NSGA-III,4,1909039,46,True,0.0,53174857.221413836,7129357.098100886,46045500.12331295,15177822.527323954,经过处理的数据 / public-data surrogate; not author-run logs,0.6155606754046397,0.6361351593737448,0.6877177976894024,-0.4543413928100596,-0.1459261637804671,-0.42355041064860743,-0.32069120856789923,-0.0028427627766609564,-0.22380994634097884,-0.4338324230706433
NSGA-III,4,1909039,47,True,0.0,52810171.021685004,7029799.343060819,45780371.67862418,15124748.498478686,经过处理的数据 / public-data surrogate; not author-run logs,0.606569700242137,0.6438720713174776,0.6912632697041212,-0.46196123078459317,-0.14688550316994373,-0.4255661478914169,-0.3253500747037916,-0.022067969268782406,-0.2184498841510648,-0.44097170662055807
NSGA-III,4,1909039,48,True,0.0,52104131.79530382,6615115.972209435,45489015.82309439,15097945.024142142,经过处理的数据 / public-data surrogate; not author-run logs,0.5993201917936458,0.6336013178644642,0.7024638653100033,-0.493699793946743,-0.15304047214148844,-0.42658413658819305,-0.33436972569372436,-0.04238382857977652,-0.20785945647941828,-0.4616871292442256
NSGA-III,5,1909040,1,True,0.0,49838647.0997972,5532493.27796511,44306153.82183208,14815361.313024197,经过处理的数据 / public-data surrogate; not author-run logs,0.5694324063502296,0.6225429255792578,0.7323450503388498,-0.5765603356933391,-0.168991904878822,-0.4373165894112564,-0.36331129227103476,-0.015525288118389047,-0.17185161151439154,-0.5250804137472729
NSGA-III,5,1909040,2,True,0.0,51111595.2104514,6171487.744046637,44940107.466404766,14109104.354704563,经过处理的数据 / public-data surrogate; not author-run logs,0.583608254749273,0.6211750667717904,0.7142751994476166,-0.5276537056050516,-0.15925464430066005,-0.46414003743003474,-0.34704938038655764,-0.03420347078537733,-0.19247687124505464,-0.4855300122253393
NSGA-III,5,1909040,3,True,0.0,50602915.76094405,5867934.682982402,44734981.077961646,14468230.282926708,经过处理的数据 / public-data surrogate; not author-run logs,0.5782654897453406,0.6266702776807282,0.7239538632380693,-0.5508867037883907,-0.16403959347513836,-0.4505005319294,-0.3535477602624518,-0.0661512886384964,-0.18435934650517483,-0.5074750044044363
NSGA-III,5,1909040,4,True,0.0,51906623.24151097,6619646.231613875,45286977.0098971,15190213.320322122,经过处理的数据 / public-data surrogate; not author-run logs,0.5919052551481554,0.6399635340173231,0.7023017188490429,-0.49335306211625374,-0.15247010461817165,-0.4230798116860307,-0.3368928974328764,-0.03028748822890792,-0.20484530292095082,-0.46190895664339837
NSGA-III,5,1909040,5,True,0.0,52156086.50461222,6811717.490339946,45344369.01427227,14584682.415683212,经过处理的数据 / public-data surrogate; not author-run logs,0.59613780627523,0.6343431737999717,0.6968457738788393,-0.4786525310479468,-0.14939745776866184,-0.4460777114631749,-0.3337060042916613,-0.0037436109373841786,-0.2086485385296286,-0.4515237985364169
NSGA-III,5,1909040,6,True,0.0,50182639.82990305,5652030.745181881,44530609.08472116,14824214.659323288,经过处理的数据 / public-data surrogate; not author-run logs,0.5760093274335557,0.6242928318578918,0.7292060244513583,-0.5674113132820627,-0.167370796667139,-0.43698034171635103,-0.35891678520585113,-0.01550279498284135,-0.17752841580475043,-0.5176607071455339
NSGA-III,5,1909040,7,True,0.0,47629832.929359645,5206018.183929589,42423814.74543005,14235868.763042398,经过处理的数据 / public-data surrogate; not author-run logs,0.5523768206643115,0.5876837505125416,0.7403669191500027,-0.6015477143085974,-0.17069837402850663,-0.45932555952985066,-0.3915288929007885,-0.03639756120018567,-0.13344656612141315,-0.5487125692597199
NSGA-III,5,1909040,8,True,0.0,52082030.24937935,6539902.141913582,45542128.10746576,15047093.041372608,经过处理的数据 / public-data surrogate; not author-run logs,0.5912045527709261,0.6465533869120805,0.7050926575815575,-0.49945642435758164,-0.15443073723126385,-0.42851548112278826,-0.3346520729389312,-0.05233074345661226,-0.2075233034815911,-0.46903593170685587
NSGA-III,5,1909040,9,True,0.0,49907360.60808561,5399255.395656704,44508105.2124289,14375566.219123794,经过处理的数据 / public-data surrogate; not author-run logs,0.5712915813851795,0.6201555063708237,0.7368847574050346,-0.5867579448585061,-0.1718144472103789,-0.4540198879787054,-0.36243347721501873,-0.07305567861015516,-0.17299182370880317,-0.5326170224101359
NSGA-III,5,1909040,10,True,0.0,50005681.44776614,5908579.869608628,44097101.578157514,15045171.466145223,经过处理的数据 / public-data surrogate; not author-run logs,0.5645592114069863,0.6292540454460238,0.7213475020167822,-0.5477758488237334,-0.16184182879738407,-0.42858846202955136,-0.3611774285057977,-0.051389687397362604,-0.17461788170784376,-0.5049841888660631
NSGA-III,5,1909040,11,True,0.0,51631875.33095682,6388892.993327449,45242982.33762938,14870850.18487167,经过处理的数据 / public-data surrogate; not author-run logs,0.5902085896653595,0.6355769600736926,0.7081774398639344,-0.5110141904445682,-0.15626068291389617,-0.43520913708517583,-0.34040280194075123,-0.046261961315793965,-0.20061405836147206,-0.4743118535864441
NSGA-III,5,1909040,12,True,0.0,49508708.4256766,5306962.357609327,44201746.06806727,14233287.63825501,经过处理的数据 / public-data surrogate; not author-run logs,0.5705907844945721,0.6077713251555954,0.7392096429787874,-0.5938217642045274,-0.1728074973804611,-0.4594235899502932,-0.3675262587735365,-0.016202525785126154,-0.16633261920049902,-0.5355301255703897
NSGA-III,5,1909040,13,True,0.0,48591475.70868109,5234056.699377155,43357419.00930393,14494690.363636723,经过处理的数据 / public-data surrogate; not author-run logs,0.5606769553204061,0.6017125640435943,0.7398944053332097,-0.5994017343729217,-0.17228446712018533,-0.44949558522956645,-0.3792439065680525,-0.026029400369198208,-0.1505959702181624,-0.5426200841652435
NSGA-III,5,1909040,14,True,0.0,51063000.36789149,5925262.476139998,45137737.8917515,15223242.780984659,经过处理的数据 / public-data surrogate; not author-run logs,0.5831425175542959,0.63524197759478,0.7213245987439143,-0.5464990145006736,-0.16396172505629314,-0.42182536171462404,-0.34767017949151346,-0.0161852053492465,-0.19170838018454883,-0.49886135193603076
NSGA-III,5,1909040,15,True,0.0,50674686.02939823,5682983.110822728,44991702.918575495,15129101.320947632,经过处理的数据 / public-data surrogate; not author-run logs,0.58343468994822,0.6265088190925009,0.7279010706226697,-0.5650423164016403,-0.16785360983734915,-0.42540082887281416,-0.3526308950958683,-0.025120523685091545,-0.18551453370514104,-0.5113136043918505
NSGA-III,5,1909040,16,True,0.0,49687642.38927804,5590623.885343632,44097018.50393441,14954028.570151767,经过处理的数据 / public-data surrogate; not author-run logs,0.5652651375996126,0.6218504091814252,0.7307782035297734,-0.572111201525867,-0.16748462159778352,-0.43205004453739404,-0.36524037742073623,-0.014674818006624846,-0.16933480247180432,-0.5234396241348942
NSGA-III,5,1909040,17,True,0.0,49502494.900244094,5559911.752759909,43942583.147484176,14862689.79804508,经过处理的数据 / public-data surrogate; not author-run logs,0.5633290397463593,0.6208687914072678,0.731166837777161,-0.5744618117223925,-0.16768421139249504,-0.4355190663669728,-0.36760563655981837,-0.0428226603869164,-0.1662279777378155,-0.5253839355028485
NSGA-III,5,1909040,18,True,0.0,50442395.945701666,5844321.371601346,44598074.574100316,15078602.577761011,经过处理的数据 / public-data surrogate; not author-run logs,0.5767677543283495,0.626538601825532,0.7236338212340925,-0.5526939924992846,-0.1641387039209553,-0.4273187574637094,-0.3555984008732799,-0.01618520516804023,-0.18176378210843003,-0.5063470637197146
NSGA-III,5,1909040,19,True,0.0,52037561.98608734,7051917.312634369,44985644.673452966,14742812.610498752,经过处理的数据 / public-data surrogate; not author-run logs,0.593865571333018,0.6340865095139688,0.6899758200821872,-0.46026839084049953,-0.14448409488285105,-0.4400719694865921,-0.3352201549944823,-0.0452691959377276,-0.2068460991497858,-0.4429088903972802
NSGA-III,5,1909040,20,True,0.0,51741385.04893984,6898367.026871292,44843018.02206855,14983706.809538841,经过处理的数据 / public-data surrogate; not author-run logs,0.5949955434486764,0.6289910669695604,0.6936567158077813,-0.4720206475882247,-0.1466760269299626,-0.43092287304250054,-0.3390038153132299,-0.021748044449156123,-0.2023059444396207,-0.4507781612450139
NSGA-III,5,1909040,21,True,0.0,51692294.458486915,6612671.477133358,45079622.98135355,15275063.994371738,经过处理的数据 / public-data surrogate; not author-run logs,0.5847624148492546,0.6430751414577905,0.7018464077187924,-0.4938868879245226,-0.15207626307932867,-0.4198572060636474,-0.33963094759742973,-0.037598429814523215,-0.2015483988015625,-0.4644426600279229
NSGA-III,5,1909040,22,True,0.0,51694780.35366925,6643033.347746665,45051747.005922586,15259937.935528293,经过处理的数据 / public-data surrogate; not author-run logs,0.5898778006612733,0.6380732869344168,0.7011769484318242,-0.4915630856794434,-0.15149508514595814,-0.42043168968230304,-0.33959919028692287,-0.03905161137706403,-0.20158679468940977,-0.46227853030876154
NSGA-III,5,1909040,23,True,0.0,51890985.32296759,6819320.017776396,45071665.30519119,15199246.497224033,经过处理的数据 / public-data surrogate; not author-run logs,0.5897611793388609,0.6406999966936961,0.6965993053584636,-0.47807065746874267,-0.1485837246039327,-0.4227367340735293,-0.33709267183945335,-0.10496412876058148,-0.2046056743167738,-0.4559477750075682
NSGA-III,5,1909040,24,True,0.0,51362546.33542222,6520790.96126944,44841755.374152765,14309092.993877064,经过处理的数据 / public-data surrogate; not author-run logs,0.5853875182144789,0.6292418289023075,0.7047496253706883,-0.500919134117879,-0.1530438534202427,-0.45654452307226745,-0.34384347981022656,-0.04522493756558543,-0.19642233057406866,-0.47302174906953165
NSGA-III,5,1909040,25,True,0.0,51688224.4588423,6526206.324806202,45162018.134036094,14682967.338886382,经过处理的数据 / public-data surrogate; not author-run logs,0.5877849604363555,0.634894048637126,0.7039638586665958,-0.5005046591961944,-0.153739011290612,-0.44234487669600686,-0.3396829418421571,-0.011712281434773875,-0.2014855276589156,-0.46728849612599477
NSGA-III,5,1909040,26,True,0.0,51293361.570998035,6457968.570397357,44835393.00060068,14830776.280024014,经过处理的数据 / public-data surrogate; not author-run logs,0.5783166376916352,0.6352687585515908,0.7058594138293831,-0.5057273626624603,-0.15409738077980095,-0.43673113313905976,-0.34472731516329225,-0.020996129071861436,-0.19533846065303007,-0.47328851362634206
NSGA-III,5,1909040,27,True,0.0,50987394.387690336,6421535.174098226,44565859.21359211,14893371.575774472,经过处理的数据 / public-data surrogate; not author-run logs,0.5837158649243179,0.6309233313484173,0.7078256443828638,-0.5085158604198639,-0.15405641627279254,-0.4343537807576018,-0.3486360458749741,-0.04087343882285632,-0.19050981569741587,-0.47737788685701
NSGA-III,5,1909040,28,True,0.0,51499450.743566304,6487057.824572616,45012392.9189937,14726858.852071654,经过处理的数据 / public-data surrogate; not author-run logs,0.5852745435488318,0.6350681760463177,0.70611895749687,-0.503500962483727,-0.1540363687202426,-0.44067788891128923,-0.3420945260208287,-0.045261946076622706,-0.19855853442949145,-0.4740326967637246
NSGA-III,5,1909040,29,True,0.0,49075942.51901519,5365635.654492065,43710306.86452313,14473953.480789255,经过处理的数据 / public-data surrogate; not author-run logs,0.5639011974655205,0.605924229778148,0.7362403816677627,-0.5893310942863653,-0.1706666814924019,-0.4502831664244533,-0.3730548431532382,-0.04182968897795891,-0.15898109824364848,-0.532999493240621
NSGA-III,5,1909040,30,True,0.0,48832802.3660918,5281917.0037424555,43550885.36234935,14001226.958889337,经过处理的数据 / public-data surrogate; not author-run logs,0.5584280379525666,0.6020163733049493,0.7385165189648484,-0.5957386569508897,-0.17183670099158438,-0.4682371917093152,-0.3761609585630694,-0.04366095363552547,-0.15479363706025162,-0.5399159662531876
NSGA-III,5,1909040,31,True,0.0,50685855.15960607,6083577.501833297,44602277.657772765,15271533.389280776,经过处理的数据 / public-data surrogate; not author-run logs,0.5789570276639283,0.6331735468919422,0.7170051933792931,-0.5343820795192492,-0.15997484736764225,-0.4199912974888953,-0.3524882094594737,-0.01930764649249994,-0.18569401364479665,-0.495236172073262
NSGA-III,5,1909040,32,True,0.0,51200863.67425412,6454318.97786233,44746544.69639179,14565511.409120098,经过处理的数据 / public-data surrogate; not author-run logs,0.5813244254665525,0.633908624761239,0.7072629590001056,-0.506006691015925,-0.15394120890371185,-0.4468058211008298,-0.3459089757775462,-0.10926167940298914,-0.1938847840030843,-0.47801400071766975
NSGA-III,5,1909040,33,True,0.0,51282316.82276084,6270762.493959368,45011554.32880148,14594009.044290641,经过处理的数据 / public-data surrogate; not author-run logs,0.5827762493055626,0.6325284960466492,0.7110086114934318,-0.5200555279543712,-0.15772076453503386,-0.44572348863436617,-0.34486841182003436,-0.023266915848467407,-0.19516515951008528,-0.48035546132799634
NSGA-III,5,1909040,34,True,0.0,51057785.630906075,6274151.284554757,44783634.34635131,14831397.359413987,经过处理的数据 / public-data surrogate; not author-run logs,0.582382344622037,0.631894881584765,0.7117860522764865,-0.5197961605624879,-0.1571166589575535,-0.4367075447120202,-0.34773679775556343,-0.05794896655530768,-0.19162582611071322,-0.48482282386863174
NSGA-III,5,1909040,35,True,0.0,50439991.281966254,5957663.4115991015,44482327.87036715,15149926.42722155,经过处理的数据 / public-data surrogate; not author-run logs,0.5738148439184297,0.6317341173998461,0.7204216937650546,-0.5440191486346512,-0.16188611337589315,-0.4246098969760821,-0.35562912045206685,-0.014547084119642006,-0.18172477371627616,-0.5020097765903027
NSGA-III,5,1909040,36,True,0.0,50602787.92705463,6132386.075796358,44470401.85125826,15319615.732963374,经过处理的数据 / public-data surrogate; not author-run logs,0.5754190925590207,0.6335621155422643,0.7155407749209352,-0.5306464245196272,-0.1588132763626311,-0.41816514309678876,-0.3535493933403663,-0.021784451132424665,-0.18435728601559753,-0.4918825895460456
NSGA-III,5,1909040,37,True,0.0,51124527.75681557,6089486.801795533,45035040.95502004,14660653.810569646,经过处理的数据 / public-data surrogate; not author-run logs,0.5819717656548955,0.6321449096336029,0.7165431973248377,-0.5339298002544443,-0.1608891334750036,-0.44319233845885253,-0.3468841671090833,-0.11625568674581999,-0.19268114365129452,-0.4898333388706292
NSGA-III,5,1909040,38,True,0.0,50718461.900982715,6018791.440957978,44699670.46002473,14835790.862162735,经过处理的数据 / public-data surrogate; not author-run logs,0.581961218707471,0.6281873419373941,0.7190870370628095,-0.5393406012002526,-0.16132937760004593,-0.43654068066740703,-0.35207165834425624,-0.10504238730203375,-0.186217528430209,-0.4989463611761149
NSGA-III,5,1909040,39,True,0.0,49770322.128467835,5784530.49072618,43985791.637741655,13959117.74518426,经过处理的数据 / public-data surrogate; not author-run logs,0.5763841896730107,0.606486530658883,0.7249082189732228,-0.5572701987871831,-0.16377550629881257,-0.4698364882424314,-0.3641841437674689,-0.05854853748328581,-0.17071472486226813,-0.5146785579667632
NSGA-III,5,1909040,40,True,0.0,49733915.73023446,5728262.989806756,44005652.74042771,14733259.485440966,经过处理的数据 / public-data surrogate; not author-run logs,0.5691339438219758,0.6203094181119129,0.7269284515164758,-0.561576736636147,-0.1648217980486824,-0.44043479458924895,-0.36464923549834716,-0.009462409541075578,-0.17010766849977488,-0.5146432619663164
NSGA-III,5,1909040,41,True,0.0,49762878.772691414,5814562.695639988,43948316.07705142,14612573.032077178,经过处理的数据 / public-data surrogate; not author-run logs,0.5709448730571585,0.6160650537308302,0.7246757900307652,-0.5549716281196433,-0.1631546156684394,-0.44501843340546177,-0.3642792326361729,-0.025516610026587117,-0.17059068329764737,-0.5135894306722404
NSGA-III,5,1909040,42,True,0.0,49890070.48247163,5826425.163079571,44063645.31939207,14869390.644283276,经过处理的数据 / public-data surrogate; not author-run logs,0.5698069947772314,0.623541889986868,0.7248388126918609,-0.5540637121081642,-0.1632147337790067,-0.43526457004147157,-0.3626543585666251,-0.010071777263259696,-0.17270521206216527,-0.5120994305168268
NSGA-III,5,1909040,43,True,0.0,50167346.43834463,5782383.501625225,44384962.9367194,13836452.482836386,经过处理的数据 / public-data surrogate; not author-run logs,0.5733183639446618,0.6147006903422803,0.724958269789262,-0.5574345225917505,-0.164738103325203,-0.4744952816879876,-0.3591121582802571,-0.053969181852192905,-0.17727768737528815,-0.5119782222033259
NSGA-III,5,1909040,44,True,0.0,50434709.44143307,5917155.474641897,44517553.96679118,14426599.411310805,经过处理的数据 / public-data surrogate; not author-run logs,0.577883700068542,0.6243092005518436,0.7222466612979294,-0.5471194989405848,-0.16267691952279117,-0.452081661159507,-0.35569659596392755,-0.10939564950685754,-0.18163907877909202,-0.5079531762063156
NSGA-III,5,1909040,45,True,0.0,48576541.957641125,5535447.359586953,43041094.59805418,14044852.499750633,经过处理的数据 / public-data surrogate; not author-run logs,0.5543275460918085,0.5995153803544029,0.7315383147105957,-0.5763342395613709,-0.16604690378302606,-0.4665803054814355,-0.3794346852349,-0.07510843686690827,-0.15033484030232425,-0.5297241287965222
NSGA-III,5,1909040,46,True,0.0,50347586.83242494,5996961.702051513,44350625.13037343,14568062.251577262,经过处理的数据 / public-data surrogate; not author-run logs,0.5806832230694785,0.6194235013887285,0.7189245631556318,-0.5410113808740882,-0.16088879568326525,-0.4467089407950886,-0.35680958727832435,-0.0190157750175467,-0.18022296843393548,-0.4980544980632641
NSGA-III,5,1909040,47,True,0.0,51887990.29898486,7162924.443806315,44725065.85517854,14486213.585645525,经过处理的数据 / public-data surrogate; not author-run logs,0.5934561688069534,0.6273776985881736,0.6863747558719482,-0.4517722535661344,-0.14195409761425182,-0.44981753096211485,-0.33713093327029364,-0.05268830201437624,-0.20455976340237103,-0.4378318387678656
NSGA-III,5,1909040,48,True,0.0,50919284.08875855,6533966.163279206,44385317.92547935,14775015.64750002,经过处理的数据 / public-data surrogate; not author-run logs,0.5847011840200552,0.6223966552718472,0.7033094702771439,-0.49991074552418524,-0.15167992873015063,-0.43884890686204037,-0.3495061549315679,-0.019462616513670428,-0.18942703106244163,-0.4710030607710607
NSGA-II,1,2009036,1,True,0.0,54466330.82976869,7201700.6254275255,47264630.204341166,14571104.948390644,经过处理的数据 / public-data surrogate; not author-run logs,0.615775179922835,0.6583884272401717,0.6868195198205178,-0.448804446376169,-0.1477770190186665,-0.4465933799940951,-0.3041926334536309,-0.09913789285411656,-0.2422145084639754,-0.4197371848113033
NSGA-II,1,2009036,2,True,0.0,48959703.59640262,5782040.671805233,43177662.9245974,14351222.327682802,经过处理的数据 / public-data surrogate; not author-run logs,0.5644725282290116,0.6023219480348355,0.7252978654077883,-0.5574607617097391,-0.16190204909185613,-0.4549444623831769,-0.37453979536869086,-0.12306762700645923,-0.15698437187776115,-0.5141122672151273
NSGA-II,1,2009036,3,True,0.0,53780322.966770485,6849933.434785132,46930389.53198536,15154948.488046309,经过处理的数据 / public-data surrogate; not author-run logs,0.6205688148723505,0.6476644424300517,0.6966986205161326,-0.4757276026523748,-0.15263123282064459,-0.42441916046595896,-0.3129563837799517,-0.0669746604806506,-0.23254839310834863,-0.4385044587710434
NSGA-II,1,2009036,4,True,0.0,55541028.4218614,7555516.422173088,47985511.99968831,14717643.480824284,经过处理的数据 / public-data surrogate; not author-run logs,0.6299179800652343,0.6653293285472511,0.6773419249818651,-0.42172449622113883,-0.14396513286024834,-0.441027886215692,-0.2904633719080918,-0.06665057289283016,-0.2568773670068686,-0.3968038237864644
NSGA-II,1,2009036,5,True,0.0,53861800.67959871,7098713.246075777,46763087.43352293,14693116.266815756,经过处理的数据 / public-data surrogate; not author-run logs,0.6217294457471866,0.6468571623522626,0.6894629572304093,-0.4566867770270192,-0.14820505151131044,-0.44195942316163384,-0.31191550601323703,-0.06710805509616158,-0.2337093309315722,-0.4266146806142923
NSGA-II,1,2009036,6,True,0.0,53754157.70826347,6897711.036256762,46856446.67200671,15260952.642481279,经过处理的数据 / public-data surrogate; not author-run logs,0.6152822171592164,0.6519184087743068,0.6953887055931126,-0.4720708550501499,-0.1516804182163495,-0.4203931513870167,-0.313290644952669,-0.12016476554484068,-0.23217483001031025,-0.4379341747175126
NSGA-II,1,2009036,7,True,0.0,48811732.20590377,5725889.314847118,43085842.89105666,13634647.177598625,经过处理的数据 / public-data surrogate; not author-run logs,0.565910827163729,0.593388097086019,0.7260217843549536,-0.561758410264579,-0.16269440447854927,-0.4821597925309504,-0.3764301298556789,-0.12888926503588993,-0.15442879376020302,-0.5167073522862075
NSGA-II,1,2009036,8,True,0.0,54520232.08334846,7204037.01158395,47316195.071764514,14574403.478059629,经过处理的数据 / public-data surrogate; not author-run logs,0.6175535020946338,0.6583321535082288,0.6866520238175855,-0.4486256267156541,-0.14786488728494973,-0.44646810273052673,-0.3035040449488515,-0.09913764841006845,-0.2429636906735433,-0.4191917239812437
NSGA-II,1,2009036,9,True,0.0,53651488.863509,6588840.602963807,47062648.26054519,14909397.07009286,经过处理的数据 / public-data surrogate; not author-run logs,0.6132441124378427,0.6509583289119479,0.7048989260747553,-0.49571082820813384,-0.15719184047760512,-0.43374513682317983,-0.314602239425927,-0.09728407440046671,-0.2307055003636196,-0.4532716945781966
NSGA-II,1,2009036,10,True,0.0,53248910.036115594,6292463.748866406,46956446.287249185,14768429.401578149,经过处理的数据 / public-data surrogate; not author-run logs,0.6081217993514021,0.6485882541291704,0.7126678148241037,-0.5183945820424316,-0.16182924787383257,-0.43909905069856203,-0.3197451838734138,-0.07444466376289172,-0.22488938736949893,-0.46788592384620553
NSGA-II,1,2009036,11,True,0.0,47038196.76401231,5583014.4977787705,41455182.26623353,13598763.900130369,经过处理的数据 / public-data surrogate; not author-run logs,0.5475852172512088,0.5764126365704068,0.7293723313496503,-0.57269360015776,-0.1613089173934876,-0.48352262969180937,-0.3990870448066064,-0.10658923417203003,-0.12254724629287883,-0.5324162653372331
NSGA-II,1,2009036,12,True,0.0,53065651.87467324,6548212.924575952,46517438.95009729,15120346.449334817,经过处理的数据 / public-data surrogate; not author-run logs,0.6098968136094526,0.6455984129750226,0.7054303416445176,-0.49882034314719936,-0.1566016680612713,-0.42573333652580236,-0.32208630685285333,-0.07931428585099709,-0.2222126022784462,-0.4572734701846397
NSGA-II,1,2009036,13,True,0.0,52843536.785812885,6304638.524800961,46538898.26101193,14751329.591933355,经过处理的数据 / public-data surrogate; not author-run logs,0.6143894674437813,0.6366003153731031,0.7127848163550172,-0.5174627629193485,-0.16069234369464858,-0.43974849683815054,-0.3249238270730638,-0.09793468907549485,-0.21894336014464244,-0.46997803006706995
NSGA-II,1,2009036,14,True,0.0,53861678.040945165,7098704.238613773,46762973.8023314,14692999.867299644,经过处理的数据 / public-data surrogate; not author-run logs,0.6217258319960702,0.6468563647277062,0.6894631456560423,-0.456687466429879,-0.148204918658171,-0.4419638439837341,-0.3119170727220141,-0.06710911892572047,-0.23370758615013765,-0.426615674563257
NSGA-II,1,2009036,15,True,0.0,53757857.055717826,6855709.062076683,46902147.993641146,15198776.457179377,经过处理的数据 / public-data surrogate; not author-run logs,0.6147598915604411,0.651007234849385,0.6969788920692566,-0.47528555427407215,-0.15247056639607082,-0.422754586067136,-0.31324338578960553,-0.11530237187203274,-0.23222766790682547,-0.44058399213754695
NSGA-II,1,2009036,16,True,0.0,53864424.83542165,7099507.815191064,46764917.02023059,14691309.308429006,经过处理的数据 / public-data surrogate; not author-run logs,0.6218098210977213,0.6468283962160569,0.6894387764846757,-0.4566259632017615,-0.14819672099195288,-0.4420280509518285,-0.3118819824230713,-0.06710946913726146,-0.23374666292068091,-0.42653484012100296
NSGA-II,1,2009036,17,True,0.0,54223513.640023425,6866604.333796339,47356909.306227095,14594339.508570293,经过处理的数据 / public-data surrogate; not author-run logs,0.6143074719099781,0.6576142973366651,0.6961952684341158,-0.4744516643861484,-0.15336482140604102,-0.4457109376905165,-0.30729462300891963,-0.13343293266055611,-0.23882108500001364,-0.437301729176397
NSGA-II,1,2009036,18,True,0.0,52820612.70915429,6020707.849155958,46799904.859998316,15022254.403731726,经过处理的数据 / public-data surrogate; not author-run logs,0.6044977633108984,0.6515678448804796,0.720572484187797,-0.5391939253340101,-0.1660159407406398,-0.42945884585395167,-0.32521668214825095,-0.07469195538958506,-0.21860438258704884,-0.4840230706051767
NSGA-II,1,2009036,19,True,0.0,53278464.0394887,6146569.866906564,47131894.17258215,14626236.006592114,经过处理的数据 / public-data surrogate; not author-run logs,0.6047699731539853,0.652369271204492,0.7162629023720191,-0.5295608416830024,-0.16463312564058014,-0.4444995173333919,-0.31936763148564196,-0.1035737656161021,-0.22531934761841366,-0.4750422987678492
NSGA-II,1,2009036,20,True,0.0,49105170.27685218,5763548.276745788,43341622.00010639,13853789.04798929,经过处理的数据 / public-data surrogate; not author-run logs,0.5691222236229102,0.5980734896459963,0.7254474701487126,-0.5588761115642766,-0.1626284840424903,-0.4738368436383159,-0.37268145855213164,-0.10594749553709659,-0.15948167886801612,-0.5138484888533145
NSGA-II,1,2009036,21,True,0.0,54368581.215653166,6915617.556070015,47452963.659583166,14725876.691988312,经过处理的数据 / public-data surrogate; not author-run logs,0.6202288863246874,0.6548204648722067,0.694646045873167,-0.47070034624739665,-0.1528012134685069,-0.44071519108528034,-0.30544138475636173,-0.06795050568388217,-0.24085208116269685,-0.4318895079096091
NSGA-II,1,2009036,22,True,0.0,48086776.544980764,5600753.332383795,42486023.21259697,13395404.05284062,经过处理的数据 / public-data surrogate; not author-run logs,0.5577839357725012,0.585248173760745,0.728988209184962,-0.5713359254543385,-0.16352820183018918,-0.49124618162092826,-0.3856914382934784,-0.12196540925032717,-0.1416809724937136,-0.5259100218071295
NSGA-II,1,2009036,23,True,0.0,50165821.956833035,5800957.5910736015,44364864.36575943,14483834.978109716,经过处理的数据 / public-data surrogate; not author-run logs,0.5763111200558174,0.6117094778343617,0.7250869612397418,-0.5560129201051922,-0.1643643467844454,-0.4499078698321851,-0.3591316335312933,-0.11727375434197107,-0.1772526857924206,-0.5067864841520422
NSGA-II,1,2009036,24,True,0.0,46744737.229758486,5545344.129848134,41199393.09991036,13379607.54984112,经过处理的数据 / public-data surrogate; not author-run logs,0.5443733925326131,0.571727086602241,0.729937003626804,-0.5755767718399358,-0.16136965873630213,-0.4918461285270709,-0.4028359903038763,-0.12189514278957625,-0.11703867160206427,-0.5352755600130947
NSGA-II,1,2009036,25,True,0.0,50391499.60939428,5838356.486694139,44553143.12270015,14173642.408900917,经过处理的数据 / public-data surrogate; not author-run logs,0.5778908644314674,0.6108259130703745,0.7243345541390235,-0.5531505260612495,-0.16414005274798932,-0.46168889960891113,-0.35624860156044535,-0.11731712453987897,-0.18093734856214738,-0.503505662962906
NSGA-II,1,2009036,26,True,0.0,53320838.72163484,6504105.027944831,46816733.69369002,14815178.414657999,经过处理的数据 / public-data surrogate; not author-run logs,0.6186314913473163,0.6448214096583241,0.7074956218036144,-0.5021962230632477,-0.158019453859307,-0.4373235358416748,-0.3188262949288525,-0.07357480100603664,-0.22593499521879767,-0.4593388594148229
NSGA-II,1,2009036,27,True,0.0,47363327.294447124,5602671.720296863,41760655.57415027,13458849.794434581,经过处理的数据 / public-data surrogate; not author-run logs,0.5517799719330027,0.5772342173445741,0.7282938668275981,-0.571189098066919,-0.16170865434629805,-0.48883652953663936,-0.39493350233882496,-0.10661162675362035,-0.12857061279900972,-0.529349795941987
NSGA-II,1,2009036,28,True,0.0,55380504.82511954,7633112.86434613,47747391.960773416,14733834.09817819,经过处理的数据 / public-data surrogate; not author-run logs,0.6250018237077428,0.6648707235952488,0.6748503904361374,-0.41578550817825977,-0.1421696770650618,-0.4404129709530974,-0.2925140608275748,-0.06399286659707881,-0.25472338306892817,-0.39359568303185066
NSGA-II,1,2009036,29,True,0.0,49906277.41221242,5890872.347094298,44015405.06511812,13631151.513556957,经过处理的数据 / public-data surrogate; not author-run logs,0.5771897820437909,0.607318767705153,0.7218328297618255,-0.5491311269980484,-0.16196129520065627,-0.48229255690460826,-0.3624473150421038,-0.0848245202554524,-0.17297387382574025,-0.5044423351222944
NSGA-II,1,2009036,30,True,0.0,47762946.86767748,5707959.461038753,42054987.40663873,13837947.713998139,经过处理的数据 / public-data surrogate; not author-run logs,0.5557090145536395,0.5845517475896866,0.7264047976316833,-0.5631307049780527,-0.16049398466028303,-0.47443849321338094,-0.38982836236273866,-0.10658923417203003,-0.1358616252396453,-0.5232212506053704
NSGA-II,1,2009036,31,True,0.0,50270061.44877973,5991744.949182547,44278316.49959719,14309997.66191737,经过处理的数据 / public-data surrogate; not author-run logs,0.5739752569083645,0.6150155659663533,0.7193800886422258,-0.5414106547588671,-0.16080887954975853,-0.4565101640250857,-0.3577999740404374,-0.0831080965561215,-0.1789587263175728,-0.49666877940848686
NSGA-II,1,2009036,32,True,0.0,53249329.969219714,6825819.903792447,46423510.06542726,14297847.470382618,经过处理的数据 / public-data surrogate; not author-run logs,0.6006536992786589,0.6460243245780022,0.6975472211378679,-0.47757317660172915,-0.15181397573005992,-0.45697162500923805,-0.31973981922808414,-0.07026789598062477,-0.22489550002116587,-0.44411664198207623
NSGA-II,1,2009036,33,True,0.0,47763992.2261778,5644586.36319417,42119405.86298362,13378138.269594507,经过处理的数据 / public-data surrogate; not author-run logs,0.5567308935868205,0.57932920776961,0.7274008010573696,-0.567981082905173,-0.16182339666112402,-0.49190193139294824,-0.3898150079080852,-0.10661162675362035,-0.13588053769552266,-0.5259276882078616
NSGA-II,1,2009036,34,True,0.0,53870190.50057664,7365295.557725896,46504894.94285075,15595129.442591293,经过处理的数据 / public-data surrogate; not author-run logs,0.6188568958007281,0.6534327536002391,0.6832746976259335,-0.4362834039212975,-0.14327697211972817,-0.407701207015722,-0.31180832605175424,-0.07361915352283166,-0.2338286741429253,-0.4161415521777937
NSGA-II,1,2009036,35,True,0.0,53458942.73526222,7120919.882221089,46338022.85304114,15244706.777521474,经过处理的数据 / public-data surrogate; not author-run logs,0.6158395981161302,0.6467756618064372,0.6892538105020114,-0.45498715082192254,-0.1467964700034362,-0.4210101649387221,-0.3170620161796214,-0.08070438825523063,-0.22793468841322118,-0.4298329651350473
NSGA-II,1,2009036,36,True,0.0,51307505.079843014,6111325.601941971,45196179.47790104,14461651.845297957,经过处理的数据 / public-data surrogate; not author-run logs,0.5906500755289681,0.6228783335246567,0.7171083407875356,-0.5322583270617521,-0.1608882717561158,-0.45075037920906347,-0.3445466318403435,-0.011917698607321725,-0.19556027493889827,-0.48774240971727356
NSGA-II,1,2009036,37,True,0.0,51077785.56444831,5993643.591640452,45084141.972807854,13843054.37994558,经过处理的数据 / public-data surrogate; not author-run logs,0.5862473254433852,0.6134771118462434,0.7197937498733323,-0.541265338626588,-0.1626565497034349,-0.4742445434236099,-0.34748129860816135,-0.014745767098019447,-0.19194235177008523,-0.49379640775453126
NSGA-II,1,2009036,38,True,0.0,52682764.8166532,6380190.877251614,46302573.93940158,14769087.642807432,经过处理的数据 / public-data surrogate; not author-run logs,0.6094849103149147,0.6361570056106668,0.7103377655910326,-0.5116802230856896,-0.15889415258565145,-0.43907405087492923,-0.3269776889501398,-0.09874334793062245,-0.21655980995604074,-0.46686773501510326
NSGA-II,1,2009036,39,True,0.0,52364416.86753276,6208946.009473154,46155470.8580596,14848159.586836137,经过处理的数据 / public-data surrogate; not author-run logs,0.6033371016056484,0.6386469721993311,0.7151590197574533,-0.5247867675825715,-0.16142814565891112,-0.43607091985382873,-0.33104458394285086,-0.07075217548066337,-0.2117969081101183,-0.4765375842608832
NSGA-II,1,2009036,40,True,0.0,52759879.05263602,6383172.411146261,46376706.64148976,14467392.426769607,经过处理的数据 / public-data surrogate; not author-run logs,0.612511449496229,0.6341282999476351,0.7082456863086124,-0.511452025842957,-0.15901465041688073,-0.4505323534793507,-0.32599255459933985,-0.0728047324511325,-0.2177048920293564,-0.4661178927142233
NSGA-II,1,2009036,41,True,0.0,52854773.79514876,6538394.151734117,46316379.64341465,14888437.856810633,经过处理的数据 / public-data surrogate; not author-run logs,0.6121952063978094,0.641640332658078,0.7061341164958519,-0.4995718411910577,-0.15629510671873809,-0.4345411620677706,-0.32478027428082057,-0.08060014329095777,-0.2191094140338884,-0.460380657287379
NSGA-II,1,2009036,42,True,0.0,54166791.60018484,7219270.821960544,46947520.7782243,15070223.649494305,经过处理的数据 / public-data surrogate; not author-run logs,0.6185470188932468,0.6531443536444562,0.687105103157315,-0.4474596787012809,-0.1467214614583909,-0.4276369868902199,-0.3080192470576475,-0.06665057289283016,-0.23802399845555655,-0.4200437887172547
NSGA-II,1,2009036,43,True,0.0,49753257.99486807,5781446.636523331,43971811.35834474,13879513.02335537,经过处理的数据 / public-data surrogate; not author-run logs,0.5754156308607938,0.6087893861576548,0.7249488351233444,-0.5575062273050353,-0.16379762713992174,-0.47285985402010366,-0.3644021380711343,-0.11997106471406871,-0.17043030057936537,-0.5089658005629359
NSGA-II,1,2009036,44,True,0.0,52783586.246065505,6631702.2387601035,46151884.00730541,14859504.534041865,经过处理的数据 / public-data surrogate; not author-run logs,0.6054599733228564,0.6423954188993457,0.701924655177959,-0.4924303331833132,-0.1543605216999739,-0.4356400418312283,-0.3256896952075454,-0.11746069680595905,-0.21805625166144238,-0.4543583671125725
NSGA-II,1,2009036,45,True,0.0,53955987.87965204,7108614.934250004,46847372.94540203,14713371.822492002,经过处理的数据 / public-data surrogate; not author-run logs,0.6054092469692753,0.6574670585297555,0.6890873855706201,-0.4559289329039613,-0.14825160258198491,-0.441190122642364,-0.3107122645495095,-0.06904098376296175,-0.23504699103905702,-0.42496746483817216
NSGA-II,1,2009036,46,True,0.0,53419807.35616171,6651631.32647783,46768176.02968387,14683635.650129922,经过处理的数据 / public-data surrogate; not author-run logs,0.6110270051828853,0.6434659284832673,0.7015005060957772,-0.49090502338370756,-0.15548380168932607,-0.4423194944159595,-0.317561970640586,-0.06462482414647863,-0.2273690729579304,-0.4519107016047589
NSGA-II,1,2009036,47,True,0.0,54174612.54180211,7201394.5203558905,46973218.02144623,14563952.78267437,经过处理的数据 / public-data surrogate; not author-run logs,0.6119575691199927,0.6559487920114251,0.6864431486158138,-0.4488278746972285,-0.14707067789734235,-0.446865017311154,-0.30791933452989473,-0.09917541231686744,-0.23813400145405028,-0.42095756390580474
NSGA-II,1,2009036,48,True,0.0,52784283.278612696,6328279.808308888,46456003.4703038,14842079.47882419,经过处理的数据 / public-data surrogate; not author-run logs,0.6016944267751682,0.6454239535186318,0.7112699065250769,-0.515653333309692,-0.16011052883097499,-0.4363018407095963,-0.3256807906168806,-0.07187262790395565,-0.2180665774669438,-0.46886380268875394
NSGA-II,2,2009037,1,True,0.0,50147283.58234458,5838440.109300453,44308843.47304411,15116604.396461178,经过处理的数据 / public-data surrogate; not author-run logs,0.559725828355638,0.6387628025426905,0.7236603486126951,-0.5531441258495244,-0.1635741501388921,-0.42587545868057497,-0.35936846126204647,-0.08784827530519379,-0.17694853376801223,-0.506382541250162
NSGA-II,2,2009037,2,True,0.0,50728837.325496644,5598436.245223079,45130401.080273576,14612574.965196345,经过处理的数据 / public-data surrogate; not author-run logs,0.5859666312010533,0.6237646735522717,0.7302213671111296,-0.5715132680303179,-0.16963996534552417,-0.44501835998611927,-0.3519391122979584,-0.01954269156505617,-0.18638396903972576,-0.5123501649546933
NSGA-II,2,2009037,3,True,0.0,49465033.68313408,5720223.474890372,43744810.2082437,15316659.21807096,经过处理的数据 / public-data surrogate; not author-run logs,0.5504988284862616,0.639850569566143,0.7260612718111831,-0.5621920558649911,-0.1643582415907507,-0.4182774307317624,-0.36808420360165583,-0.09058344773836335,-0.16559653947889708,-0.5140186721413245
NSGA-II,2,2009037,4,True,0.0,53342449.79780675,6686443.6123253675,46656006.185481384,15023285.649109202,经过处理的数据 / public-data surrogate; not author-run logs,0.6100880966822099,0.6573144548036595,0.7015673268750977,-0.4882406003302284,-0.15465060870525882,-0.4294196794337819,-0.3185502134346464,-0.1557347750154252,-0.22624859869677327,-0.4528177524402218
NSGA-II,2,2009037,5,True,0.0,51350384.01465577,5812229.103322914,45538154.911332846,14522671.664299114,经过处理的数据 / public-data surrogate; not author-run logs,0.5826605355109407,0.6367061554103496,0.7237384804805771,-0.5551502339484666,-0.1668123536979965,-0.4484328630078963,-0.3439988534558288,-0.03999547518085633,-0.19623200347985414,-0.5005048916944899
NSGA-II,2,2009037,6,True,0.0,54192158.98404215,7106190.347393634,47085968.63664852,14527049.231716273,经过处理的数据 / public-data surrogate; not author-run logs,0.6171867838586592,0.6577709240620516,0.6895637403336802,-0.4561145031691133,-0.14887050671876392,-0.44826660418286157,-0.30769517873343655,-0.1353443317949301,-0.2383806799032716,-0.428720331739606
NSGA-II,2,2009037,7,True,0.0,53579155.12767982,6246616.47866932,47332538.649010494,15543148.043844663,经过处理的数据 / public-data surrogate; not author-run logs,0.6030015049053328,0.6749001618469765,0.712467362645641,-0.5219035881498499,-0.16341330758606493,-0.40967544646327525,-0.3155263028881248,-0.028462301293738834,-0.2296669258474866,-0.4685656058984031
NSGA-II,2,2009037,8,True,0.0,49660112.23235774,5493985.814200577,44166126.418157175,14213283.118785277,经过处理的数据 / public-data surrogate; not author-run logs,0.5714414833609313,0.6132950422809529,0.7336550120183949,-0.5795075760622874,-0.1693682360504054,-0.46018335618242157,-0.36559207517043757,-0.060409715562824484,-0.16887430525969205,-0.5235872206886509
NSGA-II,2,2009037,9,True,0.0,51036337.1311035,5889912.073072016,45146425.058031484,14193691.94253249,经过处理的数据 / public-data surrogate; not author-run logs,0.5711823242906016,0.6387272716521643,0.7227614172057855,-0.5492046233565993,-0.1645937540944239,-0.46092742375110607,-0.3480108023366807,-0.02175851368542281,-0.19128609927521312,-0.5001102172438762
NSGA-II,2,2009037,10,True,0.0,49534395.56626712,5643677.05846784,43890718.50779928,15095783.853518149,经过处理的数据 / public-data surrogate; not author-run logs,0.5544796887472788,0.6383928092188805,0.7279322059559789,-0.5680506782338477,-0.1660654905757813,-0.4266662172632357,-0.3671981055571163,-0.10324699256646319,-0.16676493559341188,-0.5157458359106348
NSGA-II,2,2009037,11,True,0.0,55003590.01334614,7662900.915862881,47340689.09748326,14803070.819828948,经过处理的数据 / public-data surrogate; not author-run logs,0.6221576541255649,0.665886660798249,0.6746858029195715,-0.41350562424512605,-0.14068362239621918,-0.43778337901448006,-0.2973291474801354,-0.01873904586083852,-0.24961633831563967,-0.40237077551719624
NSGA-II,2,2009037,12,True,0.0,49742445.416409284,5807932.318510871,43934513.09789841,14641682.149882482,经过处理的数据 / public-data surrogate; not author-run logs,0.5520876720665577,0.6389460652614577,0.7240022927229381,-0.5554790963667285,-0.1632399117113989,-0.44391287699412274,-0.36454026875899903,-0.10016423398546304,-0.1702499759614876,-0.5098021576734756
NSGA-II,2,2009037,13,True,0.0,50421096.05151546,5781642.155106943,44639453.89640853,15200401.084600627,经过处理的数据 / public-data surrogate; not author-run logs,0.5800169792294348,0.6278745123774851,0.725244662456815,-0.5574912629265443,-0.16533287437465038,-0.42269288315763476,-0.35587050701767464,-0.02129226279751406,-0.18141812629716791,-0.5064567125267296
NSGA-II,2,2009037,14,True,0.0,52569682.57398537,5965189.400615178,46604493.17337018,14685592.485624827,经过处理的数据 / public-data surrogate; not author-run logs,0.5982990169153881,0.6461357823257003,0.7188409195596599,-0.5434431330658234,-0.1665279547347484,-0.44224517433378463,-0.3284223145798666,-0.05278547989039051,-0.21487455774700182,-0.48689253461821136
NSGA-II,2,2009037,15,True,0.0,50170715.113392726,5823666.682344582,44347048.43104814,14821726.245315785,经过处理的数据 / public-data surrogate; not author-run logs,0.5610340434209987,0.637848320857654,0.7232029313884902,-0.5542748375624096,-0.16392298835720615,-0.43707485100648,-0.35906912345712405,-0.1013784875902557,-0.177332928448089,-0.5057326351083945
NSGA-II,2,2009037,16,True,0.0,50960954.85703275,5759160.7369131325,45201794.12011963,14422750.655844897,经过处理的数据 / public-data surrogate; not author-run logs,0.5750453748726222,0.6341426850487805,0.7265072936273189,-0.5592119200868593,-0.166988759275213,-0.4522278358498384,-0.34897381087436563,-0.08665184442185347,-0.19008983650736888,-0.5075448113378533
NSGA-II,2,2009037,17,True,0.0,53650415.89401081,6503171.403479571,47147244.49053124,14435801.34002859,经过处理的数据 / public-data surrogate; not author-run logs,0.616055470263428,0.653197342991792,0.706511964624468,-0.5022676797483796,-0.15878618841786943,-0.4517321743987375,-0.3146159466110733,-0.0974192779237143,-0.23069011503026327,-0.4587113068172125
NSGA-II,2,2009037,18,True,0.0,52215936.70906992,6111309.524876236,46104627.184193686,14951307.052588569,经过处理的数据 / public-data surrogate; not author-run logs,0.5841183837673867,0.6592037867573318,0.716875127063444,-0.532259557549884,-0.16296083705389702,-0.43215340703744265,-0.33294141794048726,-0.03935097080073091,-0.2095555900880598,-0.4847622823498957
NSGA-II,2,2009037,19,True,0.0,50984273.32709387,5825422.411575646,45158850.91551824,14649559.42078932,经过处理的数据 / public-data surrogate; not author-run logs,0.5866735278222495,0.6284476205925317,0.7239826206335928,-0.5541404595597871,-0.165740797476858,-0.4436137003782885,-0.3486759174235322,-0.019695336837778243,-0.1904602618300646,-0.5014347319004206
NSGA-II,2,2009037,20,True,0.0,54171030.296023324,6905618.996646252,47265411.29937707,14762966.125594627,经过处理的数据 / public-data surrogate; not author-run logs,0.6118372790827552,0.6681873968300197,0.6949636627284912,-0.47146560459173303,-0.152521918839096,-0.43930654444093153,-0.3079650977190739,-0.06363478773381182,-0.2380836204433444,-0.4365198365903522
NSGA-II,2,2009037,21,True,0.0,51727230.99304806,6108386.523905053,45618844.469143,15143591.682805965,经过处理的数据 / public-data surrogate; not author-run logs,0.5777468371493119,0.6507300992854402,0.7169416725921262,-0.5324832748664392,-0.1619115887968951,-0.42485048885350296,-0.3391846333746996,-0.08291065616233406,-0.20208767243800396,-0.48628019521329324
NSGA-II,2,2009037,22,True,0.0,48107342.73897482,5577627.0323486095,42529715.70662621,14731851.55436044,经过处理的数据 / public-data surrogate; not author-run logs,0.5376018853068826,0.6166775321344535,0.7294781358488698,-0.5731059398459613,-0.16405871713571454,-0.4404882674304119,-0.38542870516890637,-0.09145381784854667,-0.14204790931922606,-0.5265010656783127
NSGA-II,2,2009037,23,True,0.0,48987460.1204905,5511393.696953729,43476066.42353678,14248663.639385864,经过处理的数据 / public-data surrogate; not author-run logs,0.5672174082546751,0.601255262355585,0.7327583895774082,-0.5781752313744697,-0.1674937854831053,-0.4588396135912475,-0.37418520577846437,-0.06104392007042003,-0.15746202847663104,-0.5260632539843696
NSGA-II,2,2009037,24,True,0.0,52592891.60862028,6726001.076072731,45866890.53254755,14611248.14329043,经过处理的数据 / public-data surrogate; not author-run logs,0.6100894906891551,0.6355083335291543,0.6999044650688382,-0.4852129962594346,-0.15211197425451506,-0.4450687523227954,-0.32812581916658323,-0.038501904302984835,-0.21522103049312125,-0.4536916261123761
NSGA-II,2,2009037,25,True,0.0,53584548.60443568,6772311.220668933,46812237.38376674,14960271.19846105,经过处理的数据 / public-data surrogate; not author-run logs,0.5943019771921839,0.6719027593037789,0.69918605520124,-0.4816685631988632,-0.15361447661596378,-0.43181295120474494,-0.3154574012235395,-0.08955123793592867,-0.22974446263071846,-0.4471652716081521
NSGA-II,2,2009037,26,True,0.0,54329461.99060237,7713562.422909887,46615899.56769248,14556093.804923683,经过处理的数据 / public-data surrogate; not author-run logs,0.6077698429948346,0.6672435557472667,0.6712441347551288,-0.4096281515651875,-0.13802247730257042,-0.44716349915787146,-0.3059411328493443,-0.07908613362138595,-0.2403054665415364,-0.3973405557053734
NSGA-II,2,2009037,27,True,0.0,49396311.90628679,5632190.671836473,43764121.234450325,13678609.69559067,经过处理的数据 / public-data surrogate; not author-run logs,0.5695927427294216,0.5998159682661403,0.7283568071575492,-0.5689298102011027,-0.16597953056653914,-0.48049010800290004,-0.36896212428850994,-0.026400210116770184,-0.16443568988908708,-0.5177803200763316
NSGA-II,2,2009037,28,True,0.0,50208748.181601964,5778900.938949518,44429847.242652446,13676735.695074283,经过处理的数据 / public-data surrogate; not author-run logs,0.5775746761457135,0.6055843121463248,0.724163569236403,-0.557701067004231,-0.16490250905982387,-0.480561282035023,-0.358583251017597,-0.029766253819876187,-0.17795609779564292,-0.5064709541900149
NSGA-II,2,2009037,29,True,0.0,53845554.37526863,7210630.907127241,46634923.46814139,14991090.976918558,经过处理的数据 / public-data surrogate; not author-run logs,0.6064688549490057,0.6646435190518347,0.6871287911515181,-0.44812095065460134,-0.14608679229349533,-0.43064242436509137,-0.31212305254812955,-0.17510625574200966,-0.23347812537413248,-0.42761722085114084
NSGA-II,2,2009037,30,True,0.0,54013880.14879997,7546641.840266096,46467238.30853387,13995004.03429703,经过处理的数据 / public-data surrogate; not author-run logs,0.6087181417931221,0.6518010125112343,0.6767410809206517,-0.4224037288554604,-0.14028328608357238,-0.46847353670012937,-0.3099726908215652,-0.15798289730834314,-0.2358668703989233,-0.4124165583489985
NSGA-II,2,2009037,31,True,0.0,49022622.68045394,5665314.380755617,43357308.29969833,14922744.864865832,经过处理的数据 / public-data surrogate; not author-run logs,0.5444192412448388,0.6350138200387846,0.7260703210310773,-0.5663946255238476,-0.16443469420875229,-0.4332381911923573,-0.3737360040812606,-0.09281620312455063,-0.1580663574644594,-0.5175687260848625
NSGA-II,2,2009037,32,True,0.0,50447864.699236274,5951241.65841666,44496623.040819615,14818912.277154434,经过处理的数据 / public-data surrogate; not author-run logs,0.5663276536763578,0.6375974874034311,0.7199447387778384,-0.5445106494599055,-0.1620318423010131,-0.43718172475521033,-0.3555285375478596,-0.01791593519871315,-0.18185248223945472,-0.4996049947863329
NSGA-II,2,2009037,33,True,0.0,53352044.5071107,6963158.222154096,46388886.284956604,14853082.144266233,经过处理的数据 / public-data surrogate; not author-run logs,0.6018968411214459,0.6544625288764176,0.6933874467195835,-0.46706173293579356,-0.14948657194897091,-0.43588396245568883,-0.3184276410250154,-0.05022190052216424,-0.22638774837393405,-0.4386855078254466
NSGA-II,2,2009037,34,True,0.0,49366608.05959715,5790923.190465649,43575684.8691315,14861581.725504955,经过处理的数据 / public-data surrogate; not author-run logs,0.5532146641410387,0.6346085620170107,0.7234742347825149,-0.5567809216212307,-0.16269554222816696,-0.43556115066197476,-0.3693415909246235,-0.08774697674155929,-0.16393293154407573,-0.5129500546207697
NSGA-II,2,2009037,35,True,0.0,50796118.519201025,6024362.732336688,44771755.78686433,15319486.050421743,经过处理的数据 / public-data surrogate; not author-run logs,0.5698328670848817,0.6427428338244687,0.715797034849544,-0.5389141920511352,-0.1614011206376041,-0.41817006840460114,-0.35107959506049546,-0.014872523742459287,-0.18746163125833282,-0.4915090303313375
NSGA-II,2,2009037,36,True,0.0,51320661.72059606,6209532.005233284,45111129.71536278,14140221.253763618,经过处理的数据 / public-data surrogate; not author-run logs,0.5831862611968923,0.6240686772757347,0.712622928004869,-0.5247419173070289,-0.15900522329506,-0.46295822603039627,-0.34437855575709153,-0.0190826709772719,-0.19576650229675518,-0.48420095911861594
NSGA-II,2,2009037,37,True,0.0,48709143.69053054,5593166.035692526,43115977.65483801,14558447.167843515,经过处理的数据 / public-data surrogate; not author-run logs,0.55486735707758,0.6175783207882829,0.7288737700463012,-0.5719166333201287,-0.16517215430375382,-0.44707411907147965,-0.377740698121106,-0.038681290697386905,-0.1526478982626015,-0.5223997915009676
NSGA-II,2,2009037,38,True,0.0,52604829.58303431,6925837.496987251,45678992.08604705,14990437.650854023,经过处理的数据 / public-data surrogate; not author-run logs,0.6062820254331827,0.6482164969014027,0.6952348560130676,-0.46991814405865395,-0.14834217405732428,-0.4306672375120981,-0.32797331154559284,-0.1215308189078329,-0.21539912576180476,-0.4448474467729907
NSGA-II,2,2009037,39,True,0.0,52333743.98932122,6499424.269106418,45834319.720214814,14571103.905398598,经过处理的数据 / public-data surrogate; not author-run logs,0.6093458921890188,0.6307438661879912,0.7060636615011189,-0.5025544736478678,-0.15580815409589968,-0.44659341960665055,-0.33143642995648226,-0.03202307347978084,-0.21133494121074203,-0.46460951398848027
NSGA-II,2,2009037,40,True,0.0,52548186.2716486,6638313.096399063,45909873.17524953,15385634.203711033,经过处理的数据 / public-data surrogate; not author-run logs,0.5930417190203688,0.6584471364473272,0.7018389802283067,-0.4919243588967164,-0.15367188922406935,-0.4156577794559513,-0.3286969298383494,-0.017874998836207245,-0.21455338027016735,-0.45680912864730794
NSGA-II,2,2009037,41,True,0.0,51218989.91736196,6231027.465868053,44987962.451493904,13948846.370381877,经过处理的数据 / public-data surrogate; not author-run logs,0.5876668030655945,0.6175977411109694,0.7118820235238132,-0.523096722242526,-0.15834536612453015,-0.47022659227588204,-0.34567741302510624,-0.027034414624307335,-0.19417006570039352,-0.4813201533775303
NSGA-II,2,2009037,42,True,0.0,52471883.43095043,6260035.026840972,46211848.40410945,15671497.78593298,经过处理的数据 / public-data surrogate; not author-run logs,0.5848725122374806,0.6704155668373255,0.7116552606957559,-0.5208765746049955,-0.16069734460592086,-0.4048007580165648,-0.32967169861453405,-0.010247261472650981,-0.21341121032345622,-0.47244237347120055
NSGA-II,2,2009037,43,True,0.0,51867050.45958145,6416301.207561919,45450749.25201954,14417295.534050824,经过处理的数据 / public-data surrogate; not author-run logs,0.5946002424490288,0.6316291028797317,0.7076625224066156,-0.5089164517846927,-0.15629330855121668,-0.4524350198983008,-0.337398439714903,-0.046056092040710594,-0.2042386271383696,-0.47139823721396945
NSGA-II,2,2009037,44,True,0.0,53780482.37483981,6785134.30011852,46995348.07472131,14882863.348263185,经过处理的数据 / public-data surrogate; not author-run logs,0.599602826557718,0.6669257439305212,0.6985852016982921,-0.48068712496031407,-0.15383649233884863,-0.4347528803927956,-0.31295434734189476,-0.10014850784777707,-0.23255066787371992,-0.44467637302612617
NSGA-II,2,2009037,45,True,0.0,52514077.51332655,6634507.96330962,45879569.55001694,14895375.593290515,经过处理的数据 / public-data surrogate; not author-run logs,0.5965735209949705,0.6417745641618581,0.7026495687135961,-0.4922155918358423,-0.15366229633137948,-0.43427766871504125,-0.32913266921977413,-0.0018602750101653909,-0.21404321975329565,-0.4617103298786207
NSGA-II,2,2009037,46,True,0.0,53618985.839468114,6973054.187720159,46645931.65174796,14724533.03869028,经过处理的数据 / public-data surrogate; not author-run logs,0.5997366709946937,0.6617088340358941,0.6937684127363487,-0.4663043268031962,-0.14995177028157441,-0.44076622267367105,-0.3150174655521988,-0.10181036538543153,-0.2302391655901297,-0.4392805251256362
NSGA-II,2,2009037,47,True,0.0,52896139.67414911,6702426.507578535,46193713.166570574,15372537.593141265,经过处理的数据 / public-data surrogate; not author-run logs,0.6008932003414906,0.6502316976905488,0.700543438488651,-0.48701731971141504,-0.15329081954057833,-0.41615518517875816,-0.32425182518403695,-0.0018613795513243714,-0.21972008667825482,-0.45585854604582854
NSGA-II,2,2009037,48,True,0.0,52136929.34227952,6164840.108001212,45972089.234278314,15003741.474188598,经过处理的数据 / public-data surrogate; not author-run logs,0.5824889692444328,0.6567854441706394,0.7145899595801952,-0.5281624947954008,-0.1617567473617603,-0.4301619619045982,-0.3339507370370133,-0.017841993645733578,-0.20835776481892387,-0.48022540424345295
NSGA-II,3,2009038,1,True,0.0,50651147.64965099,6148779.821232443,44502367.828418545,15000387.626592986,经过处理的数据 / public-data surrogate; not author-run logs,0.5801925207286031,0.6247087711432354,0.7165238976273638,-0.5293916987178207,-0.15860532077648176,-0.43028934012803954,-0.3529315978929024,-0.025111093475273183,-0.18513602958245334,-0.4944363861103903
NSGA-II,3,2009038,2,True,0.0,51574927.56531027,6718167.106920355,44856760.45838991,14883082.324163401,经过处理的数据 / public-data surrogate; not author-run logs,0.5744796911056598,0.6425100797135525,0.6984094515576399,-0.485812583660884,-0.14973966956302526,-0.4347445637474052,-0.34113030963663526,-0.0646736987029023,-0.19973139607934043,-0.45643945431650423
NSGA-II,3,2009038,3,True,0.0,51600388.30522984,6684841.566240551,44915546.738989286,14391372.430435227,经过处理的数据 / public-data surrogate; not author-run logs,0.5806321128813212,0.6359674956552176,0.6989037118844214,-0.48836321590737886,-0.15044978175943258,-0.4534195723535046,-0.3408050486887457,-0.06965667760513361,-0.2001262657975622,-0.45847630034774056
NSGA-II,3,2009038,4,True,0.0,47883967.802376956,5689450.456814103,42194517.34556286,13561662.156568686,经过处理的数据 / public-data surrogate; not author-run logs,0.5530630525913742,0.5798690718850846,0.7265690825381218,-0.5645473260459448,-0.1611825603029564,-0.48493174386492943,-0.3882823199437365,-0.02335002094680927,-0.13804563042181384,-0.5236676972192826
NSGA-II,3,2009038,5,True,0.0,50446598.13827341,6070696.248571081,44375901.889702335,14860166.398744807,经过处理的数据 / public-data surrogate; not author-run logs,0.5698701534530394,0.6283674872600046,0.7178086094794303,-0.53536797019876,-0.15966093904030182,-0.43561490438904704,-0.35554471786393216,-0.054091478344306276,-0.18183194103853928,-0.49661323812358593
NSGA-II,3,2009038,6,True,0.0,51423626.70230955,6720517.683270794,44703109.01903875,15036186.854397837,经过处理的数据 / public-data surrogate; not author-run logs,0.5751630909103894,0.6431945026862084,0.6981778298602779,-0.4856326779274741,-0.1493107018263074,-0.4289296951506357,-0.34306317813423537,-0.06594192242713715,-0.19737681048959743,-0.4567263741756389
NSGA-II,3,2009038,7,True,0.0,52470509.1237309,6783178.640756511,45687330.48297438,14754331.431842778,经过处理的数据 / public-data surrogate; not author-run logs,0.5884224134280435,0.652636780830702,0.6981133018084653,-0.4808368049874089,-0.1507239789733873,-0.4396344877713051,-0.3296892553890163,-0.017332034810914942,-0.21339060799520537,-0.4537571003967502
NSGA-II,3,2009038,8,True,0.0,51487080.38377925,6824800.2320959,44662280.151683345,14863989.517398007,经过处理的数据 / public-data surrogate; not author-run logs,0.589867842392748,0.6288189964594885,0.6972241895258482,-0.47765121907176866,-0.1474463538964618,-0.4354697033779197,-0.3422525573648816,-0.0031745941243783715,-0.1983659789533706,-0.4570654657330784
NSGA-II,3,2009038,9,True,0.0,51140055.5544108,6278265.700483949,44861789.85392685,14695803.487855256,经过处理的数据 / public-data surrogate; not author-run logs,0.5744881641319061,0.6369599099417708,0.7112829038119444,-0.5194812560859089,-0.1572338897089358,-0.4418573632342676,-0.34668579949759915,-0.019948468091250504,-0.19292627212564395,-0.48224907431601693
NSGA-II,3,2009038,10,True,0.0,50521183.00410621,6047418.2842652965,44473764.719840914,14774339.262083434,经过处理的数据 / public-data surrogate; not author-run logs,0.5712857013084042,0.6259515934277889,0.7184739636917249,-0.5371495924974516,-0.16029935316887217,-0.4388745957969935,-0.35459189621634346,-0.05396826982959124,-0.18303980972406397,-0.49755481062362794
NSGA-II,3,2009038,11,True,0.0,51571922.95734537,6287779.347626619,45284143.609718755,14517508.617082605,经过处理的数据 / public-data surrogate; not author-run logs,0.5878989851052963,0.6354030304742406,0.7116633853393945,-0.5187531114050163,-0.15807746954040908,-0.4486289541429982,-0.3411686935028462,-0.0701895514869697,-0.19968477200012213,-0.48179033847804265
NSGA-II,3,2009038,12,True,0.0,49373572.30706866,5914474.324562895,43459097.98250576,14121506.513599321,经过处理的数据 / public-data surrogate; not author-run logs,0.571003512769009,0.5970357758880452,0.7217944520594143,-0.5473247057492274,-0.1602097144646725,-0.46366900679378353,-0.3692526226644285,-0.01550601834686316,-0.16405086058375096,-0.5061136065283762
NSGA-II,3,2009038,13,True,0.0,54034889.64227885,7775110.536174045,46259779.10610481,15247185.60225354,经过处理的数据 / public-data surrogate; not author-run logs,0.6088891675079603,0.6633483141038233,0.6704797136786388,-0.4049174522276784,-0.13610943988880628,-0.42091601984667737,-0.3097042945461542,-0.028178766411820377,-0.23616397566016523,-0.39849466047345716
NSGA-II,3,2009038,14,True,0.0,49887313.50153621,5808589.937645169,44078723.56389104,14618078.094085937,经过处理的数据 / public-data surrogate; not author-run logs,0.566606840489767,0.6196348392859049,0.7257144353616776,-0.5554287642630136,-0.16356578997852228,-0.4448093526411696,-0.3626895789975788,-0.07137426939656077,-0.1726594923030076,-0.5132748228313351
NSGA-II,3,2009038,15,True,0.0,49843881.77767041,6014171.283925176,43829710.49374524,14345579.675741477,经过处理的数据 / public-data surrogate; not author-run logs,0.5675803382071803,0.61421453758315,0.7188393714268659,-0.5396942135129519,-0.15933982929436555,-0.4551587687758477,-0.3632444192621467,-0.021937963743965727,-0.1719385848778282,-0.5048307398221494
NSGA-II,3,2009038,16,True,0.0,54024959.482403964,6910941.836485647,47114017.64591831,14983332.656362638,经过处理的数据 / public-data surrogate; not author-run logs,0.61088482427584,0.6618760921418494,0.6958616435975828,-0.4710582111433347,-0.15207872245167434,-0.4309370832788101,-0.3098311523367685,-0.050126866232454104,-0.23602357733478818,-0.44049203165231865
NSGA-II,3,2009038,17,True,0.0,52246108.38279903,6816887.40617386,45429220.97662517,15038395.89200784,经过处理的数据 / public-data surrogate; not author-run logs,0.5888205457223398,0.6471649206333182,0.6973567108904986,-0.47825684192276974,-0.14952353740440158,-0.4288457965004271,-0.33255597481402877,-0.059762439264343326,-0.21001206486819313,-0.45006662053778335
NSGA-II,3,2009038,18,True,0.0,48085617.510084435,5730105.7834730875,42355511.726611346,13954813.669153474,经过处理的数据 / public-data surrogate; not author-run logs,0.5344151018985378,0.6070452962757033,0.7259006522889407,-0.5614356949950183,-0.16083534994073068,-0.4699999558845136,-0.38570624496407047,-0.06475895510616536,-0.1416602839436527,-0.5240897503857262
NSGA-II,3,2009038,19,True,0.0,48369792.643604524,5708614.7430089,42661177.90059563,13551083.44155393,经过处理的数据 / public-data surrogate; not author-run logs,0.557556246508105,0.5879482065735281,0.7256908816017786,-0.5630805517535435,-0.16197975573162407,-0.48533352059641666,-0.3820759076845027,-0.02335087769322075,-0.14670307594429532,-0.5196643337793642
NSGA-II,3,2009038,20,True,0.0,54041604.549842834,7837069.713383134,46204534.8364597,14694113.161566291,经过处理的数据 / public-data surrogate; not author-run logs,0.605259423166493,0.6616191466169856,0.6683882639206821,-0.40017529134650265,-0.1349808100876249,-0.441921561368973,-0.30961851160323306,-0.01844485009886787,-0.23625888565294217,-0.3945378993321118
NSGA-II,3,2009038,21,True,0.0,54017137.83251059,7765143.531985204,46251994.30052539,14625607.018567182,经过处理的数据 / public-data surrogate; not author-run logs,0.6100071718936022,0.6565613513159164,0.6711944884437661,-0.40568029543341266,-0.136246668306226,-0.44452340612824537,-0.30993107391274843,-0.0186493527825764,-0.23591295399662826,-0.39896630743681927
NSGA-II,3,2009038,22,True,0.0,49044643.6285533,5761257.185130641,43283386.44342267,13853269.800835626,经过处理的数据 / public-data surrogate; not author-run logs,0.5513089985202145,0.6116325951505368,0.7253430619772773,-0.5590514645228202,-0.16253034870098448,-0.4738565645045971,-0.3734546864732551,-0.07773140695011882,-0.1584443840066807,-0.5156843348389779
NSGA-II,3,2009038,23,True,0.0,52830698.35992473,6925464.996588598,45905233.36333612,15281441.452939216,经过处理的数据 / public-data surrogate; not author-run logs,0.5971860546814772,0.6538141202787042,0.6957491002789313,-0.46994665406957215,-0.14891210581001937,-0.41961499191430485,-0.325087837961474,-0.0393703161483443,-0.21875355501057214,-0.445467931956832
NSGA-II,3,2009038,24,True,0.0,53337529.21206273,7123173.894449203,46214355.31761353,14663257.343072606,经过处理的数据 / public-data surrogate; not author-run logs,0.6021218150454846,0.6522314073806714,0.6896482822869632,-0.4548146358032388,-0.146450996143289,-0.4430934569994407,-0.3186130739166405,-0.02970722873294196,-0.22617721724789652,-0.43413242960250764
NSGA-II,3,2009038,25,True,0.0,51391922.82876143,6805235.137849193,44586687.69091224,15312587.621231275,经过处理的数据 / public-data surrogate; not author-run logs,0.5819900827994718,0.6399933921494613,0.6966053340706394,-0.47914866995398653,-0.14758162054912158,-0.41843206887712325,-0.343468195113106,-0.06687776063272544,-0.19688166917737582,-0.4540061451270334
NSGA-II,3,2009038,26,True,0.0,48413094.247421965,5882103.221241624,42530991.02618034,14222455.79353211,经过处理的数据 / public-data surrogate; not author-run logs,0.5540928708395386,0.5924356397788022,0.7223816958747197,-0.5498022883570886,-0.15850181210933756,-0.45983498047954674,-0.3815227297035292,-0.012513535405585086,-0.1474662811456664,-0.514579479614322
NSGA-II,3,2009038,27,True,0.0,49799380.67157892,6241571.547415532,43557809.12416339,14239327.78604257,经过处理的数据 / public-data surrogate; not author-run logs,0.558745435522803,0.6216633295098766,0.7121338793713579,-0.5222897113476969,-0.15466567930677766,-0.45919418677302626,-0.36381292088445527,-0.06313273432007749,-0.17119862288658094,-0.49009570261523405
NSGA-II,3,2009038,28,True,0.0,49897037.98897073,6116430.697974109,43780607.29099661,14426240.553445507,经过处理的数据 / public-data surrogate; not author-run logs,0.5727888710116044,0.6098491336123009,0.7149803400941701,-0.5318675990406787,-0.15741896223727575,-0.4520952904840503,-0.36256534867235324,-0.033024814837260275,-0.17282073358496386,-0.4945992717887242
NSGA-II,3,2009038,29,True,0.0,50807260.17344457,6725677.001985678,44081583.17145889,14180664.251929106,经过处理的数据 / public-data surrogate; not author-run logs,0.5859899387504244,0.6116456929482026,0.6988069825713394,-0.48523779987251425,-0.14762370222236493,-0.4614222119122535,-0.35093726042953965,-0.041140732398766366,-0.187639814878808,-0.4636466029457452
NSGA-II,3,2009038,30,True,0.0,53587905.376182586,7467215.456970958,46120689.91921163,14809266.850600177,经过处理的数据 / public-data surrogate; not author-run logs,0.6069408877018558,0.6561847597733738,0.6793847688611004,-0.42848277484608754,-0.14065483611363921,-0.43754805544370734,-0.31541451846507695,-0.025996032935138635,-0.22979271180201155,-0.4153871302179769
NSGA-II,3,2009038,31,True,0.0,51358005.71951478,6756063.244187253,44601942.47532752,14779591.215338115,经过处理的数据 / public-data surrogate; not author-run logs,0.5851730967852388,0.6297068375989832,0.6987630323477725,-0.4829121323025921,-0.1484516045836236,-0.43867512803463804,-0.34390148617762684,-0.02627452786902984,-0.19635128541767022,-0.458737649519501
NSGA-II,3,2009038,32,True,0.0,49212248.57550794,6018685.807974574,43193562.76753336,14703108.804873481,经过处理的数据 / public-data surrogate; not author-run logs,0.5664972475870439,0.6051074641929817,0.7182041522197975,-0.5393486860171309,-0.15769943495388328,-0.44157990927223467,-0.3713135333060784,-0.012430118877788887,-0.1613105177124292,-0.5036113216192657
NSGA-II,3,2009038,33,True,0.0,48724225.94597693,5862123.627457915,42862102.31851902,13813324.200606873,经过处理的数据 / public-data surrogate; not author-run logs,0.5525899177856657,0.5999432466910667,0.7217841465384897,-0.551331463732403,-0.15968770126881948,-0.4753736875838007,-0.3775480223104932,-0.06362200815694219,-0.15291019038943,-0.5117571627191172
NSGA-II,3,2009038,34,True,0.0,53777914.77411394,7387912.255996178,46390002.51811777,14850662.653506242,经过处理的数据 / public-data surrogate; not author-run logs,0.6033554809661975,0.6604516942230033,0.6813786080933263,-0.4345523928486883,-0.14262181627852263,-0.4359758540595422,-0.31298714844070563,-0.01934028707992208,-0.2325140263737563,-0.41641426757497024
NSGA-II,3,2009038,35,True,0.0,50883526.64731702,6543106.720196599,44340419.927120425,14480901.04973501,经过处理的数据 / public-data surrogate; not author-run logs,0.5839765610285567,0.6160435548101777,0.7043314769664185,-0.4992111559976886,-0.15141011735393145,-0.4500192996373328,-0.3499629562395471,-0.03681760834017145,-0.18885741615206475,-0.47370414719164744
NSGA-II,3,2009038,36,True,0.0,53539477.62242788,7224508.574695997,46314969.04773189,14773072.15403791,经过处理的数据 / public-data surrogate; not author-run logs,0.6060637417227026,0.6544380998551208,0.6862058252946541,-0.44705879755265754,-0.14506202720831884,-0.43892272021742285,-0.31603318301057637,-0.02599536933109059,-0.22909604066233458,-0.4262782777478813
NSGA-II,3,2009038,37,True,0.0,51558928.67694093,6802547.153052334,44756381.52388859,14726350.720561858,经过处理的数据 / public-data surrogate; not author-run logs,0.5788872522630355,0.637528533639557,0.6972825538455041,-0.4793543998704741,-0.14806267454322253,-0.4406971876084266,-0.3413346954326738,-0.05271693665988808,-0.1994830703598547,-0.45805412254140776
NSGA-II,3,2009038,38,True,0.0,53133848.97127122,7147705.488599727,45986143.4826715,15160140.881789723,经过处理的数据 / public-data surrogate; not author-run logs,0.6013881660800987,0.653970369649551,0.6882278317498767,-0.4529370646124382,-0.14547736279251297,-0.4242219547577124,-0.32121508895608963,-0.02616375930000836,-0.22321088949689682,-0.43068323201283376
NSGA-II,3,2009038,39,True,0.0,51216065.16262826,6411371.597395144,44804693.56523312,15242649.328931836,经过处理的数据 / public-data surrogate; not author-run logs,0.5835992747492227,0.6334639467101759,0.7086664019734681,-0.5092937486686302,-0.15481717744155318,-0.4210883062789883,-0.3457147767663028,-0.004973223093677093,-0.19412404781699277,-0.4777309379459279
NSGA-II,3,2009038,40,True,0.0,53990457.51182613,7791787.380913007,46198670.13091313,14978945.818940233,经过处理的数据 / public-data surrogate; not author-run logs,0.6072266564237542,0.6594270885149802,0.6703451827091975,-0.4036410588941184,-0.13568213828885808,-0.4311036941761337,-0.31027191500469,-0.025996032935138635,-0.23553536713484347,-0.39722659536736504
NSGA-II,3,2009038,41,True,0.0,50322318.36370739,6336456.311528896,43985862.0521785,14032570.49855606,经过处理的数据 / public-data surrogate; not author-run logs,0.5686779246674714,0.6211908092855136,0.7102689759328018,-0.5150275294262111,-0.1540825836812247,-0.467046772560773,-0.3571323919616427,-0.010803227867147824,-0.17981133178938002,-0.4857682028451673
NSGA-II,3,2009038,42,True,0.0,51338033.168305434,6698287.758149413,44639745.41015602,15215584.258411445,经过处理的数据 / public-data surrogate; not author-run logs,0.5845528280480377,0.6324767241557817,0.7006523134086675,-0.4873340865976753,-0.14952582043433765,-0.4221162303279854,-0.34415663551573117,-0.03812791718650066,-0.19603863387814402,-0.46185071319987514
NSGA-II,3,2009038,43,True,0.0,51757055.69671781,6686709.883509068,45070345.81320873,14239772.52844595,经过处理的数据 / public-data surrogate; not author-run logs,0.5800051214064192,0.6353344014735742,0.6990132686417243,-0.48822022076987903,-0.1508058293985779,-0.4591772955769845,-0.338803622790687,-0.06740550245837185,-0.2025474647968164,-0.4579407892447429
NSGA-II,3,2009038,44,True,0.0,51249186.11010349,6633485.601186635,44615700.508916855,14478106.47164469,经过处理的数据 / public-data surrogate; not author-run logs,0.575872178454852,0.6335664615905443,0.7004650447271008,-0.49229384022267364,-0.15056407906780633,-0.45012543695641627,-0.34529165666826855,-0.020679968838622997,-0.1946448634066581,-0.46584920158221277
NSGA-II,3,2009038,45,True,0.0,49662086.92785913,6001631.107000817,43660455.820858315,14779079.663784139,经过处理的数据 / public-data surrogate; not author-run logs,0.5614996183181884,0.6188126133841845,0.7191168504063972,-0.5406539992804911,-0.1591506463327046,-0.43869455662412715,-0.3655668484357628,-0.053733856344232445,-0.16890735300842785,-0.5033274784037093
NSGA-II,3,2009038,46,True,0.0,48747132.18602377,5825076.611087684,42922055.57493609,13741035.012254912,经过处理的数据 / public-data surrogate; not author-run logs,0.552116979044927,0.6021321689889798,0.7232891412773874,-0.5541669260433747,-0.1605042194306195,-0.47811921138110525,-0.37725539509801786,-0.06576196876164087,-0.1533082372416248,-0.5148395206708578
NSGA-II,3,2009038,47,True,0.0,50398398.18037085,6350123.828900525,44048274.35147033,14518183.55342163,经过处理的数据 / public-data surrogate; not author-run logs,0.5741963997385005,0.6194606952403282,0.710662002171854,-0.5139814605605157,-0.15400147508311549,-0.4486033202436185,-0.3561604723174614,-0.018703020018890903,-0.18104946247924014,-0.4856283308241247
NSGA-II,3,2009038,48,True,0.0,49703044.89637878,5985202.056908967,43717842.83946981,14184608.48675991,经过处理的数据 / public-data surrogate; not author-run logs,0.5633491292437673,0.6173858219022826,0.7201903772784284,-0.5419114271897987,-0.15958077680377625,-0.46127241094149973,-0.36504361039529676,-0.04538033771188288,-0.16959221781989686,-0.5071811322948458
NSGA-II,4,2009039,1,True,0.0,51965723.75743964,6315748.073527696,45649975.68391194,14420041.845932012,经过处理的数据 / public-data surrogate; not author-run logs,0.6031475740194586,0.6239711087663591,0.7093211877244806,-0.5166124729421002,-0.15846319425843647,-0.4523307157167693,-0.3361378883525258,-0.04965626749327756,-0.20574963080176378,-0.4728912725137099
NSGA-II,4,2009039,2,True,0.0,52682796.82879435,6425036.891393753,46257759.937400594,14509224.37330848,经过处理的数据 / public-data surrogate; not author-run logs,0.6004135429081996,0.6380613906445751,0.707233202290473,-0.5082478499729248,-0.15804298028683855,-0.4489435874781216,-0.32697727999504234,-0.06125062455604102,-0.21656028600513944,-0.4666106729644338
NSGA-II,4,2009039,3,True,0.0,49011741.69477227,5674713.139626332,43337028.55514595,13522335.463442335,经过处理的数据 / public-data surrogate; not author-run logs,0.5611424107318976,0.5989815418965864,0.7281556770716942,-0.5656752740305587,-0.1642172723637036,-0.4864253610199871,-0.37387500867138546,-0.0527840940853217,-0.1578794416848408,-0.5191217685719915
NSGA-II,4,2009039,4,True,0.0,52530578.29474601,6325904.063035515,46204674.23171049,14583871.570226641,经过处理的数据 / public-data surrogate; not author-run logs,0.597412983498977,0.6402900537630946,0.7092660945454897,-0.5158351653934365,-0.15957672905214873,-0.44610850715403416,-0.32892187174011056,-0.09045783098247884,-0.2142901026443087,-0.4687991470592069
NSGA-II,4,2009039,5,True,0.0,52840652.5435448,6595918.711346272,46244733.83219853,14963004.732896527,经过处理的数据 / public-data surrogate; not author-run logs,0.6069992280761316,0.6391982819205456,0.7014306685405889,-0.49516909201672543,-0.1551734054398605,-0.43170913230714136,-0.32496067326751943,-0.09732796627544094,-0.2189007271250637,-0.45321864525839306
NSGA-II,4,2009039,6,True,0.0,50062671.22868242,5707940.788451035,44354730.44023138,14323344.920635628,经过处理的数据 / public-data surrogate; not author-run logs,0.575701747134403,0.6130213907744626,0.7280332904905149,-0.5631321341192876,-0.16598409456863378,-0.45600323875347604,-0.3604493840648503,-0.05443269616152713,-0.175557470925503,-0.5124532250961684
NSGA-II,4,2009039,7,True,0.0,52011927.3323417,6352791.273439689,45659136.05890201,14929448.303610621,经过处理的数据 / public-data surrogate; not author-run logs,0.5997871618660959,0.633296065397771,0.7088965906710938,-0.513777302730859,-0.15785895275814096,-0.43298359640415773,-0.33554763769146867,-0.06162597760983912,-0.206455184475823,-0.47228658783899513
NSGA-II,4,2009039,8,True,0.0,52703277.52423619,6450101.26368268,46253176.26055351,14719824.228596708,经过处理的数据 / public-data surrogate; not author-run logs,0.6049553831145513,0.6389769711060465,0.7056468689806382,-0.5063295016162533,-0.1576147980414211,-0.4409450620058537,-0.32671563911445944,-0.05057962129962068,-0.2168647336777152,-0.4618717143071088
NSGA-II,4,2009039,9,True,0.0,51678671.991547555,6164984.042717898,45513687.94882965,14293822.510008048,经过处理的数据 / public-data surrogate; not author-run logs,0.5988045173592322,0.6223060330618374,0.7127713557815761,-0.5281514784841188,-0.16070544762206296,-0.45712449191428317,-0.33980497461012793,-0.06973591131014067,-0.2013379274384094,-0.47828101315413574
NSGA-II,4,2009039,10,True,0.0,52452921.152024336,6190353.186803202,46262567.96522114,14266751.236502416,经过处理的数据 / public-data surrogate; not author-run logs,0.5967983443881165,0.6368856535542289,0.7128531849626898,-0.5262098038510897,-0.1619826798804647,-0.45815265155097984,-0.3299139417244017,-0.09568075131195519,-0.21312685025918532,-0.47648815433128977
NSGA-II,4,2009039,11,True,0.0,52860252.232854575,6467787.539363885,46392464.693490684,14604524.675021064,经过处理的数据 / public-data surrogate; not author-run logs,0.6028471106002623,0.639793174455588,0.7060214608286864,-0.5049758496078339,-0.15764364969594455,-0.44532410782691434,-0.32471028724011497,-0.051169616554698094,-0.21919034555141936,-0.46351364217787727
NSGA-II,4,2009039,12,True,0.0,50581343.75966802,5648339.615079617,44933004.14458841,13773096.971884008,经过处理的数据 / public-data surrogate; not author-run logs,0.577057442843853,0.6134259713273749,0.7274145000877597,-0.567693820790502,-0.16833156268214006,-0.4769015068369441,-0.35382334257487014,-0.07261538448001614,-0.18401149095389546,-0.5087677286138541
NSGA-II,4,2009039,13,True,0.0,53121600.2081223,6634575.371740147,46487024.83638215,14801966.612825226,经过处理的数据 / public-data surrogate; not author-run logs,0.6038955154304264,0.6436229086833436,0.7010762085790525,-0.492210432606222,-0.1551058826212521,-0.43782531649745615,-0.3213715669031123,-0.05997870299232888,-0.22303177768938465,-0.4515701169705588
NSGA-II,4,2009039,14,True,0.0,52729114.9366339,6201801.6071648635,46527313.32946904,14305379.248098608,经过处理的数据 / public-data surrogate; not author-run logs,0.5995362721308982,0.6394208827580936,0.7125942930312738,-0.5253335777029097,-0.16238373402212902,-0.4566855701312308,-0.32638556617572934,-0.09532856638998799,-0.21724847212778164,-0.4739269003042651
NSGA-II,4,2009039,15,True,0.0,51040430.769961454,5688068.416372951,45352362.35358851,13693889.024781791,经过处理的数据 / public-data surrogate; not author-run logs,0.5824442559639195,0.6176562787398533,0.7260699890238247,-0.5646531030819135,-0.16855759384145877,-0.4799098032179462,-0.3479585061010072,-0.06492501747335722,-0.19135096124050277,-0.5038006775530619
NSGA-II,4,2009039,16,True,0.0,52607167.76428965,6358760.480654789,46248407.28363486,14776034.062060928,经过处理的数据 / public-data surrogate; not author-run logs,0.5996912941205274,0.6406688443380146,0.7088937962003422,-0.5133204383530194,-0.15912748868850551,-0.4388102277528093,-0.3279434412804767,-0.059986023161139546,-0.2154339981781509,-0.46916430965441946
NSGA-II,4,2009039,17,True,0.0,52291518.59744468,5801131.1395190405,46490387.45792565,14205550.668183181,经过处理的数据 / public-data surrogate; not author-run logs,0.5979823084366613,0.6360150081540045,0.7249390620595395,-0.555999637252094,-0.16906171985216506,-0.46047703256229977,-0.33197585933010443,-0.08205619157809962,-0.21069809431740405,-0.49475972127285883
NSGA-II,4,2009039,18,True,0.0,54015879.391484946,6636347.768578161,47379531.62290679,15060001.377786065,经过处理的数据 / public-data surrogate; not author-run logs,0.6208533535512243,0.6505140036836524,0.7005201872224944,-0.49207477891729734,-0.15714079927347602,-0.42802522600145243,-0.3099471504966246,-0.056725851641220904,-0.23589515259273208,-0.44475201046666457
NSGA-II,4,2009039,19,True,0.0,51860345.271002576,6339318.000420859,45521027.270581715,14346982.35744584,经过处理的数据 / public-data surrogate; not author-run logs,0.5999942331972754,0.6236679132181716,0.7087594056069834,-0.5148085047436888,-0.1577617471057322,-0.4551054953045699,-0.33748409849779126,-0.04928073636566577,-0.2041357406257377,-0.4727596884882851
NSGA-II,4,2009039,20,True,0.0,50143216.82061061,5637433.793022199,44505783.02758841,13791537.59314313,经过处理的数据 / public-data surrogate; not author-run logs,0.5743945375482711,0.6090390453747146,0.7277280934939234,-0.5685285181681516,-0.16757335188146494,-0.4762011370353426,-0.35942041414246584,-0.06492278527433104,-0.17688178188370585,-0.511164708775423
NSGA-II,4,2009039,21,True,0.0,52283664.88653095,6547055.282568743,45736609.6039622,14863344.735155385,经过处理的数据 / public-data surrogate; not author-run logs,0.6002942588439916,0.6343757726758616,0.7026518533400428,-0.498908945431611,-0.1547781874744714,-0.435494192032884,-0.33207619048561365,-0.08162303421958128,-0.21057953053645373,-0.45861437627217283
NSGA-II,4,2009039,22,True,0.0,50039233.94379366,5655933.365311417,44383300.57848225,13881907.086005067,经过处理的数据 / public-data surrogate; not author-run logs,0.5768018650310484,0.6056071680758551,0.7269947689563651,-0.5671126189909828,-0.16697002492755153,-0.4727689281689933,-0.36074879537508553,-0.09400467883048902,-0.17517132004137803,-0.5114873628498867
NSGA-II,4,2009039,23,True,0.0,51975766.59446487,6627746.845968893,45348019.74849598,14527442.18278899,经过处理的数据 / public-data surrogate; not author-run logs,0.6004029353269007,0.6251024072462411,0.7009404537033702,-0.4927330665282197,-0.15248390393774952,-0.448251680007533,-0.3360095911113362,-0.06038589771815295,-0.20590309707148358,-0.4594713981889028
NSGA-II,4,2009039,24,True,0.0,50222312.62774494,5716641.885299235,44505670.74244571,14052052.441403737,经过处理的数据 / public-data surrogate; not author-run logs,0.5761871862397306,0.6131908631611714,0.725714478830107,-0.5624661794866493,-0.1661732647066293,-0.4663068536472337,-0.358409965220562,-0.1442977249626226,-0.1781781220246199,-0.5090780231205063
NSGA-II,4,2009039,25,True,0.0,52515800.88455424,6587339.259146482,45928461.62540776,14306810.53329955,经过处理的数据 / public-data surrogate; not author-run logs,0.5930786825053322,0.6386617300448936,0.7015945034860454,-0.4958257363499202,-0.15456462344300026,-0.4566312103068988,-0.32911065315265065,-0.07205293269274904,-0.21406901190115335,-0.45797381780452373
NSGA-II,4,2009039,26,True,0.0,52198404.399751425,6399675.839295095,45798728.56045632,15007923.823392663,经过处理的数据 / public-data surrogate; not author-run logs,0.5961177455196796,0.6381564628646375,0.7070384650006147,-0.5101889052707036,-0.1573970983809312,-0.43000311741443065,-0.3331653931888753,-0.09731846932401678,-0.2092900969939122,-0.46673765640693454
NSGA-II,4,2009039,27,True,0.0,52531560.9863261,6468647.996105698,46062912.99022041,14465730.18676604,经过处理的数据 / public-data surrogate; not author-run logs,0.5987011872880588,0.6363689719048276,0.7046872025790104,-0.5049099929505191,-0.15686168325000893,-0.4505954849045426,-0.32890931785535193,-0.08146496441679907,-0.21430480067509294,-0.4607702951079742
NSGA-II,4,2009039,28,True,0.0,52186868.667037174,6338377.287428534,45848491.37960863,14360415.856354266,经过处理的数据 / public-data surrogate; not author-run logs,0.5972453798771297,0.6303194061112605,0.709680202353716,-0.5148805039624255,-0.15854459465907667,-0.4545952946538919,-0.3333127621722234,-0.05848541252179951,-0.20911531321537624,-0.47197703266676794
NSGA-II,4,2009039,29,True,0.0,51568582.22469506,6160715.140645587,45407867.08404948,14522549.239283478,经过处理的数据 / public-data surrogate; not author-run logs,0.5847290684016162,0.6331139247797709,0.7132844744255884,-0.5284782068450291,-0.1605335559972918,-0.44843751267683685,-0.34121137136185253,-0.12376771156958977,-0.1996329257189684,-0.48223929817695443
NSGA-II,4,2009039,30,True,0.0,50010406.18472096,5779716.8133351505,44230689.37138581,14347313.359387923,经过处理的数据 / public-data surrogate; not author-run logs,0.5769795679328139,0.6077571854640206,0.7247512709380841,-0.5576386225404765,-0.1644297166476334,-0.45509292394044665,-0.3611170699920503,-0.07608121161679304,-0.1746958597466891,-0.5071141613398396
NSGA-II,4,2009039,31,True,0.0,51946371.49107734,5838019.201488359,46108352.28958898,14299840.841134414,经过处理的数据 / public-data surrogate; not author-run logs,0.5941449929509254,0.6324878001429038,0.7236261555073341,-0.5531763408118755,-0.16761449483548363,-0.45689591732790036,-0.33638511355182077,-0.08163202960042826,-0.20545373824446123,-0.4943947688880147
NSGA-II,4,2009039,32,True,0.0,50451424.08247661,5763576.2748822225,44687847.80759439,13689523.444302792,经过处理的数据 / public-data surrogate; not author-run logs,0.5820395307520064,0.6056342737954007,0.7239832386737395,-0.5588739686748238,-0.16575988924593915,-0.48007560678231576,-0.35548306642760497,-0.11962529687169898,-0.18191020311881145,-0.5047203326210126
NSGA-II,4,2009039,33,True,0.0,51535870.3877697,6260452.599436287,45275417.78833342,14675424.367142955,经过处理的数据 / public-data surrogate; not author-run logs,0.582710351699299,0.6349061054342102,0.7111727409254974,-0.5208446149096646,-0.15852242423905985,-0.44263135672014475,-0.3416292650726859,-0.09749157434233124,-0.19912490136588556,-0.4785886779591594
NSGA-II,4,2009039,34,True,0.0,51907092.26797266,6377243.264216283,45529849.003756374,14856941.313234985,经过处理的数据 / public-data surrogate; not author-run logs,0.5966425550623031,0.632990524814396,0.7083107826408215,-0.5119058241323564,-0.15714119621084763,-0.4357373922633395,-0.33688690561991286,-0.06125044648222733,-0.20485248784651244,-0.47211039906863694
NSGA-II,4,2009039,35,True,0.0,52008386.02048636,6394429.419654807,45613956.60083157,14787078.659117417,经过处理的数据 / public-data surrogate; not author-run logs,0.5940008662512166,0.6355631638487925,0.7077600163320755,-0.5105904497570102,-0.1570500315634481,-0.43839075694754037,-0.3355928779497831,-0.06134035910209523,-0.20640115108086532,-0.4706237987832942
NSGA-II,4,2009039,36,True,0.0,51895566.456598796,6186437.813748529,45709128.642850265,14560328.968402378,经过处理的数据 / public-data surrogate; not author-run logs,0.5960213866556119,0.6284302751909807,0.7122191822085285,-0.5265094742110176,-0.16079062940911615,-0.44700264879585583,-0.33703414785813934,-0.07805848211365096,-0.2046758885555664,-0.47743483529901354
NSGA-II,4,2009039,37,True,0.0,50306836.59657013,5738438.569977071,44568398.02659307,13831304.58059028,经过处理的数据 / public-data surrogate; not author-run logs,0.5811580738909988,0.6051637995016617,0.7244045437177694,-0.5607979296796878,-0.1659312380145105,-0.474690797621215,-0.35733017153403457,-0.11968299180379371,-0.17955892136509333,-0.5062731960933826
NSGA-II,4,2009039,38,True,0.0,51733041.69130157,6273611.571587045,45459430.11971453,14359428.32826642,经过处理的数据 / public-data surrogate; not author-run logs,0.5852303035703937,0.6334421252395022,0.7109457686539375,-0.5198374684984199,-0.15873105144246924,-0.4546328007032404,-0.33911040170555695,-0.060207742218327365,-0.20217729461401845,-0.476519940102034
NSGA-II,4,2009039,39,True,0.0,51805115.87689179,6237750.594617849,45567365.28227395,14437857.072810868,经过处理的数据 / public-data surrogate; not author-run logs,0.5843964856248144,0.6355938490230552,0.7111446169947686,-0.52258215507762,-0.15959199609858876,-0.4516540982243702,-0.33818965399761525,-0.15188468354732332,-0.20328727035218164,-0.4769179761643898
NSGA-II,4,2009039,40,True,0.0,52981733.686223164,6673513.356207017,46308220.33001615,14490435.272775672,经过处理的数据 / public-data surrogate; not author-run logs,0.6035811636890718,0.6402208096354458,0.6987179565071773,-0.48923024153448624,-0.15404124229437346,-0.4496571924281676,-0.32315836169519785,-0.08078213137138623,-0.22098065864665328,-0.4493550032372138
NSGA-II,4,2009039,41,True,0.0,52946150.630649626,6773242.949017684,46172907.68163194,14643157.156794783,经过处理的数据 / public-data surrogate; not author-run logs,0.6015331766986808,0.6419748451542309,0.6966035375828636,-0.48159725163653533,-0.15207298607470876,-0.44385685663103336,-0.3236129352237448,-0.08145141108334752,-0.22045710994318635,-0.44572177444202576
NSGA-II,4,2009039,42,True,0.0,52658566.96292434,6641496.1775994245,46017070.785324916,14521853.63717156,经过处理的数据 / public-data surrogate; not author-run logs,0.5982101237915501,0.6377050436041403,0.7004660336350634,-0.49168073585603234,-0.15387624539278585,-0.4484639314566746,-0.3272868165271704,-0.06823717863393775,-0.2161998007074537,-0.45408153831653286
NSGA-II,4,2009039,43,True,0.0,48936110.75965453,5614322.4421042465,43321788.31755029,13791786.63897064,经过处理的数据 / public-data surrogate; not author-run logs,0.5613467015948649,0.5981890421385283,0.7276410064713101,-0.5702973884012792,-0.16527240201661092,-0.47619167834225673,-0.374841193853901,-0.14575223886232525,-0.15657794133431102,-0.5188799911818025
NSGA-II,4,2009039,44,True,0.0,52698746.37448418,6851805.348659088,45846941.02582509,15040958.547401506,经过处理的数据 / public-data surrogate; not author-run logs,0.6031331884789269,0.6399858602159011,0.6945593563181168,-0.4755843322419875,-0.14998162536980933,-0.4287484675425566,-0.3267735245517257,-0.08160948088612985,-0.21679739804998377,-0.44355570963333535
NSGA-II,4,2009039,45,True,0.0,50143375.30707899,5679225.970621819,44464149.33645716,13804561.043865379,经过处理的数据 / public-data surrogate; not author-run logs,0.5762290636946116,0.6055489071734265,0.7261545283828924,-0.5653298761157682,-0.16674025360594238,-0.4757065099037324,-0.35941838947786087,-0.06497912230205649,-0.17688438348558544,-0.5092698799872096
NSGA-II,4,2009039,46,True,0.0,50000639.974999696,5755856.126658265,44244783.84834143,13835777.180659274,经过处理的数据 / public-data surrogate; not author-run logs,0.5713831532300989,0.6093679771318741,0.7255758909718117,-0.5594648445797924,-0.1648843508895848,-0.4745209294817989,-0.36124183331948156,-0.047552023163011437,-0.17453465994361517,-0.5095903065905701
NSGA-II,4,2009039,47,True,0.0,49221660.24229774,5676734.8258662075,43544925.41643153,14040777.594353423,经过处理的数据 / public-data surrogate; not author-run logs,0.5707997479212664,0.5991746436255574,0.7271777645998058,-0.5655205405135464,-0.16466998476032696,-0.46673506928491504,-0.3711932992645328,-0.06335379003509012,-0.1614708834113623,-0.5157705574492228
NSGA-II,4,2009039,48,True,0.0,51477965.974722385,5938402.175335851,45539563.79938652,14424343.463590413,经过处理的数据 / public-data surrogate; not author-run logs,0.5890950438015634,0.6290031628725752,0.720424850481475,-0.5454933431808833,-0.16464186447747708,-0.45216734144300463,-0.3423689939389425,-0.0680914082349039,-0.19822404598761778,-0.49263522145232674
NSGA-II,5,2009040,1,True,0.0,49778125.431241475,6087733.990891147,43690391.44035033,14000730.368762547,经过处理的数据 / public-data surrogate; not author-run logs,0.5792438177021195,0.6024328582361977,0.7169512075205489,-0.5340639548975059,-0.15770262664269805,-0.46825605206785137,-0.36408445657594024,-0.044789590081835806,-0.17084472501859305,-0.49934520018481054
NSGA-II,5,2009040,2,True,0.0,50783813.324406415,6204876.880213872,44578936.44419256,14303686.806480864,经过处理的数据 / public-data surrogate; not author-run logs,0.5916898499644705,0.6146095868848,0.7140649511965431,-0.525098205959629,-0.15781782276614031,-0.45674984860555046,-0.35123679392178164,-0.0272494604260356,-0.18726474878238342,-0.48955503398186717
NSGA-II,5,2009040,3,True,0.0,48977791.53371092,5952840.681800279,43024950.851910636,14453045.72177608,经过处理的数据 / public-data surrogate; not author-run logs,0.5713603309802345,0.5912116962529329,0.7193706779693536,-0.5443882652308139,-0.15845836867301383,-0.45107723744983963,-0.37430872197283316,-0.05778339681941458,-0.15729570510357416,-0.5072275579054975
NSGA-II,5,2009040,4,True,0.0,49030154.71240311,5987027.653159115,43043127.05924399,13987374.403483657,经过处理的数据 / public-data surrogate; not author-run logs,0.5676276015523067,0.5929822906438951,0.7196247385981258,-0.5417717017849073,-0.1578909083955107,-0.46876330801227606,-0.3736397823744658,-0.09171265961170028,-0.1581956956468873,-0.5069666319301978
NSGA-II,5,2009040,5,True,0.0,54241876.86853332,7594251.607750445,46647625.26078287,15410382.439006614,经过处理的数据 / public-data surrogate; not author-run logs,0.6264714188448093,0.6476379318294162,0.6768640196803943,-0.41875982673964884,-0.13999283125551276,-0.414717848181381,-0.3070600327680111,-0.053481345915858625,-0.23907877708517022,-0.4048374473053481
NSGA-II,5,2009040,6,True,0.0,53546859.64255974,7085477.713281626,46461381.929278105,15214755.520941764,经过处理的数据 / public-data surrogate; not author-run logs,0.625082955558684,0.6346215334273523,0.6899950235423684,-0.4576997831495204,-0.14767706340616107,-0.42214770555265735,-0.3159388777047206,-0.04450260289456154,-0.22920231820289516,-0.4308339988030714
NSGA-II,5,2009040,7,True,0.0,49952637.660628065,6068957.782921433,43883679.87770663,14060673.099144354,经过处理的数据 / public-data surrogate; not author-run logs,0.577789380026435,0.6065922861857593,0.71720658210836,-0.5355010269010658,-0.1585057593123877,-0.4659794434007657,-0.3618550628769387,-0.13237461746975931,-0.17374142361792855,-0.4970810557830805
NSGA-II,5,2009040,8,True,0.0,52561644.41234232,6486398.259755588,46075246.15258673,15431665.552525206,经过处理的数据 / public-data surrogate; not author-run logs,0.6100424667314236,0.6403179857119708,0.7082328785063718,-0.503551443503889,-0.15659445718877707,-0.4139095212935271,-0.32852500209340973,-0.006555626246864232,-0.21475448986698287,-0.46754086652068083
NSGA-II,5,2009040,9,True,0.0,48629392.163864754,5869487.089957019,42759905.07390773,13452074.035150222,经过处理的数据 / public-data surrogate; not author-run logs,0.5672953235116323,0.5848082658313637,0.722336089252864,-0.5507678874328756,-0.15930165628682313,-0.4890938710393471,-0.3787595238599062,-0.0915133732150537,-0.1512582526032582,-0.5131355281134444
NSGA-II,5,2009040,10,True,0.0,53800379.707406476,6938198.6824686965,46862181.02493779,15142111.10584568,经过处理的数据 / public-data surrogate; not author-run logs,0.624928707440981,0.6442658346665726,0.6944873527057648,-0.4689720577341495,-0.15103810939249668,-0.4249067207655064,-0.31270015892193714,-0.053374218634697934,-0.23283449848369753,-0.4353158973283522
NSGA-II,5,2009040,11,True,0.0,50214787.64188141,6075410.354950204,44139377.2869312,14405300.23655177,经过处理的数据 / public-data surrogate; not author-run logs,0.5804454882810726,0.609143947582629,0.7169292048038179,-0.5350071672980802,-0.15901152946661007,-0.4528905980489235,-0.35850609691361424,-0.054440421593616506,-0.17805496710742275,-0.4965668217489979
NSGA-II,5,2009040,12,True,0.0,52634967.229913324,6838711.881955846,45796255.347957484,14690458.865187189,经过处理的数据 / public-data surrogate; not author-run logs,0.6117754185802674,0.6212191785029979,0.6957373337727285,-0.47658646507195646,-0.15007283861156673,-0.44206035055584814,-0.32758830311213816,-0.044006922260520165,-0.21584837129824574,-0.44630870494552366
NSGA-II,5,2009040,13,True,0.0,50043238.55120675,6174955.320507615,43868283.23069914,14667893.294865176,经过处理的数据 / public-data surrogate; not author-run logs,0.5741522830311556,0.6137876435910644,0.7152205886094064,-0.527388308190392,-0.15660759976217187,-0.4429173848057997,-0.3606976365161041,-0.1052031774413551,-0.17523732526290092,-0.49311325124817673
NSGA-II,5,2009040,14,True,0.0,50551302.12546849,6080277.163692659,44471024.96177584,14171127.338338353,经过处理的数据 / public-data surrogate; not author-run logs,0.5934136678255845,0.603275820836128,0.7165697077420459,-0.5346346770379731,-0.15972066182189748,-0.46178442130778263,-0.3542071244463617,-0.05493908215761689,-0.18352656519987753,-0.4934545747134934
NSGA-II,5,2009040,15,True,0.0,51345401.15048124,6389350.161921868,44956050.98855937,14410780.057906076,经过处理的数据 / public-data surrogate; not author-run logs,0.587003869516995,0.6229099133684418,0.708892609657829,-0.5109792001957913,-0.15556139364465785,-0.45268247591785216,-0.3440625095447615,-0.12563698108373111,-0.19615400103630987,-0.4762857622386141
NSGA-II,5,2009040,16,True,0.0,54511005.55448537,7447754.2316354755,47063251.3228499,15324010.812995043,经过处理的数据 / public-data surrogate; not author-run logs,0.6288752394751967,0.6443346477531064,0.6803009538569181,-0.42997227592797305,-0.14337154936187663,-0.41799821914739743,-0.30362191385341664,-0.03329962772100492,-0.24283555476250374,-0.4091712002673713
NSGA-II,5,2009040,17,True,0.0,52940507.914913744,6896268.8871052135,46044239.02780853,14393563.147061493,经过处理的数据 / public-data surrogate; not author-run logs,0.6127068687959052,0.6307236174197802,0.695699322159849,-0.47218123261808,-0.14973549822776672,-0.4533363695292969,-0.32368502091625506,-0.04811863973656094,-0.22037402160297648,-0.44431300775699056
NSGA-II,5,2009040,18,True,0.0,48658786.69158426,6078805.494817922,42579981.19676633,13942447.772338537,经过处理的数据 / public-data surrogate; not author-run logs,0.5630296415625529,0.5929772135768019,0.7167048043402249,-0.5347473139528287,-0.15507280990487016,-0.47046960929679316,-0.37838400877358047,-0.05401581432029923,-0.1517709732137964,-0.5060075175696677
NSGA-II,5,2009040,19,True,0.0,51418387.682100445,6747262.131702281,44671125.55039817,13716815.079461534,经过处理的数据 / public-data surrogate; not author-run logs,0.6038502857855659,0.5922520553523114,0.697480503204587,-0.48358574181803515,-0.14877725195473004,-0.4790390778697091,-0.3431301066164637,-0.06753412268730197,-0.19729503120207603,-0.458707734560986
NSGA-II,5,2009040,20,True,0.0,54207659.54464149,7999883.441660852,46207776.10298063,15098962.812059918,经过处理的数据 / public-data surrogate; not author-run logs,0.6264226275312536,0.6392708636005414,0.6631843519811609,-0.3877140397945098,-0.13242153029918718,-0.4265454812786984,-0.3074971590745701,-0.044118729784494604,-0.23859846326680278,-0.3833386556847641
NSGA-II,5,2009040,21,True,0.0,54010707.810638666,7687368.132157838,46323339.67848083,15009993.682829514,经过处理的数据 / public-data surrogate; not author-run logs,0.6218057490137151,0.6446584254847381,0.6736713210841043,-0.4116329803332539,-0.13766955398715158,-0.42992450471354815,-0.31001321744100485,-0.053374218634697934,-0.23582198876737992,-0.4010162584877828
NSGA-II,5,2009040,22,True,0.0,49484222.26779339,6111314.04455204,43372908.223241344,13802714.586036028,经过处理的数据 / public-data surrogate; not author-run logs,0.571393296317848,0.6012486224563919,0.7157532006621752,-0.532259211628089,-0.15649974548494494,-0.47577663787206037,-0.367839069436087,-0.1325566399561503,-0.16592009758910808,-0.5001429723502329
NSGA-II,5,2009040,23,True,0.0,50530160.08605566,6375491.456377533,44154668.629678115,13836446.682016943,经过处理的数据 / public-data surrogate; not author-run logs,0.5854471524708615,0.6097163218324096,0.7087970723742085,-0.5120399020039238,-0.15382799806056982,-0.4744955020015392,-0.35447721399605514,-0.11293912254607086,-0.18318494915297245,-0.48161070418608454
NSGA-II,5,2009040,24,True,0.0,52927123.373532265,7133832.853017718,45793290.52051455,14444068.735713659,经过处理的数据 / public-data surrogate; not author-run logs,0.6152133764096899,0.6204031365074899,0.6871110233871278,-0.4539988325819161,-0.14521404530771845,-0.45141818094947406,-0.3238560084299942,-0.04434266948183818,-0.22017686491837296,-0.4300179407454755
NSGA-II,5,2009040,25,True,0.0,53555906.77295844,7593879.890182697,45962026.88277574,14948333.39400288,经过处理的数据 / public-data surrogate; not author-run logs,0.6119729646376209,0.6433996910579538,0.6767623251015227,-0.4187882768351475,-0.13820649209851465,-0.43226634578524425,-0.3158233006155057,-0.0565964804890271,-0.22933252806317828,-0.4100570565965769
NSGA-II,5,2009040,26,True,0.0,53996732.129399,7655198.892502423,46341533.23689659,14639874.599056734,经过处理的数据 / public-data surrogate; not author-run logs,0.6242493386295858,0.6317902321449911,0.6733283071729195,-0.4140951129299517,-0.1382284780835009,-0.4439815272849901,-0.31019175676632593,-0.03327332248664372,-0.23562420071847068,-0.3998260667224588
NSGA-II,5,2009040,27,True,0.0,49547307.2924408,6081429.232288044,43465878.060152754,14350595.74313559,经过处理的数据 / public-data surrogate; not author-run logs,0.5826062413443001,0.5966707672756699,0.716529210571614,-0.5345465013250028,-0.15726014662322815,-0.45496825989459755,-0.36703315825757166,-0.02765223485937085,-0.16698207157067968,-0.5002401881011382
NSGA-II,5,2009040,28,True,0.0,51682842.87862691,6460182.203515246,45222660.67511167,14534150.30100794,经过处理的数据 / public-data surrogate; not author-run logs,0.5938501991080349,0.6243486070815731,0.7068381586416729,-0.5055579381340891,-0.15500335036355345,-0.447996907494172,-0.33975169152844,-0.07857491138195949,-0.20140238072955363,-0.4699053757628495
NSGA-II,5,2009040,29,True,0.0,53645599.87551475,7378330.137706551,46267269.73780821,14630523.114034714,经过处理的数据 / public-data surrogate; not author-run logs,0.6167669466941862,0.6396943074870403,0.6820753872980422,-0.43528577809617996,-0.14246159694685023,-0.4443366941536937,-0.3146774712464936,-0.05946038381889218,-0.230621050453787,-0.41787164038658
NSGA-II,5,2009040,30,True,0.0,51571496.64657823,6556862.882357078,45014633.76422116,14714863.081693448,经过处理的数据 / public-data surrogate; not author-run logs,0.5949012649079327,0.6286401479939159,0.7047200651194877,-0.49815830253818594,-0.15285878229806765,-0.4411334850217341,-0.3411741396228195,-0.03191873562881331,-0.1996781562720361,-0.46815701512511776
NSGA-II,5,2009040,31,True,0.0,51187973.25953679,6753814.412444793,44434158.847091995,13709882.811759263,经过处理的数据 / public-data surrogate; not author-run logs,0.59628732161237,0.5968128383535097,0.6974055139067057,-0.48308425082316975,-0.14805856957451438,-0.47930236351974576,-0.3460736508232398,-0.05999406882019809,-0.19368178398603997,-0.45949811066289115
NSGA-II,5,2009040,32,True,0.0,50413888.38659293,6265330.150364554,44148558.23622838,14199550.082928129,经过处理的数据 / public-data surrogate; not author-run logs,0.5849507562468822,0.6078851489946415,0.711226921216422,-0.5204713024763843,-0.15572214024993253,-0.4607049331652957,-0.3559625849357625,-0.028882416971701352,-0.18130109378795023,-0.48621003421623277
NSGA-II,5,2009040,33,True,0.0,50469912.903125204,6295246.380311343,44174666.52281387,14279658.710214222,经过处理的数据 / public-data surrogate; not author-run logs,0.5885690975993703,0.6042440153116523,0.710029712670117,-0.5181816081686763,-0.15526734210152507,-0.45766242919481914,-0.3552468717471472,-0.04368634399339266,-0.18220989683054845,-0.4845233882423322
NSGA-II,5,2009040,34,True,0.0,51061086.95264481,6680452.2686265,44380634.6840183,14041129.888933249,经过处理的数据 / public-data surrogate; not author-run logs,0.5959873242925602,0.595978929723637,0.7000218602946224,-0.48869915896503036,-0.14916744888681865,-0.4667216892321766,-0.34769462337094537,-0.0487757042706658,-0.1916780910230479,-0.46338426729332094
NSGA-II,5,2009040,35,True,0.0,52654699.90065305,7121177.649737231,45533522.250915825,14839377.568683816,经过处理的数据 / public-data surrogate; not author-run logs,0.6056594607305829,0.6343737675603008,0.6884845423045952,-0.4549674221055878,-0.144757036633516,-0.43640445852503595,-0.3273362182469901,-0.03878354102241466,-0.21614223691571932,-0.43516916023812213
NSGA-II,5,2009040,36,True,0.0,52911911.085650064,7044867.94756269,45867043.13808738,13639541.916367566,经过处理的数据 / public-data surrogate; not author-run logs,0.6170319106403338,0.6032940062337643,0.6889571710407837,-0.46080792710915,-0.14685667172068395,-0.48197389167802773,-0.32405034540495115,-0.07861058298762624,-0.21995266409506753,-0.43709862235561536
NSGA-II,5,2009040,37,True,0.0,51756685.95263408,6842049.98753732,44914635.965096764,14781400.642034872,经过处理的数据 / public-data surrogate; not author-run logs,0.6092126812870903,0.6076496485645408,0.6947357941891358,-0.4763309769518951,-0.14780355307526985,-0.43860640649869775,-0.3388083462712901,-0.03887410427698168,-0.2025417678834318,-0.4490222644756934
NSGA-II,5,2009040,38,True,0.0,52815915.2271868,7015972.614112601,45799942.6130742,14308531.544163395,经过处理的数据 / public-data surrogate; not author-run logs,0.6140149625026655,0.6254416816423984,0.6918042721622999,-0.46301948520446057,-0.14716177152410392,-0.45656584678034906,-0.32527669247954016,-0.04384693780166593,-0.21853488475090443,-0.4385637589701855
NSGA-II,5,2009040,39,True,0.0,52305351.11974647,6887282.683817287,45418068.43592919,14546403.05808009,经过处理的数据 / public-data surrogate; not author-run logs,0.6001493858354799,0.6310019648006469,0.6953506213504458,-0.4728690084024242,-0.14832546696704654,-0.4475315510986846,-0.3317991488601889,-0.05961580620077889,-0.21090683082293293,-0.44869289605573015
NSGA-II,5,2009040,40,True,0.0,53017117.04241015,7083009.649385977,45934107.39302417,14231257.9719014,经过处理的数据 / public-data surrogate; not author-run logs,0.6098263778298966,0.6335729323273924,0.6898015013739198,-0.45788868101074753,-0.1464014558973465,-0.45950067612875867,-0.3227063393262781,-0.04384942630072863,-0.22150057222116182,-0.4340429175888615
NSGA-II,5,2009040,41,True,0.0,50957073.4837812,6368796.716438411,44588276.7673428,14209960.698527448,经过处理的数据 / public-data surrogate; not author-run logs,0.5888234668673246,0.6094170012516118,0.7080991612585622,-0.5125522963783974,-0.15501643479456306,-0.4603095408040846,-0.3490233954169556,-0.06281393090173193,-0.19002814607992036,-0.4774137663608806
NSGA-II,5,2009040,42,True,0.0,51578426.73015955,6386849.296702739,45191577.43345682,13402514.775653485,经过处理的数据 / public-data surrogate; not author-run logs,0.6011030293566754,0.5956572517958497,0.7079217718179612,-0.5111706085673264,-0.15617208004198113,-0.4909761182941178,-0.3410856078063156,-0.04000710976700261,-0.19978568761063253,-0.4745694296490418
NSGA-II,5,2009040,43,True,0.0,53461736.40279501,7237326.512083614,46224409.8907114,15100709.173227802,经过处理的数据 / public-data surrogate; not author-run logs,0.6249801907572513,0.6280522639295977,0.6848218831574119,-0.4460777528713864,-0.1446260484778186,-0.4264791549544663,-0.31702632707739287,-0.04412975223108484,-0.22797503303985134,-0.4219915801949521
NSGA-II,5,2009040,44,True,0.0,52601069.534603626,6902446.076051161,45698623.458552465,15057234.721296916,经过处理的数据 / public-data surrogate; not author-run logs,0.611462630413281,0.6275911811360367,0.6939844902890749,-0.47170844997159256,-0.14877745762354921,-0.42813030286568476,-0.328021346163618,-0.042228065791016456,-0.21534304064201548,-0.4446586245295865
NSGA-II,5,2009040,45,True,0.0,52576256.21525729,7010430.11027389,45565826.10498338,14975946.72775179,经过处理的数据 / public-data surrogate; not author-run logs,0.6044919439053481,0.6370834700526894,0.6927339437477374,-0.46344369104565497,-0.14666167173311387,-0.4312175988473007,-0.32833833631380105,-0.024799200110929398,-0.21497272245826804,-0.44124754129081345
NSGA-II,5,2009040,46,True,0.0,51169893.94695273,6438050.826413207,44731843.12053952,14177278.442864686,经过处理的数据 / public-data surrogate; not author-run logs,0.594594441524565,0.6204198027548838,0.7074341616683474,-0.5072518042483156,-0.15418283819217093,-0.4615508040236248,-0.34630461403824697,-0.031125701339544065,-0.19339689617515943,-0.47437108239215275
NSGA-II,5,2009040,47,True,0.0,53887759.49205881,7349042.54801254,46538716.944046274,14652703.195100391,经过处理的数据 / public-data surrogate; not author-run logs,0.6238457590288123,0.6389313600147656,0.6829143248864309,-0.4375273582527752,-0.14362315640353293,-0.44349430068130513,-0.3115838821887318,-0.04519915328728574,-0.23407846848629288,-0.42023554138392116
NSGA-II,5,2009040,48,True,0.0,53316385.69202283,7316134.275224517,46000251.41679831,14485034.594390744,经过处理的数据 / public-data surrogate; not author-run logs,0.6152415664049227,0.637407916291594,0.683428403356226,-0.4400460541249911,-0.14277887782031046,-0.4498623087306942,-0.3188831823813444,-0.03441952560771566,-0.22587034465512623,-0.4221623348946901
