variable_id,region_id,province_code,province_en,province_zh,sector_id,sector_en,sector_zh,mode_id,mode_en,mode_zh,official_2024_sector_tonnes,paper_calibrated_sector_tonnes,assumed_mode_share,baseline_sector_mode_processed_tonnes,upper_bound_processed_tonnes,region_share_processed,digital_index_processed,income_multiplier_processed,social_need_multiplier_processed,ecological_pressure_index_processed,ecological_quality_multiplier_processed,freight_index_processed,logistics_cost_multiplier_processed,workforce_processed_people,cold_capacity_processed_tonnes,power_capacity_processed_kw,income_coefficient_proxy,marginal_value_coefficient_proxy,supply_chain_cost_coefficient_proxy,ecological_weight_proxy,fleet_power_coefficient_proxy,official_source,data_status
x_r01_s1_m1,r01,CN-BJ,Beijing,北京,1,marine_capture,海洋捕捞,1,fresh_sales,鲜销,57000.0,55130.38140672783,0.62,34180.83647217126,41017.00376660551,0.0009650016989466531,0.95,1.45,0.65,0.0,1.0,0.30376755661287425,1.0588697330161376,54160.185183365764,16950.02846284176,71141.80136614073,0.65,0.62,0.29,0.28,1.0,"NBS China Statistical Yearbook 2025, Table 12-15",calibrated reconstruction; not historical author input
x_r01_s1_m2,r01,CN-BJ,Beijing,北京,1,marine_capture,海洋捕捞,2,deep_processing,深加工,57000.0,55130.38140672783,0.38,20949.544934556576,25139.45392146789,0.0009650016989466531,0.95,1.45,0.65,0.0,1.0,0.30376755661287425,1.0588697330161376,54160.185183365764,16950.02846284176,71141.80136614073,0.82,0.95,0.36,0.31,1.0,"NBS China Statistical Yearbook 2025, Table 12-15",calibrated reconstruction; not historical author input
x_r01_s2_m1,r01,CN-BJ,Beijing,北京,2,freshwater_capture,淡水捕捞,1,fresh_sales,鲜销,2000.0,1934.3993476044852,0.67,1296.0475628950053,1555.2570754740063,0.0009650016989466531,0.95,1.45,0.65,0.0,1.0,0.30376755661287425,1.0588697330161376,54160.185183365764,16950.02846284176,71141.80136614073,0.7,0.67,0.26,0.42,0.7,"NBS China Statistical Yearbook 2025, Table 12-15",calibrated reconstruction; not historical author input
x_r01_s2_m2,r01,CN-BJ,Beijing,北京,2,freshwater_capture,淡水捕捞,2,deep_processing,深加工,2000.0,1934.3993476044852,0.33,638.3517847094802,766.0221416513762,0.0009650016989466531,0.95,1.45,0.65,0.0,1.0,0.30376755661287425,1.0588697330161376,54160.185183365764,16950.02846284176,71141.80136614073,0.86,0.99,0.34,0.45,0.7,"NBS China Statistical Yearbook 2025, Table 12-15",calibrated reconstruction; not historical author input
x_r01_s3_m1,r01,CN-BJ,Beijing,北京,3,marine_aquaculture,海水养殖,1,fresh_sales,鲜销,0.0,0.0,0.74,0.0,0.0,0.0009650016989466531,0.95,1.45,0.65,0.0,1.0,0.30376755661287425,1.0588697330161376,54160.185183365764,16950.02846284176,71141.80136614073,0.84,0.8,0.33,0.78,0.11,"NBS China Statistical Yearbook 2025, Table 12-15",calibrated reconstruction; not historical author input
x_r01_s3_m2,r01,CN-BJ,Beijing,北京,3,marine_aquaculture,海水养殖,2,deep_processing,深加工,0.0,0.0,0.26,0.0,0.0,0.0009650016989466531,0.95,1.45,0.65,0.0,1.0,0.30376755661287425,1.0588697330161376,54160.185183365764,16950.02846284176,71141.80136614073,1.02,1.16,0.41,0.81,0.11,"NBS China Statistical Yearbook 2025, Table 12-15",calibrated reconstruction; not historical author input
x_r01_s4_m1,r01,CN-BJ,Beijing,北京,4,freshwater_aquaculture,淡水养殖,1,fresh_sales,鲜销,12000.0,11606.396085626911,0.78,9052.988946788992,10863.58673614679,0.0009650016989466531,0.95,1.45,0.65,0.0,1.0,0.30376755661287425,1.0588697330161376,54160.185183365764,16950.02846284176,71141.80136614073,0.88,0.84,0.31,0.88,0.08,"NBS China Statistical Yearbook 2025, Table 12-15",calibrated reconstruction; not historical author input
x_r01_s4_m2,r01,CN-BJ,Beijing,北京,4,freshwater_aquaculture,淡水养殖,2,deep_processing,深加工,12000.0,11606.396085626911,0.22,2553.4071388379207,3064.0885666055046,0.0009650016989466531,0.95,1.45,0.65,0.0,1.0,0.30376755661287425,1.0588697330161376,54160.185183365764,16950.02846284176,71141.80136614073,1.06,1.2,0.39,0.91,0.08,"NBS China Statistical Yearbook 2025, Table 12-15",calibrated reconstruction; not historical author input
x_r02_s1_m1,r02,CN-TJ,Tianjin,天津,1,marine_capture,海洋捕捞,1,fresh_sales,鲜销,33000.0,31917.589235474006,0.62,19788.905325993885,23746.68639119266,0.004063880394155624,0.35692644996995165,1.2969211405334753,0.7710569044997294,0.3020864039198392,0.8942697586280562,0.545956602640144,0.9862130192079567,64372.097385785164,86789.75282040631,57948.43772349912,0.65,0.62,0.29,0.28,1.0,"NBS China Statistical Yearbook 2025, Table 12-15",calibrated reconstruction; not historical author input
x_r02_s1_m2,r02,CN-TJ,Tianjin,天津,1,marine_capture,海洋捕捞,2,deep_processing,深加工,33000.0,31917.589235474006,0.38,12128.683909480122,14554.420691376146,0.004063880394155624,0.35692644996995165,1.2969211405334753,0.7710569044997294,0.3020864039198392,0.8942697586280562,0.545956602640144,0.9862130192079567,64372.097385785164,86789.75282040631,57948.43772349912,0.82,0.95,0.36,0.31,1.0,"NBS China Statistical Yearbook 2025, Table 12-15",calibrated reconstruction; not historical author input
x_r02_s2_m1,r02,CN-TJ,Tianjin,天津,2,freshwater_capture,淡水捕捞,1,fresh_sales,鲜销,3000.0,2901.599021406728,0.67,1944.0713443425077,2332.885613211009,0.004063880394155624,0.35692644996995165,1.2969211405334753,0.7710569044997294,0.3020864039198392,0.8942697586280562,0.545956602640144,0.9862130192079567,64372.097385785164,86789.75282040631,57948.43772349912,0.7,0.67,0.26,0.42,0.7,"NBS China Statistical Yearbook 2025, Table 12-15",calibrated reconstruction; not historical author input
x_r02_s2_m2,r02,CN-TJ,Tianjin,天津,2,freshwater_capture,淡水捕捞,2,deep_processing,深加工,3000.0,2901.599021406728,0.33,957.5276770642203,1149.0332124770644,0.004063880394155624,0.35692644996995165,1.2969211405334753,0.7710569044997294,0.3020864039198392,0.8942697586280562,0.545956602640144,0.9862130192079567,64372.097385785164,86789.75282040631,57948.43772349912,0.86,0.99,0.34,0.45,0.7,"NBS China Statistical Yearbook 2025, Table 12-15",calibrated reconstruction; not historical author input
x_r02_s3_m1,r02,CN-TJ,Tianjin,天津,3,marine_aquaculture,海水养殖,1,fresh_sales,鲜销,12000.0,11606.396085626911,0.74,8588.733103363915,10306.479724036697,0.004063880394155624,0.35692644996995165,1.2969211405334753,0.7710569044997294,0.3020864039198392,0.8942697586280562,0.545956602640144,0.9862130192079567,64372.097385785164,86789.75282040631,57948.43772349912,0.84,0.8,0.33,0.78,0.11,"NBS China Statistical Yearbook 2025, Table 12-15",calibrated reconstruction; not historical author input
x_r02_s3_m2,r02,CN-TJ,Tianjin,天津,3,marine_aquaculture,海水养殖,2,deep_processing,深加工,12000.0,11606.396085626911,0.26,3017.662982262997,3621.195578715596,0.004063880394155624,0.35692644996995165,1.2969211405334753,0.7710569044997294,0.3020864039198392,0.8942697586280562,0.545956602640144,0.9862130192079567,64372.097385785164,86789.75282040631,57948.43772349912,1.02,1.16,0.41,0.81,0.11,"NBS China Statistical Yearbook 2025, Table 12-15",calibrated reconstruction; not historical author input
x_r02_s4_m1,r02,CN-TJ,Tianjin,天津,4,freshwater_aquaculture,淡水养殖,1,fresh_sales,鲜销,251000.0,242767.1181243629,0.78,189358.35213700306,227230.02256440368,0.004063880394155624,0.35692644996995165,1.2969211405334753,0.7710569044997294,0.3020864039198392,0.8942697586280562,0.545956602640144,0.9862130192079567,64372.097385785164,86789.75282040631,57948.43772349912,0.88,0.84,0.31,0.88,0.08,"NBS China Statistical Yearbook 2025, Table 12-15",calibrated reconstruction; not historical author input
x_r02_s4_m2,r02,CN-TJ,Tianjin,天津,4,freshwater_aquaculture,淡水养殖,2,deep_processing,深加工,251000.0,242767.1181243629,0.22,53408.76598735984,64090.519184831806,0.004063880394155624,0.35692644996995165,1.2969211405334753,0.7710569044997294,0.3020864039198392,0.8942697586280562,0.545956602640144,0.9862130192079567,64372.097385785164,86789.75282040631,57948.43772349912,1.06,1.2,0.39,0.91,0.08,"NBS China Statistical Yearbook 2025, Table 12-15",calibrated reconstruction; not historical author input
x_r03_s1_m1,r03,CN-HE,Hebei,河北,1,marine_capture,海洋捕捞,1,fresh_sales,鲜销,221000.0,213751.12791029562,0.62,132525.69930438328,159030.83916525994,0.016038056405028884,0.27551726499480167,0.8390618192380307,1.191807298427809,0.4260619545237897,0.8508783159166736,0.8900091437354352,0.8829972568793694,295759.58640159277,428901.18800469633,369641.65378090704,0.65,0.62,0.29,0.28,1.0,"NBS China Statistical Yearbook 2025, Table 12-15",calibrated reconstruction; not historical author input
x_r03_s1_m2,r03,CN-HE,Hebei,河北,1,marine_capture,海洋捕捞,2,deep_processing,深加工,221000.0,213751.12791029562,0.38,81225.42860591234,97470.5143270948,0.016038056405028884,0.27551726499480167,0.8390618192380307,1.191807298427809,0.4260619545237897,0.8508783159166736,0.8900091437354352,0.8829972568793694,295759.58640159277,428901.18800469633,369641.65378090704,0.82,0.95,0.36,0.31,1.0,"NBS China Statistical Yearbook 2025, Table 12-15",calibrated reconstruction; not historical author input
x_r03_s2_m1,r03,CN-HE,Hebei,河北,2,freshwater_capture,淡水捕捞,1,fresh_sales,鲜销,45000.0,43523.98532110092,0.67,29161.070165137615,34993.284198165136,0.016038056405028884,0.27551726499480167,0.8390618192380307,1.191807298427809,0.4260619545237897,0.8508783159166736,0.8900091437354352,0.8829972568793694,295759.58640159277,428901.18800469633,369641.65378090704,0.7,0.67,0.26,0.42,0.7,"NBS China Statistical Yearbook 2025, Table 12-15",calibrated reconstruction; not historical author input
x_r03_s2_m2,r03,CN-HE,Hebei,河北,2,freshwater_capture,淡水捕捞,2,deep_processing,深加工,45000.0,43523.98532110092,0.33,14362.915155963303,17235.49818715596,0.016038056405028884,0.27551726499480167,0.8390618192380307,1.191807298427809,0.4260619545237897,0.8508783159166736,0.8900091437354352,0.8829972568793694,295759.58640159277,428901.18800469633,369641.65378090704,0.86,0.99,0.34,0.45,0.7,"NBS China Statistical Yearbook 2025, Table 12-15",calibrated reconstruction; not historical author input
x_r03_s3_m1,r03,CN-HE,Hebei,河北,3,marine_aquaculture,海水养殖,1,fresh_sales,鲜销,633000.0,612237.3935168196,0.74,453055.6712024465,543666.8054429358,0.016038056405028884,0.27551726499480167,0.8390618192380307,1.191807298427809,0.4260619545237897,0.8508783159166736,0.8900091437354352,0.8829972568793694,295759.58640159277,428901.18800469633,369641.65378090704,0.84,0.8,0.33,0.78,0.11,"NBS China Statistical Yearbook 2025, Table 12-15",calibrated reconstruction; not historical author input
x_r03_s3_m2,r03,CN-HE,Hebei,河北,3,marine_aquaculture,海水养殖,2,deep_processing,深加工,633000.0,612237.3935168196,0.26,159181.7223143731,191018.0667772477,0.016038056405028884,0.27551726499480167,0.8390618192380307,1.191807298427809,0.4260619545237897,0.8508783159166736,0.8900091437354352,0.8829972568793694,295759.58640159277,428901.18800469633,369641.65378090704,1.02,1.16,0.41,0.81,0.11,"NBS China Statistical Yearbook 2025, Table 12-15",calibrated reconstruction; not historical author input
x_r03_s4_m1,r03,CN-HE,Hebei,河北,4,freshwater_aquaculture,淡水养殖,1,fresh_sales,鲜销,281000.0,271783.1083384302,0.78,211990.82450397554,254388.98940477063,0.016038056405028884,0.27551726499480167,0.8390618192380307,1.191807298427809,0.4260619545237897,0.8508783159166736,0.8900091437354352,0.8829972568793694,295759.58640159277,428901.18800469633,369641.65378090704,0.88,0.84,0.31,0.88,0.08,"NBS China Statistical Yearbook 2025, Table 12-15",calibrated reconstruction; not historical author input
x_r03_s4_m2,r03,CN-HE,Hebei,河北,4,freshwater_aquaculture,淡水养殖,2,deep_processing,深加工,281000.0,271783.1083384302,0.22,59792.28383445464,71750.74060134556,0.016038056405028884,0.27551726499480167,0.8390618192380307,1.191807298427809,0.4260619545237897,0.8508783159166736,0.8900091437354352,0.8829972568793694,295759.58640159277,428901.18800469633,369641.65378090704,1.06,1.2,0.39,0.91,0.08,"NBS China Statistical Yearbook 2025, Table 12-15",calibrated reconstruction; not historical author input
x_r04_s1_m1,r04,CN-SX,Shanxi,山西,1,marine_capture,海洋捕捞,1,fresh_sales,鲜销,0.0,0.0,0.62,0.0,0.0,0.0007883112470268434,0.33646588774533553,0.7852301883138888,1.2735119139360687,0.4634170392351918,0.8378040362676829,0.8479776012003475,0.8956067196398957,79011.19146569182,20562.85288681359,3298.3409106604013,0.65,0.62,0.29,0.28,1.0,"NBS China Statistical Yearbook 2025, Table 12-15",calibrated reconstruction; not historical author input
x_r04_s1_m2,r04,CN-SX,Shanxi,山西,1,marine_capture,海洋捕捞,2,deep_processing,深加工,0.0,0.0,0.38,0.0,0.0,0.0007883112470268434,0.33646588774533553,0.7852301883138888,1.2735119139360687,0.4634170392351918,0.8378040362676829,0.8479776012003475,0.8956067196398957,79011.19146569182,20562.85288681359,3298.3409106604013,0.82,0.95,0.36,0.31,1.0,"NBS China Statistical Yearbook 2025, Table 12-15",calibrated reconstruction; not historical author input
x_r04_s2_m1,r04,CN-SX,Shanxi,山西,2,freshwater_capture,淡水捕捞,1,fresh_sales,鲜销,0.0,0.0,0.67,0.0,0.0,0.0007883112470268434,0.33646588774533553,0.7852301883138888,1.2735119139360687,0.4634170392351918,0.8378040362676829,0.8479776012003475,0.8956067196398957,79011.19146569182,20562.85288681359,3298.3409106604013,0.7,0.67,0.26,0.42,0.7,"NBS China Statistical Yearbook 2025, Table 12-15",calibrated reconstruction; not historical author input
x_r04_s2_m2,r04,CN-SX,Shanxi,山西,2,freshwater_capture,淡水捕捞,2,deep_processing,深加工,0.0,0.0,0.33,0.0,0.0,0.0007883112470268434,0.33646588774533553,0.7852301883138888,1.2735119139360687,0.4634170392351918,0.8378040362676829,0.8479776012003475,0.8956067196398957,79011.19146569182,20562.85288681359,3298.3409106604013,0.86,0.99,0.34,0.45,0.7,"NBS China Statistical Yearbook 2025, Table 12-15",calibrated reconstruction; not historical author input
x_r04_s3_m1,r04,CN-SX,Shanxi,山西,3,marine_aquaculture,海水养殖,1,fresh_sales,鲜销,0.0,0.0,0.74,0.0,0.0,0.0007883112470268434,0.33646588774533553,0.7852301883138888,1.2735119139360687,0.4634170392351918,0.8378040362676829,0.8479776012003475,0.8956067196398957,79011.19146569182,20562.85288681359,3298.3409106604013,0.84,0.8,0.33,0.78,0.11,"NBS China Statistical Yearbook 2025, Table 12-15",calibrated reconstruction; not historical author input
x_r04_s3_m2,r04,CN-SX,Shanxi,山西,3,marine_aquaculture,海水养殖,2,deep_processing,深加工,0.0,0.0,0.26,0.0,0.0,0.0007883112470268434,0.33646588774533553,0.7852301883138888,1.2735119139360687,0.4634170392351918,0.8378040362676829,0.8479776012003475,0.8956067196398957,79011.19146569182,20562.85288681359,3298.3409106604013,1.02,1.16,0.41,0.81,0.11,"NBS China Statistical Yearbook 2025, Table 12-15",calibrated reconstruction; not historical author input
x_r04_s4_m1,r04,CN-SX,Shanxi,山西,4,freshwater_aquaculture,淡水养殖,1,fresh_sales,鲜销,58000.0,56097.58108053007,0.78,43756.11324281346,52507.33589137615,0.0007883112470268434,0.33646588774533553,0.7852301883138888,1.2735119139360687,0.4634170392351918,0.8378040362676829,0.8479776012003475,0.8956067196398957,79011.19146569182,20562.85288681359,3298.3409106604013,0.88,0.84,0.31,0.88,0.08,"NBS China Statistical Yearbook 2025, Table 12-15",calibrated reconstruction; not historical author input
x_r04_s4_m2,r04,CN-SX,Shanxi,山西,4,freshwater_aquaculture,淡水养殖,2,deep_processing,深加工,58000.0,56097.58108053007,0.22,12341.467837716616,14809.761405259938,0.0007883112470268434,0.33646588774533553,0.7852301883138888,1.2735119139360687,0.4634170392351918,0.8378040362676829,0.8479776012003475,0.8956067196398957,79011.19146569182,20562.85288681359,3298.3409106604013,1.06,1.2,0.39,0.91,0.08,"NBS China Statistical Yearbook 2025, Table 12-15",calibrated reconstruction; not historical author input
x_r05_s1_m1,r05,CN-NM,Inner Mongolia,内蒙古,1,marine_capture,海洋捕捞,1,fresh_sales,鲜销,0.0,0.0,0.62,0.0,0.0,0.001563030920829086,0.47256080998864214,0.9700585757854481,1.0308655837512788,0.5896268915409931,0.7936305879606524,0.8734355995734412,0.8879693201279676,63722.447961912054,41394.1349106723,19050.762156400597,0.65,0.62,0.29,0.28,1.0,"NBS China Statistical Yearbook 2025, Table 12-15",calibrated reconstruction; not historical author input
x_r05_s1_m2,r05,CN-NM,Inner Mongolia,内蒙古,1,marine_capture,海洋捕捞,2,deep_processing,深加工,0.0,0.0,0.38,0.0,0.0,0.001563030920829086,0.47256080998864214,0.9700585757854481,1.0308655837512788,0.5896268915409931,0.7936305879606524,0.8734355995734412,0.8879693201279676,63722.447961912054,41394.1349106723,19050.762156400597,0.82,0.95,0.36,0.31,1.0,"NBS China Statistical Yearbook 2025, Table 12-15",calibrated reconstruction; not historical author input
x_r05_s2_m1,r05,CN-NM,Inner Mongolia,内蒙古,2,freshwater_capture,淡水捕捞,1,fresh_sales,鲜销,11000.0,10639.196411824669,0.67,7128.261595922529,8553.913915107034,0.001563030920829086,0.47256080998864214,0.9700585757854481,1.0308655837512788,0.5896268915409931,0.7936305879606524,0.8734355995734412,0.8879693201279676,63722.447961912054,41394.1349106723,19050.762156400597,0.7,0.67,0.26,0.42,0.7,"NBS China Statistical Yearbook 2025, Table 12-15",calibrated reconstruction; not historical author input
x_r05_s2_m2,r05,CN-NM,Inner Mongolia,内蒙古,2,freshwater_capture,淡水捕捞,2,deep_processing,深加工,11000.0,10639.196411824669,0.33,3510.934815902141,4213.121779082569,0.001563030920829086,0.47256080998864214,0.9700585757854481,1.0308655837512788,0.5896268915409931,0.7936305879606524,0.8734355995734412,0.8879693201279676,63722.447961912054,41394.1349106723,19050.762156400597,0.86,0.99,0.34,0.45,0.7,"NBS China Statistical Yearbook 2025, Table 12-15",calibrated reconstruction; not historical author input
x_r05_s3_m1,r05,CN-NM,Inner Mongolia,内蒙古,3,marine_aquaculture,海水养殖,1,fresh_sales,鲜销,0.0,0.0,0.74,0.0,0.0,0.001563030920829086,0.47256080998864214,0.9700585757854481,1.0308655837512788,0.5896268915409931,0.7936305879606524,0.8734355995734412,0.8879693201279676,63722.447961912054,41394.1349106723,19050.762156400597,0.84,0.8,0.33,0.78,0.11,"NBS China Statistical Yearbook 2025, Table 12-15",calibrated reconstruction; not historical author input
x_r05_s3_m2,r05,CN-NM,Inner Mongolia,内蒙古,3,marine_aquaculture,海水养殖,2,deep_processing,深加工,0.0,0.0,0.26,0.0,0.0,0.001563030920829086,0.47256080998864214,0.9700585757854481,1.0308655837512788,0.5896268915409931,0.7936305879606524,0.8734355995734412,0.8879693201279676,63722.447961912054,41394.1349106723,19050.762156400597,1.02,1.16,0.41,0.81,0.11,"NBS China Statistical Yearbook 2025, Table 12-15",calibrated reconstruction; not historical author input
x_r05_s4_m1,r05,CN-NM,Inner Mongolia,内蒙古,4,freshwater_aquaculture,淡水养殖,1,fresh_sales,鲜销,104000.0,100588.76607543323,0.78,78459.23753883793,94151.08504660551,0.001563030920829086,0.47256080998864214,0.9700585757854481,1.0308655837512788,0.5896268915409931,0.7936305879606524,0.8734355995734412,0.8879693201279676,63722.447961912054,41394.1349106723,19050.762156400597,0.88,0.84,0.31,0.88,0.08,"NBS China Statistical Yearbook 2025, Table 12-15",calibrated reconstruction; not historical author input
x_r05_s4_m2,r05,CN-NM,Inner Mongolia,内蒙古,4,freshwater_aquaculture,淡水养殖,2,deep_processing,深加工,104000.0,100588.76607543323,0.22,22129.52853659531,26555.43424391437,0.001563030920829086,0.47256080998864214,0.9700585757854481,1.0308655837512788,0.5896268915409931,0.7936305879606524,0.8734355995734412,0.8879693201279676,63722.447961912054,41394.1349106723,19050.762156400597,1.06,1.2,0.39,0.91,0.08,"NBS China Statistical Yearbook 2025, Table 12-15",calibrated reconstruction; not historical author input
x_r06_s1_m1,r06,CN-LN,Liaoning,辽宁,1,marine_capture,海洋捕捞,1,fresh_sales,鲜销,697000.0,674138.1726401631,0.62,417965.6670369011,501558.8004442813,0.07283724091063541,0.3180388610104413,0.9644188410708234,1.0368938861560084,0.573416144828374,0.7993043493100691,0.8052438264394459,0.9084268520681662,729432.4449158771,1851206.9893364627,1135027.348894327,0.65,0.62,0.29,0.28,1.0,"NBS China Statistical Yearbook 2025, Table 12-15",calibrated reconstruction; not historical author input
x_r06_s1_m2,r06,CN-LN,Liaoning,辽宁,1,marine_capture,海洋捕捞,2,deep_processing,深加工,697000.0,674138.1726401631,0.38,256172.505603262,307407.00672391435,0.07283724091063541,0.3180388610104413,0.9644188410708234,1.0368938861560084,0.573416144828374,0.7993043493100691,0.8052438264394459,0.9084268520681662,729432.4449158771,1851206.9893364627,1135027.348894327,0.82,0.95,0.36,0.31,1.0,"NBS China Statistical Yearbook 2025, Table 12-15",calibrated reconstruction; not historical author input
x_r06_s2_m1,r06,CN-LN,Liaoning,辽宁,2,freshwater_capture,淡水捕捞,1,fresh_sales,鲜销,33000.0,31917.589235474006,0.67,21384.784787767585,25661.741745321102,0.07283724091063541,0.3180388610104413,0.9644188410708234,1.0368938861560084,0.573416144828374,0.7993043493100691,0.8052438264394459,0.9084268520681662,729432.4449158771,1851206.9893364627,1135027.348894327,0.7,0.67,0.26,0.42,0.7,"NBS China Statistical Yearbook 2025, Table 12-15",calibrated reconstruction; not historical author input
x_r06_s2_m2,r06,CN-LN,Liaoning,辽宁,2,freshwater_capture,淡水捕捞,2,deep_processing,深加工,33000.0,31917.589235474006,0.33,10532.804447706423,12639.365337247707,0.07283724091063541,0.3180388610104413,0.9644188410708234,1.0368938861560084,0.573416144828374,0.7993043493100691,0.8052438264394459,0.9084268520681662,729432.4449158771,1851206.9893364627,1135027.348894327,0.86,0.99,0.34,0.45,0.7,"NBS China Statistical Yearbook 2025, Table 12-15",calibrated reconstruction; not historical author input
x_r06_s3_m1,r06,CN-LN,Liaoning,辽宁,3,marine_aquaculture,海水养殖,1,fresh_sales,鲜销,3823000.0,3697604.3529459736,0.74,2736227.2211800204,3283472.665416024,0.07283724091063541,0.3180388610104413,0.9644188410708234,1.0368938861560084,0.573416144828374,0.7993043493100691,0.8052438264394459,0.9084268520681662,729432.4449158771,1851206.9893364627,1135027.348894327,0.84,0.8,0.33,0.78,0.11,"NBS China Statistical Yearbook 2025, Table 12-15",calibrated reconstruction; not historical author input
x_r06_s3_m2,r06,CN-LN,Liaoning,辽宁,3,marine_aquaculture,海水养殖,2,deep_processing,深加工,3823000.0,3697604.3529459736,0.26,961377.1317659531,1153652.5581191438,0.07283724091063541,0.3180388610104413,0.9644188410708234,1.0368938861560084,0.573416144828374,0.7993043493100691,0.8052438264394459,0.9084268520681662,729432.4449158771,1851206.9893364627,1135027.348894327,1.02,1.16,0.41,0.81,0.11,"NBS China Statistical Yearbook 2025, Table 12-15",calibrated reconstruction; not historical author input
x_r06_s4_m1,r06,CN-LN,Liaoning,辽宁,4,freshwater_aquaculture,淡水养殖,1,fresh_sales,鲜销,806000.0,779562.9370846075,0.78,608059.0909259939,729670.9091111926,0.07283724091063541,0.3180388610104413,0.9644188410708234,1.0368938861560084,0.573416144828374,0.7993043493100691,0.8052438264394459,0.9084268520681662,729432.4449158771,1851206.9893364627,1135027.348894327,0.88,0.84,0.31,0.88,0.08,"NBS China Statistical Yearbook 2025, Table 12-15",calibrated reconstruction; not historical author input
x_r06_s4_m2,r06,CN-LN,Liaoning,辽宁,4,freshwater_aquaculture,淡水养殖,2,deep_processing,深加工,806000.0,779562.9370846075,0.22,171503.84615861365,205804.61539033637,0.07283724091063541,0.3180388610104413,0.9644188410708234,1.0368938861560084,0.573416144828374,0.7993043493100691,0.8052438264394459,0.9084268520681662,729432.4449158771,1851206.9893364627,1135027.348894327,1.06,1.2,0.39,0.91,0.08,"NBS China Statistical Yearbook 2025, Table 12-15",calibrated reconstruction; not historical author input
x_r07_s1_m1,r07,CN-JL,Jilin,吉林,1,marine_capture,海洋捕捞,1,fresh_sales,鲜销,0.0,0.0,0.62,0.0,0.0,0.003615358477743799,0.2552416217657208,0.7580481192815994,1.3191774698256593,0.6072491935897149,0.7874627822435998,0.5340449651791621,0.9897865104462513,80342.8853066398,76536.74573681912,35599.33465643813,0.65,0.62,0.29,0.28,1.0,"NBS China Statistical Yearbook 2025, Table 12-15",calibrated reconstruction; not historical author input
x_r07_s1_m2,r07,CN-JL,Jilin,吉林,1,marine_capture,海洋捕捞,2,deep_processing,深加工,0.0,0.0,0.38,0.0,0.0,0.003615358477743799,0.2552416217657208,0.7580481192815994,1.3191774698256593,0.6072491935897149,0.7874627822435998,0.5340449651791621,0.9897865104462513,80342.8853066398,76536.74573681912,35599.33465643813,0.82,0.95,0.36,0.31,1.0,"NBS China Statistical Yearbook 2025, Table 12-15",calibrated reconstruction; not historical author input
x_r07_s2_m1,r07,CN-JL,Jilin,吉林,2,freshwater_capture,淡水捕捞,1,fresh_sales,鲜销,18000.0,17409.594128440367,0.67,11664.428066055047,13997.313679266055,0.003615358477743799,0.2552416217657208,0.7580481192815994,1.3191774698256593,0.6072491935897149,0.7874627822435998,0.5340449651791621,0.9897865104462513,80342.8853066398,76536.74573681912,35599.33465643813,0.7,0.67,0.26,0.42,0.7,"NBS China Statistical Yearbook 2025, Table 12-15",calibrated reconstruction; not historical author input
x_r07_s2_m2,r07,CN-JL,Jilin,吉林,2,freshwater_capture,淡水捕捞,2,deep_processing,深加工,18000.0,17409.594128440367,0.33,5745.166062385321,6894.199274862385,0.003615358477743799,0.2552416217657208,0.7580481192815994,1.3191774698256593,0.6072491935897149,0.7874627822435998,0.5340449651791621,0.9897865104462513,80342.8853066398,76536.74573681912,35599.33465643813,0.86,0.99,0.34,0.45,0.7,"NBS China Statistical Yearbook 2025, Table 12-15",calibrated reconstruction; not historical author input
x_r07_s3_m1,r07,CN-JL,Jilin,吉林,3,marine_aquaculture,海水养殖,1,fresh_sales,鲜销,0.0,0.0,0.74,0.0,0.0,0.003615358477743799,0.2552416217657208,0.7580481192815994,1.3191774698256593,0.6072491935897149,0.7874627822435998,0.5340449651791621,0.9897865104462513,80342.8853066398,76536.74573681912,35599.33465643813,0.84,0.8,0.33,0.78,0.11,"NBS China Statistical Yearbook 2025, Table 12-15",calibrated reconstruction; not historical author input
x_r07_s3_m2,r07,CN-JL,Jilin,吉林,3,marine_aquaculture,海水养殖,2,deep_processing,深加工,0.0,0.0,0.26,0.0,0.0,0.003615358477743799,0.2552416217657208,0.7580481192815994,1.3191774698256593,0.6072491935897149,0.7874627822435998,0.5340449651791621,0.9897865104462513,80342.8853066398,76536.74573681912,35599.33465643813,1.02,1.16,0.41,0.81,0.11,"NBS China Statistical Yearbook 2025, Table 12-15",calibrated reconstruction; not historical author input
x_r07_s4_m1,r07,CN-JL,Jilin,吉林,4,freshwater_aquaculture,淡水养殖,1,fresh_sales,鲜销,248000.0,239865.51910295617,0.78,187095.10490030583,224514.12588036698,0.003615358477743799,0.2552416217657208,0.7580481192815994,1.3191774698256593,0.6072491935897149,0.7874627822435998,0.5340449651791621,0.9897865104462513,80342.8853066398,76536.74573681912,35599.33465643813,0.88,0.84,0.31,0.88,0.08,"NBS China Statistical Yearbook 2025, Table 12-15",calibrated reconstruction; not historical author input
x_r07_s4_m2,r07,CN-JL,Jilin,吉林,4,freshwater_aquaculture,淡水养殖,2,deep_processing,深加工,248000.0,239865.51910295617,0.22,52770.414202650354,63324.497043180425,0.003615358477743799,0.2552416217657208,0.7580481192815994,1.3191774698256593,0.6072491935897149,0.7874627822435998,0.5340449651791621,0.9897865104462513,80342.8853066398,76536.74573681912,35599.33465643813,1.06,1.2,0.39,0.91,0.08,"NBS China Statistical Yearbook 2025, Table 12-15",calibrated reconstruction; not historical author input
x_r08_s1_m1,r08,CN-HL,Heilongjiang,黑龙江,1,marine_capture,海洋捕捞,1,fresh_sales,鲜销,0.0,0.0,0.62,0.0,0.0,0.011063540604825008,0.26987779808772566,0.7568620806506269,1.3212446832325946,0.5635300997686218,0.8027644650809824,0.5335346854396831,0.989939594368095,160936.8401235602,234125.56766718256,104295.81431295132,0.65,0.62,0.29,0.28,1.0,"NBS China Statistical Yearbook 2025, Table 12-15",calibrated reconstruction; not historical author input
x_r08_s1_m2,r08,CN-HL,Heilongjiang,黑龙江,1,marine_capture,海洋捕捞,2,deep_processing,深加工,0.0,0.0,0.38,0.0,0.0,0.011063540604825008,0.26987779808772566,0.7568620806506269,1.3212446832325946,0.5635300997686218,0.8027644650809824,0.5335346854396831,0.989939594368095,160936.8401235602,234125.56766718256,104295.81431295132,0.82,0.95,0.36,0.31,1.0,"NBS China Statistical Yearbook 2025, Table 12-15",calibrated reconstruction; not historical author input
x_r08_s2_m1,r08,CN-HL,Heilongjiang,黑龙江,2,freshwater_capture,淡水捕捞,1,fresh_sales,鲜销,51000.0,49327.18336391437,0.67,33049.21285382263,39659.05542458715,0.011063540604825008,0.26987779808772566,0.7568620806506269,1.3212446832325946,0.5635300997686218,0.8027644650809824,0.5335346854396831,0.989939594368095,160936.8401235602,234125.56766718256,104295.81431295132,0.7,0.67,0.26,0.42,0.7,"NBS China Statistical Yearbook 2025, Table 12-15",calibrated reconstruction; not historical author input
x_r08_s2_m2,r08,CN-HL,Heilongjiang,黑龙江,2,freshwater_capture,淡水捕捞,2,deep_processing,深加工,51000.0,49327.18336391437,0.33,16277.970510091744,19533.56461211009,0.011063540604825008,0.26987779808772566,0.7568620806506269,1.3212446832325946,0.5635300997686218,0.8027644650809824,0.5335346854396831,0.989939594368095,160936.8401235602,234125.56766718256,104295.81431295132,0.86,0.99,0.34,0.45,0.7,"NBS China Statistical Yearbook 2025, Table 12-15",calibrated reconstruction; not historical author input
x_r08_s3_m1,r08,CN-HL,Heilongjiang,黑龙江,3,marine_aquaculture,海水养殖,1,fresh_sales,鲜销,0.0,0.0,0.74,0.0,0.0,0.011063540604825008,0.26987779808772566,0.7568620806506269,1.3212446832325946,0.5635300997686218,0.8027644650809824,0.5335346854396831,0.989939594368095,160936.8401235602,234125.56766718256,104295.81431295132,0.84,0.8,0.33,0.78,0.11,"NBS China Statistical Yearbook 2025, Table 12-15",calibrated reconstruction; not historical author input
x_r08_s3_m2,r08,CN-HL,Heilongjiang,黑龙江,3,marine_aquaculture,海水养殖,2,deep_processing,深加工,0.0,0.0,0.26,0.0,0.0,0.011063540604825008,0.26987779808772566,0.7568620806506269,1.3212446832325946,0.5635300997686218,0.8027644650809824,0.5335346854396831,0.989939594368095,160936.8401235602,234125.56766718256,104295.81431295132,1.02,1.16,0.41,0.81,0.11,"NBS China Statistical Yearbook 2025, Table 12-15",calibrated reconstruction; not historical author input
x_r08_s4_m1,r08,CN-HL,Heilongjiang,黑龙江,4,freshwater_aquaculture,淡水养殖,1,fresh_sales,鲜销,763000.0,737973.3511111111,0.78,575619.2138666667,690743.05664,0.011063540604825008,0.26987779808772566,0.7568620806506269,1.3212446832325946,0.5635300997686218,0.8027644650809824,0.5335346854396831,0.989939594368095,160936.8401235602,234125.56766718256,104295.81431295132,0.88,0.84,0.31,0.88,0.08,"NBS China Statistical Yearbook 2025, Table 12-15",calibrated reconstruction; not historical author input
x_r08_s4_m2,r08,CN-HL,Heilongjiang,黑龙江,4,freshwater_aquaculture,淡水养殖,2,deep_processing,深加工,763000.0,737973.3511111111,0.22,162354.13724444446,194824.96469333334,0.011063540604825008,0.26987779808772566,0.7568620806506269,1.3212446832325946,0.5635300997686218,0.8027644650809824,0.5335346854396831,0.989939594368095,160936.8401235602,234125.56766718256,104295.81431295132,1.06,1.2,0.39,0.91,0.08,"NBS China Statistical Yearbook 2025, Table 12-15",calibrated reconstruction; not historical author input
x_r09_s1_m1,r09,CN-SH,Shanghai,上海,1,marine_capture,海洋捕捞,1,fresh_sales,鲜销,121000.0,117031.16053007136,0.62,72559.31952864424,87071.18343437307,0.0029901461094121646,0.6872736166510192,1.45,0.65,0.011365389685132364,0.9960221136102037,0.7653772783796862,0.9203868164860941,78235.81417005883,74130.30353541767,150131.3793817838,0.65,0.62,0.29,0.28,1.0,"NBS China Statistical Yearbook 2025, Table 12-15",calibrated reconstruction; not historical author input
x_r09_s1_m2,r09,CN-SH,Shanghai,上海,1,marine_capture,海洋捕捞,2,deep_processing,深加工,121000.0,117031.16053007136,0.38,44471.841001427114,53366.20920171253,0.0029901461094121646,0.6872736166510192,1.45,0.65,0.011365389685132364,0.9960221136102037,0.7653772783796862,0.9203868164860941,78235.81417005883,74130.30353541767,150131.3793817838,0.82,0.95,0.36,0.31,1.0,"NBS China Statistical Yearbook 2025, Table 12-15",calibrated reconstruction; not historical author input
x_r09_s2_m1,r09,CN-SH,Shanghai,上海,2,freshwater_capture,淡水捕捞,1,fresh_sales,鲜销,0.0,0.0,0.67,0.0,0.0,0.0029901461094121646,0.6872736166510192,1.45,0.65,0.011365389685132364,0.9960221136102037,0.7653772783796862,0.9203868164860941,78235.81417005883,74130.30353541767,150131.3793817838,0.7,0.67,0.26,0.42,0.7,"NBS China Statistical Yearbook 2025, Table 12-15",calibrated reconstruction; not historical author input
x_r09_s2_m2,r09,CN-SH,Shanghai,上海,2,freshwater_capture,淡水捕捞,2,deep_processing,深加工,0.0,0.0,0.33,0.0,0.0,0.0029901461094121646,0.6872736166510192,1.45,0.65,0.011365389685132364,0.9960221136102037,0.7653772783796862,0.9203868164860941,78235.81417005883,74130.30353541767,150131.3793817838,0.86,0.99,0.34,0.45,0.7,"NBS China Statistical Yearbook 2025, Table 12-15",calibrated reconstruction; not historical author input
x_r09_s3_m1,r09,CN-SH,Shanghai,上海,3,marine_aquaculture,海水养殖,1,fresh_sales,鲜销,0.0,0.0,0.74,0.0,0.0,0.0029901461094121646,0.6872736166510192,1.45,0.65,0.011365389685132364,0.9960221136102037,0.7653772783796862,0.9203868164860941,78235.81417005883,74130.30353541767,150131.3793817838,0.84,0.8,0.33,0.78,0.11,"NBS China Statistical Yearbook 2025, Table 12-15",calibrated reconstruction; not historical author input
x_r09_s3_m2,r09,CN-SH,Shanghai,上海,3,marine_aquaculture,海水养殖,2,deep_processing,深加工,0.0,0.0,0.26,0.0,0.0,0.0029901461094121646,0.6872736166510192,1.45,0.65,0.011365389685132364,0.9960221136102037,0.7653772783796862,0.9203868164860941,78235.81417005883,74130.30353541767,150131.3793817838,1.02,1.16,0.41,0.81,0.11,"NBS China Statistical Yearbook 2025, Table 12-15",calibrated reconstruction; not historical author input
x_r09_s4_m1,r09,CN-SH,Shanghai,上海,4,freshwater_aquaculture,淡水养殖,1,fresh_sales,鲜销,99000.0,95752.76770642202,0.78,74687.15881100918,89624.59057321101,0.0029901461094121646,0.6872736166510192,1.45,0.65,0.011365389685132364,0.9960221136102037,0.7653772783796862,0.9203868164860941,78235.81417005883,74130.30353541767,150131.3793817838,0.88,0.84,0.31,0.88,0.08,"NBS China Statistical Yearbook 2025, Table 12-15",calibrated reconstruction; not historical author input
x_r09_s4_m2,r09,CN-SH,Shanghai,上海,4,freshwater_aquaculture,淡水养殖,2,deep_processing,深加工,99000.0,95752.76770642202,0.22,21065.608895412843,25278.73067449541,0.0029901461094121646,0.6872736166510192,1.45,0.65,0.011365389685132364,0.9960221136102037,0.7653772783796862,0.9203868164860941,78235.81417005883,74130.30353541767,150131.3793817838,1.06,1.2,0.39,0.91,0.08,"NBS China Statistical Yearbook 2025, Table 12-15",calibrated reconstruction; not historical author input
x_r10_s1_m1,r10,CN-JS,Jiangsu,江苏,1,marine_capture,海洋捕捞,1,fresh_sales,鲜销,458000.0,442977.4506014271,0.62,274646.0193728848,329575.2232474618,0.07285083248386001,0.3823603532879962,1.3413128721498766,0.7455382116755391,0.3315188418889674,0.8839684053388615,0.9275760927783111,0.8717271721665065,820951.308725978,1991075.0515960047,1036133.9895212502,0.65,0.62,0.29,0.28,1.0,"NBS China Statistical Yearbook 2025, Table 12-15",calibrated reconstruction; not historical author input
x_r10_s1_m2,r10,CN-JS,Jiangsu,江苏,1,marine_capture,海洋捕捞,2,deep_processing,深加工,458000.0,442977.4506014271,0.38,168331.4312285423,201997.71747425073,0.07285083248386001,0.3823603532879962,1.3413128721498766,0.7455382116755391,0.3315188418889674,0.8839684053388615,0.9275760927783111,0.8717271721665065,820951.308725978,1991075.0515960047,1036133.9895212502,0.82,0.95,0.36,0.31,1.0,"NBS China Statistical Yearbook 2025, Table 12-15",calibrated reconstruction; not historical author input
x_r10_s2_m1,r10,CN-JS,Jiangsu,江苏,2,freshwater_capture,淡水捕捞,1,fresh_sales,鲜销,185000.0,178931.93965341488,0.67,119884.39956778797,143861.27948134555,0.07285083248386001,0.3823603532879962,1.3413128721498766,0.7455382116755391,0.3315188418889674,0.8839684053388615,0.9275760927783111,0.8717271721665065,820951.308725978,1991075.0515960047,1036133.9895212502,0.7,0.67,0.26,0.42,0.7,"NBS China Statistical Yearbook 2025, Table 12-15",calibrated reconstruction; not historical author input
x_r10_s2_m2,r10,CN-JS,Jiangsu,江苏,2,freshwater_capture,淡水捕捞,2,deep_processing,深加工,185000.0,178931.93965341488,0.33,59047.54008562691,70857.04810275229,0.07285083248386001,0.3823603532879962,1.3413128721498766,0.7455382116755391,0.3315188418889674,0.8839684053388615,0.9275760927783111,0.8717271721665065,820951.308725978,1991075.0515960047,1036133.9895212502,0.86,0.99,0.34,0.45,0.7,"NBS China Statistical Yearbook 2025, Table 12-15",calibrated reconstruction; not historical author input
x_r10_s3_m1,r10,CN-JS,Jiangsu,江苏,3,marine_aquaculture,海水养殖,1,fresh_sales,鲜销,1023000.0,989445.2662996942,0.74,732189.4970617737,878627.3964741284,0.07285083248386001,0.3823603532879962,1.3413128721498766,0.7455382116755391,0.3315188418889674,0.8839684053388615,0.9275760927783111,0.8717271721665065,820951.308725978,1991075.0515960047,1036133.9895212502,0.84,0.8,0.33,0.78,0.11,"NBS China Statistical Yearbook 2025, Table 12-15",calibrated reconstruction; not historical author input
x_r10_s3_m2,r10,CN-JS,Jiangsu,江苏,3,marine_aquaculture,海水养殖,2,deep_processing,深加工,1023000.0,989445.2662996942,0.26,257255.7692379205,308706.92308550456,0.07285083248386001,0.3823603532879962,1.3413128721498766,0.7455382116755391,0.3315188418889674,0.8839684053388615,0.9275760927783111,0.8717271721665065,820951.308725978,1991075.0515960047,1036133.9895212502,1.02,1.16,0.41,0.81,0.11,"NBS China Statistical Yearbook 2025, Table 12-15",calibrated reconstruction; not historical author input
x_r10_s4_m1,r10,CN-JS,Jiangsu,江苏,4,freshwater_aquaculture,淡水养殖,1,fresh_sales,鲜销,3694000.0,3572835.595025484,0.78,2786811.7641198775,3344174.116943853,0.07285083248386001,0.3823603532879962,1.3413128721498766,0.7455382116755391,0.3315188418889674,0.8839684053388615,0.9275760927783111,0.8717271721665065,820951.308725978,1991075.0515960047,1036133.9895212502,0.88,0.84,0.31,0.88,0.08,"NBS China Statistical Yearbook 2025, Table 12-15",calibrated reconstruction; not historical author input
x_r10_s4_m2,r10,CN-JS,Jiangsu,江苏,4,freshwater_aquaculture,淡水养殖,2,deep_processing,深加工,3694000.0,3572835.595025484,0.22,786023.8309056065,943228.5970867277,0.07285083248386001,0.3823603532879962,1.3413128721498766,0.7455382116755391,0.3315188418889674,0.8839684053388615,0.9275760927783111,0.8717271721665065,820951.308725978,1991075.0515960047,1036133.9895212502,1.06,1.2,0.39,0.91,0.08,"NBS China Statistical Yearbook 2025, Table 12-15",calibrated reconstruction; not historical author input
x_r11_s1_m1,r11,CN-ZJ,Zhejiang,浙江,1,marine_capture,海洋捕捞,1,fresh_sales,鲜销,3163000.0,3059252.5682364935,0.62,1896736.592306626,2276083.910767951,0.08829085966700646,0.4719301192879361,1.45,0.65,0.18317222278641038,0.9358897220247564,0.9609592893964504,0.8617122131810648,918349.4481538428,2459207.828888912,4161368.8703187164,0.65,0.62,0.29,0.28,1.0,"NBS China Statistical Yearbook 2025, Table 12-15",calibrated reconstruction; not historical author input
x_r11_s1_m2,r11,CN-ZJ,Zhejiang,浙江,1,marine_capture,海洋捕捞,2,deep_processing,深加工,3163000.0,3059252.5682364935,0.38,1162515.9759298675,1395019.171115841,0.08829085966700646,0.4719301192879361,1.45,0.65,0.18317222278641038,0.9358897220247564,0.9609592893964504,0.8617122131810648,918349.4481538428,2459207.828888912,4161368.8703187164,0.82,0.95,0.36,0.31,1.0,"NBS China Statistical Yearbook 2025, Table 12-15",calibrated reconstruction; not historical author input
x_r11_s2_m1,r11,CN-ZJ,Zhejiang,浙江,2,freshwater_capture,淡水捕捞,1,fresh_sales,鲜销,171000.0,165391.1442201835,0.67,110812.06662752295,132974.47995302753,0.08829085966700646,0.4719301192879361,1.45,0.65,0.18317222278641038,0.9358897220247564,0.9609592893964504,0.8617122131810648,918349.4481538428,2459207.828888912,4161368.8703187164,0.7,0.67,0.26,0.42,0.7,"NBS China Statistical Yearbook 2025, Table 12-15",calibrated reconstruction; not historical author input
x_r11_s2_m2,r11,CN-ZJ,Zhejiang,浙江,2,freshwater_capture,淡水捕捞,2,deep_processing,深加工,171000.0,165391.1442201835,0.33,54579.07759266056,65494.893111192665,0.08829085966700646,0.4719301192879361,1.45,0.65,0.18317222278641038,0.9358897220247564,0.9609592893964504,0.8617122131810648,918349.4481538428,2459207.828888912,4161368.8703187164,0.86,0.99,0.34,0.45,0.7,"NBS China Statistical Yearbook 2025, Table 12-15",calibrated reconstruction; not historical author input
x_r11_s3_m1,r11,CN-ZJ,Zhejiang,浙江,3,marine_aquaculture,海水养殖,1,fresh_sales,鲜销,1722000.0,1665517.8382874618,0.74,1232483.2003327217,1478979.840399266,0.08829085966700646,0.4719301192879361,1.45,0.65,0.18317222278641038,0.9358897220247564,0.9609592893964504,0.8617122131810648,918349.4481538428,2459207.828888912,4161368.8703187164,0.84,0.8,0.33,0.78,0.11,"NBS China Statistical Yearbook 2025, Table 12-15",calibrated reconstruction; not historical author input
x_r11_s3_m2,r11,CN-ZJ,Zhejiang,浙江,3,marine_aquaculture,海水养殖,2,deep_processing,深加工,1722000.0,1665517.8382874618,0.26,433034.6379547401,519641.5655456881,0.08829085966700646,0.4719301192879361,1.45,0.65,0.18317222278641038,0.9358897220247564,0.9609592893964504,0.8617122131810648,918349.4481538428,2459207.828888912,4161368.8703187164,1.02,1.16,0.41,0.81,0.11,"NBS China Statistical Yearbook 2025, Table 12-15",calibrated reconstruction; not historical author input
x_r11_s4_m1,r11,CN-ZJ,Zhejiang,浙江,4,freshwater_aquaculture,淡水养殖,1,fresh_sales,鲜销,1440000.0,1392767.5302752294,0.78,1086358.673614679,1303630.4083376147,0.08829085966700646,0.4719301192879361,1.45,0.65,0.18317222278641038,0.9358897220247564,0.9609592893964504,0.8617122131810648,918349.4481538428,2459207.828888912,4161368.8703187164,0.88,0.84,0.31,0.88,0.08,"NBS China Statistical Yearbook 2025, Table 12-15",calibrated reconstruction; not historical author input
x_r11_s4_m2,r11,CN-ZJ,Zhejiang,浙江,4,freshwater_aquaculture,淡水养殖,2,deep_processing,深加工,1440000.0,1392767.5302752294,0.22,306408.85666055046,367690.62799266056,0.08829085966700646,0.4719301192879361,1.45,0.65,0.18317222278641038,0.9358897220247564,0.9609592893964504,0.8617122131810648,918349.4481538428,2459207.828888912,4161368.8703187164,1.06,1.2,0.39,0.91,0.08,"NBS China Statistical Yearbook 2025, Table 12-15",calibrated reconstruction; not historical author input
x_r12_s1_m1,r12,CN-AH,Anhui,安徽,1,marine_capture,海洋捕捞,1,fresh_sales,鲜销,0.0,0.0,0.62,0.0,0.0,0.03550118926265715,0.4110764830343037,0.890303529070049,1.1232124408678157,0.48205653511898827,0.8312802127083541,1.0,0.8499999999999999,441215.5537265168,1010530.219188583,260000.25247481646,0.65,0.62,0.29,0.28,1.0,"NBS China Statistical Yearbook 2025, Table 12-15",calibrated reconstruction; not historical author input
x_r12_s1_m2,r12,CN-AH,Anhui,安徽,1,marine_capture,海洋捕捞,2,deep_processing,深加工,0.0,0.0,0.38,0.0,0.0,0.03550118926265715,0.4110764830343037,0.890303529070049,1.1232124408678157,0.48205653511898827,0.8312802127083541,1.0,0.8499999999999999,441215.5537265168,1010530.219188583,260000.25247481646,0.82,0.95,0.36,0.31,1.0,"NBS China Statistical Yearbook 2025, Table 12-15",calibrated reconstruction; not historical author input
x_r12_s2_m1,r12,CN-AH,Anhui,安徽,2,freshwater_capture,淡水捕捞,1,fresh_sales,鲜销,98000.0,94785.56803261978,0.67,63506.330581855254,76207.5966982263,0.03550118926265715,0.4110764830343037,0.890303529070049,1.1232124408678157,0.48205653511898827,0.8312802127083541,1.0,0.8499999999999999,441215.5537265168,1010530.219188583,260000.25247481646,0.7,0.67,0.26,0.42,0.7,"NBS China Statistical Yearbook 2025, Table 12-15",calibrated reconstruction; not historical author input
x_r12_s2_m2,r12,CN-AH,Anhui,安徽,2,freshwater_capture,淡水捕捞,2,deep_processing,深加工,98000.0,94785.56803261978,0.33,31279.23745076453,37535.08494091743,0.03550118926265715,0.4110764830343037,0.890303529070049,1.1232124408678157,0.48205653511898827,0.8312802127083541,1.0,0.8499999999999999,441215.5537265168,1010530.219188583,260000.25247481646,0.86,0.99,0.34,0.45,0.7,"NBS China Statistical Yearbook 2025, Table 12-15",calibrated reconstruction; not historical author input
x_r12_s3_m1,r12,CN-AH,Anhui,安徽,3,marine_aquaculture,海水养殖,1,fresh_sales,鲜销,0.0,0.0,0.74,0.0,0.0,0.03550118926265715,0.4110764830343037,0.890303529070049,1.1232124408678157,0.48205653511898827,0.8312802127083541,1.0,0.8499999999999999,441215.5537265168,1010530.219188583,260000.25247481646,0.84,0.8,0.33,0.78,0.11,"NBS China Statistical Yearbook 2025, Table 12-15",calibrated reconstruction; not historical author input
x_r12_s3_m2,r12,CN-AH,Anhui,安徽,3,marine_aquaculture,海水养殖,2,deep_processing,深加工,0.0,0.0,0.26,0.0,0.0,0.03550118926265715,0.4110764830343037,0.890303529070049,1.1232124408678157,0.48205653511898827,0.8312802127083541,1.0,0.8499999999999999,441215.5537265168,1010530.219188583,260000.25247481646,1.02,1.16,0.41,0.81,0.11,"NBS China Statistical Yearbook 2025, Table 12-15",calibrated reconstruction; not historical author input
x_r12_s4_m1,r12,CN-AH,Anhui,安徽,4,freshwater_aquaculture,淡水养殖,1,fresh_sales,鲜销,2514000.0,2431539.9799388377,0.78,1896601.1843522934,2275921.421222752,0.03550118926265715,0.4110764830343037,0.890303529070049,1.1232124408678157,0.48205653511898827,0.8312802127083541,1.0,0.8499999999999999,441215.5537265168,1010530.219188583,260000.25247481646,0.88,0.84,0.31,0.88,0.08,"NBS China Statistical Yearbook 2025, Table 12-15",calibrated reconstruction; not historical author input
x_r12_s4_m2,r12,CN-AH,Anhui,安徽,4,freshwater_aquaculture,淡水养殖,2,deep_processing,深加工,2514000.0,2431539.9799388377,0.22,534938.7955865443,641926.5547038532,0.03550118926265715,0.4110764830343037,0.890303529070049,1.1232124408678157,0.48205653511898827,0.8312802127083541,1.0,0.8499999999999999,441215.5537265168,1010530.219188583,260000.25247481646,1.06,1.2,0.39,0.91,0.08,"NBS China Statistical Yearbook 2025, Table 12-15",calibrated reconstruction; not historical author input
x_r13_s1_m1,r13,CN-FJ,Fujian,福建,1,marine_capture,海洋捕捞,1,fresh_sales,鲜销,2054000.0,1986628.1299898063,0.62,1231709.44059368,1478051.3287124159,0.12568127760788309,0.4190901266522838,1.1583724645398654,0.8632801888960863,0.3793332901146332,0.8672333484598784,0.8026302503604382,0.9092109248918685,1196402.5963087247,3189130.8713405924,2945020.3575925897,0.65,0.62,0.29,0.28,1.0,"NBS China Statistical Yearbook 2025, Table 12-15",calibrated reconstruction; not historical author input
x_r13_s1_m2,r13,CN-FJ,Fujian,福建,1,marine_capture,海洋捕捞,2,deep_processing,深加工,2054000.0,1986628.1299898063,0.38,754918.6893961264,905902.4272753517,0.12568127760788309,0.4190901266522838,1.1583724645398654,0.8632801888960863,0.3793332901146332,0.8672333484598784,0.8026302503604382,0.9092109248918685,1196402.5963087247,3189130.8713405924,2945020.3575925897,0.82,0.95,0.36,0.31,1.0,"NBS China Statistical Yearbook 2025, Table 12-15",calibrated reconstruction; not historical author input
x_r13_s2_m1,r13,CN-FJ,Fujian,福建,2,freshwater_capture,淡水捕捞,1,fresh_sales,鲜销,73000.0,70605.57618756371,0.67,47305.73604566769,56766.88325480123,0.12568127760788309,0.4190901266522838,1.1583724645398654,0.8632801888960863,0.3793332901146332,0.8672333484598784,0.8026302503604382,0.9092109248918685,1196402.5963087247,3189130.8713405924,2945020.3575925897,0.7,0.67,0.26,0.42,0.7,"NBS China Statistical Yearbook 2025, Table 12-15",calibrated reconstruction; not historical author input
x_r13_s2_m2,r13,CN-FJ,Fujian,福建,2,freshwater_capture,淡水捕捞,2,deep_processing,深加工,73000.0,70605.57618756371,0.33,23299.840141896027,27959.80817027523,0.12568127760788309,0.4190901266522838,1.1583724645398654,0.8632801888960863,0.3793332901146332,0.8672333484598784,0.8026302503604382,0.9092109248918685,1196402.5963087247,3189130.8713405924,2945020.3575925897,0.86,0.99,0.34,0.45,0.7,"NBS China Statistical Yearbook 2025, Table 12-15",calibrated reconstruction; not historical author input
x_r13_s3_m1,r13,CN-FJ,Fujian,福建,3,marine_aquaculture,海水养殖,1,fresh_sales,鲜销,6133000.0,5931835.599429154,0.74,4389558.343577574,5267470.012293088,0.12568127760788309,0.4190901266522838,1.1583724645398654,0.8632801888960863,0.3793332901146332,0.8672333484598784,0.8026302503604382,0.9092109248918685,1196402.5963087247,3189130.8713405924,2945020.3575925897,0.84,0.8,0.33,0.78,0.11,"NBS China Statistical Yearbook 2025, Table 12-15",calibrated reconstruction; not historical author input
x_r13_s3_m2,r13,CN-FJ,Fujian,福建,3,marine_aquaculture,海水养殖,2,deep_processing,深加工,6133000.0,5931835.599429154,0.26,1542277.25585158,1850732.707021896,0.12568127760788309,0.4190901266522838,1.1583724645398654,0.8632801888960863,0.3793332901146332,0.8672333484598784,0.8026302503604382,0.9092109248918685,1196402.5963087247,3189130.8713405924,2945020.3575925897,1.02,1.16,0.41,0.81,0.11,"NBS China Statistical Yearbook 2025, Table 12-15",calibrated reconstruction; not historical author input
x_r13_s4_m1,r13,CN-FJ,Fujian,福建,4,freshwater_aquaculture,淡水养殖,1,fresh_sales,鲜销,987000.0,954626.0780428135,0.78,744608.3408733945,893530.0090480734,0.12568127760788309,0.4190901266522838,1.1583724645398654,0.8632801888960863,0.3793332901146332,0.8672333484598784,0.8026302503604382,0.9092109248918685,1196402.5963087247,3189130.8713405924,2945020.3575925897,0.88,0.84,0.31,0.88,0.08,"NBS China Statistical Yearbook 2025, Table 12-15",calibrated reconstruction; not historical author input
x_r13_s4_m2,r13,CN-FJ,Fujian,福建,4,freshwater_aquaculture,淡水养殖,2,deep_processing,深加工,987000.0,954626.0780428135,0.22,210017.73716941895,252021.28460330272,0.12568127760788309,0.4190901266522838,1.1583724645398654,0.8632801888960863,0.3793332901146332,0.8672333484598784,0.8026302503604382,0.9092109248918685,1196402.5963087247,3189130.8713405924,2945020.3575925897,1.06,1.2,0.39,0.91,0.08,"NBS China Statistical Yearbook 2025, Table 12-15",calibrated reconstruction; not historical author input
x_r14_s1_m1,r14,CN-JX,Jiangxi,江西,1,marine_capture,海洋捕捞,1,fresh_sales,鲜销,0.0,0.0,0.62,0.0,0.0,0.041209650016989466,0.3805158963275592,0.8715447548046666,1.1473880078873553,0.4897046852044219,0.8286033601784524,0.8391008976553792,0.8982697307033862,457678.41302535526,1069213.9594700262,183797.20384921407,0.65,0.62,0.29,0.28,1.0,"NBS China Statistical Yearbook 2025, Table 12-15",calibrated reconstruction; not historical author input
x_r14_s1_m2,r14,CN-JX,Jiangxi,江西,1,marine_capture,海洋捕捞,2,deep_processing,深加工,0.0,0.0,0.38,0.0,0.0,0.041209650016989466,0.3805158963275592,0.8715447548046666,1.1473880078873553,0.4897046852044219,0.8286033601784524,0.8391008976553792,0.8982697307033862,457678.41302535526,1069213.9594700262,183797.20384921407,0.82,0.95,0.36,0.31,1.0,"NBS China Statistical Yearbook 2025, Table 12-15",calibrated reconstruction; not historical author input
x_r14_s2_m1,r14,CN-JX,Jiangxi,江西,2,freshwater_capture,淡水捕捞,1,fresh_sales,鲜销,10000.0,9671.996738022426,0.67,6480.2378144750255,7776.28537737003,0.041209650016989466,0.3805158963275592,0.8715447548046666,1.1473880078873553,0.4897046852044219,0.8286033601784524,0.8391008976553792,0.8982697307033862,457678.41302535526,1069213.9594700262,183797.20384921407,0.7,0.67,0.26,0.42,0.7,"NBS China Statistical Yearbook 2025, Table 12-15",calibrated reconstruction; not historical author input
x_r14_s2_m2,r14,CN-JX,Jiangxi,江西,2,freshwater_capture,淡水捕捞,2,deep_processing,深加工,10000.0,9671.996738022426,0.33,3191.7589235474006,3830.1107082568806,0.041209650016989466,0.3805158963275592,0.8715447548046666,1.1473880078873553,0.4897046852044219,0.8286033601784524,0.8391008976553792,0.8982697307033862,457678.41302535526,1069213.9594700262,183797.20384921407,0.86,0.99,0.34,0.45,0.7,"NBS China Statistical Yearbook 2025, Table 12-15",calibrated reconstruction; not historical author input
x_r14_s3_m1,r14,CN-JX,Jiangxi,江西,3,marine_aquaculture,海水养殖,1,fresh_sales,鲜销,0.0,0.0,0.74,0.0,0.0,0.041209650016989466,0.3805158963275592,0.8715447548046666,1.1473880078873553,0.4897046852044219,0.8286033601784524,0.8391008976553792,0.8982697307033862,457678.41302535526,1069213.9594700262,183797.20384921407,0.84,0.8,0.33,0.78,0.11,"NBS China Statistical Yearbook 2025, Table 12-15",calibrated reconstruction; not historical author input
x_r14_s3_m2,r14,CN-JX,Jiangxi,江西,3,marine_aquaculture,海水养殖,2,deep_processing,深加工,0.0,0.0,0.26,0.0,0.0,0.041209650016989466,0.3805158963275592,0.8715447548046666,1.1473880078873553,0.4897046852044219,0.8286033601784524,0.8391008976553792,0.8982697307033862,457678.41302535526,1069213.9594700262,183797.20384921407,1.02,1.16,0.41,0.81,0.11,"NBS China Statistical Yearbook 2025, Table 12-15",calibrated reconstruction; not historical author input
x_r14_s4_m1,r14,CN-JX,Jiangxi,江西,4,freshwater_aquaculture,淡水养殖,1,fresh_sales,鲜销,3022000.0,2922877.414230377,0.78,2279844.3830996943,2735813.259719633,0.041209650016989466,0.3805158963275592,0.8715447548046666,1.1473880078873553,0.4897046852044219,0.8286033601784524,0.8391008976553792,0.8982697307033862,457678.41302535526,1069213.9594700262,183797.20384921407,0.88,0.84,0.31,0.88,0.08,"NBS China Statistical Yearbook 2025, Table 12-15",calibrated reconstruction; not historical author input
x_r14_s4_m2,r14,CN-JX,Jiangxi,江西,4,freshwater_aquaculture,淡水养殖,2,deep_processing,深加工,3022000.0,2922877.414230377,0.22,643033.0311306829,771639.6373568195,0.041209650016989466,0.3805158963275592,0.8715447548046666,1.1473880078873553,0.4897046852044219,0.8286033601784524,0.8391008976553792,0.8982697307033862,457678.41302535526,1069213.9594700262,183797.20384921407,1.06,1.2,0.39,0.91,0.08,"NBS China Statistical Yearbook 2025, Table 12-15",calibrated reconstruction; not historical author input
x_r15_s1_m1,r15,CN-SD,Shandong,山东,1,marine_capture,海洋捕捞,1,fresh_sales,鲜销,2190000.0,2118167.285626911,0.62,1313263.717088685,1575916.4605064217,0.1295005096839959,0.5757731026927012,1.018468315825144,0.9818665779404425,0.33013660372581943,0.8844521886959632,0.9513734848065074,0.8645879545580477,1353193.8032391004,3587605.743715798,3155488.628460765,0.65,0.62,0.29,0.28,1.0,"NBS China Statistical Yearbook 2025, Table 12-15",calibrated reconstruction; not historical author input
x_r15_s1_m2,r15,CN-SD,Shandong,山东,1,marine_capture,海洋捕捞,2,deep_processing,深加工,2190000.0,2118167.285626911,0.38,804903.5685382262,965884.2822458714,0.1295005096839959,0.5757731026927012,1.018468315825144,0.9818665779404425,0.33013660372581943,0.8844521886959632,0.9513734848065074,0.8645879545580477,1353193.8032391004,3587605.743715798,3155488.628460765,0.82,0.95,0.36,0.31,1.0,"NBS China Statistical Yearbook 2025, Table 12-15",calibrated reconstruction; not historical author input
x_r15_s2_m1,r15,CN-SD,Shandong,山东,2,freshwater_capture,淡水捕捞,1,fresh_sales,鲜销,108000.0,104457.5647706422,0.67,69986.56839633027,83983.88207559632,0.1295005096839959,0.5757731026927012,1.018468315825144,0.9818665779404425,0.33013660372581943,0.8844521886959632,0.9513734848065074,0.8645879545580477,1353193.8032391004,3587605.743715798,3155488.628460765,0.7,0.67,0.26,0.42,0.7,"NBS China Statistical Yearbook 2025, Table 12-15",calibrated reconstruction; not historical author input
x_r15_s2_m2,r15,CN-SD,Shandong,山东,2,freshwater_capture,淡水捕捞,2,deep_processing,深加工,108000.0,104457.5647706422,0.33,34470.99637431193,41365.19564917431,0.1295005096839959,0.5757731026927012,1.018468315825144,0.9818665779404425,0.33013660372581943,0.8844521886959632,0.9513734848065074,0.8645879545580477,1353193.8032391004,3587605.743715798,3155488.628460765,0.86,0.99,0.34,0.45,0.7,"NBS China Statistical Yearbook 2025, Table 12-15",calibrated reconstruction; not historical author input
x_r15_s3_m1,r15,CN-SD,Shandong,山东,3,marine_aquaculture,海水养殖,1,fresh_sales,鲜销,6063000.0,5864131.622262997,0.74,4339457.400474617,5207348.880569541,0.1295005096839959,0.5757731026927012,1.018468315825144,0.9818665779404425,0.33013660372581943,0.8844521886959632,0.9513734848065074,0.8645879545580477,1353193.8032391004,3587605.743715798,3155488.628460765,0.84,0.8,0.33,0.78,0.11,"NBS China Statistical Yearbook 2025, Table 12-15",calibrated reconstruction; not historical author input
x_r15_s3_m2,r15,CN-SD,Shandong,山东,3,marine_aquaculture,海水养殖,2,deep_processing,深加工,6063000.0,5864131.622262997,0.26,1524674.2217883791,1829609.066146055,0.1295005096839959,0.5757731026927012,1.018468315825144,0.9818665779404425,0.33013660372581943,0.8844521886959632,0.9513734848065074,0.8645879545580477,1353193.8032391004,3587605.743715798,3155488.628460765,1.02,1.16,0.41,0.81,0.11,"NBS China Statistical Yearbook 2025, Table 12-15",calibrated reconstruction; not historical author input
x_r15_s4_m1,r15,CN-SD,Shandong,山东,4,freshwater_aquaculture,淡水养殖,1,fresh_sales,鲜销,1167000.0,1128722.019327217,0.78,880403.1750752293,1056483.810090275,0.1295005096839959,0.5757731026927012,1.018468315825144,0.9818665779404425,0.33013660372581943,0.8844521886959632,0.9513734848065074,0.8645879545580477,1353193.8032391004,3587605.743715798,3155488.628460765,0.88,0.84,0.31,0.88,0.08,"NBS China Statistical Yearbook 2025, Table 12-15",calibrated reconstruction; not historical author input
x_r15_s4_m2,r15,CN-SD,Shandong,山东,4,freshwater_aquaculture,淡水养殖,2,deep_processing,深加工,1167000.0,1128722.019327217,0.22,248318.84425198776,297982.6131023853,0.1295005096839959,0.5757731026927012,1.018468315825144,0.9818665779404425,0.33013660372581943,0.8844521886959632,0.9513734848065074,0.8645879545580477,1353193.8032391004,3587605.743715798,3155488.628460765,1.06,1.2,0.39,0.91,0.08,"NBS China Statistical Yearbook 2025, Table 12-15",calibrated reconstruction; not historical author input
x_r16_s1_m1,r16,CN-HA,Henan,河南,1,marine_capture,海洋捕捞,1,fresh_sales,鲜销,0.0,0.0,0.62,0.0,0.0,0.01364593951749915,0.30125780439425703,0.7637120588662439,1.3093940162271804,0.37936273739681037,0.8672230419111164,0.9081351775837925,0.8775594467248622,324988.1039437207,368801.84178739024,183342.2602753299,0.65,0.62,0.29,0.28,1.0,"NBS China Statistical Yearbook 2025, Table 12-15",calibrated reconstruction; not historical author input
x_r16_s1_m2,r16,CN-HA,Henan,河南,1,marine_capture,海洋捕捞,2,deep_processing,深加工,0.0,0.0,0.38,0.0,0.0,0.01364593951749915,0.30125780439425703,0.7637120588662439,1.3093940162271804,0.37936273739681037,0.8672230419111164,0.9081351775837925,0.8775594467248622,324988.1039437207,368801.84178739024,183342.2602753299,0.82,0.95,0.36,0.31,1.0,"NBS China Statistical Yearbook 2025, Table 12-15",calibrated reconstruction; not historical author input
x_r16_s2_m1,r16,CN-HA,Henan,河南,2,freshwater_capture,淡水捕捞,1,fresh_sales,鲜销,111000.0,107359.16379204893,0.67,71930.63974067279,86316.76768880735,0.01364593951749915,0.30125780439425703,0.7637120588662439,1.3093940162271804,0.37936273739681037,0.8672230419111164,0.9081351775837925,0.8775594467248622,324988.1039437207,368801.84178739024,183342.2602753299,0.7,0.67,0.26,0.42,0.7,"NBS China Statistical Yearbook 2025, Table 12-15",calibrated reconstruction; not historical author input
x_r16_s2_m2,r16,CN-HA,Henan,河南,2,freshwater_capture,淡水捕捞,2,deep_processing,深加工,111000.0,107359.16379204893,0.33,35428.524051376146,42514.228861651376,0.01364593951749915,0.30125780439425703,0.7637120588662439,1.3093940162271804,0.37936273739681037,0.8672230419111164,0.9081351775837925,0.8775594467248622,324988.1039437207,368801.84178739024,183342.2602753299,0.86,0.99,0.34,0.45,0.7,"NBS China Statistical Yearbook 2025, Table 12-15",calibrated reconstruction; not historical author input
x_r16_s3_m1,r16,CN-HA,Henan,河南,3,marine_aquaculture,海水养殖,1,fresh_sales,鲜销,0.0,0.0,0.74,0.0,0.0,0.01364593951749915,0.30125780439425703,0.7637120588662439,1.3093940162271804,0.37936273739681037,0.8672230419111164,0.9081351775837925,0.8775594467248622,324988.1039437207,368801.84178739024,183342.2602753299,0.84,0.8,0.33,0.78,0.11,"NBS China Statistical Yearbook 2025, Table 12-15",calibrated reconstruction; not historical author input
x_r16_s3_m2,r16,CN-HA,Henan,河南,3,marine_aquaculture,海水养殖,2,deep_processing,深加工,0.0,0.0,0.26,0.0,0.0,0.01364593951749915,0.30125780439425703,0.7637120588662439,1.3093940162271804,0.37936273739681037,0.8672230419111164,0.9081351775837925,0.8775594467248622,324988.1039437207,368801.84178739024,183342.2602753299,1.02,1.16,0.41,0.81,0.11,"NBS China Statistical Yearbook 2025, Table 12-15",calibrated reconstruction; not historical author input
x_r16_s4_m1,r16,CN-HA,Henan,河南,4,freshwater_aquaculture,淡水养殖,1,fresh_sales,鲜销,893000.0,863709.3087054027,0.78,673693.2607902141,808431.9129482568,0.01364593951749915,0.30125780439425703,0.7637120588662439,1.3093940162271804,0.37936273739681037,0.8672230419111164,0.9081351775837925,0.8775594467248622,324988.1039437207,368801.84178739024,183342.2602753299,0.88,0.84,0.31,0.88,0.08,"NBS China Statistical Yearbook 2025, Table 12-15",calibrated reconstruction; not historical author input
x_r16_s4_m2,r16,CN-HA,Henan,河南,4,freshwater_aquaculture,淡水养殖,2,deep_processing,深加工,893000.0,863709.3087054027,0.22,190016.0479151886,228019.2574982263,0.01364593951749915,0.30125780439425703,0.7637120588662439,1.3093940162271804,0.37936273739681037,0.8672230419111164,0.9081351775837925,0.8775594467248622,324988.1039437207,368801.84178739024,183342.2602753299,1.06,1.2,0.39,0.91,0.08,"NBS China Statistical Yearbook 2025, Table 12-15",calibrated reconstruction; not historical author input
x_r17_s1_m1,r17,CN-HB,Hubei,湖北,1,marine_capture,海洋捕捞,1,fresh_sales,鲜销,0.0,0.0,0.62,0.0,0.0,0.07427794767244308,0.42869205447337466,0.8942973326233238,1.1181963352910926,0.519055485745661,0.8183305799890187,0.8870505758570436,0.8838848272428869,777250.373372558,1982953.648820809,338079.9433426911,0.65,0.62,0.29,0.28,1.0,"NBS China Statistical Yearbook 2025, Table 12-15",calibrated reconstruction; not historical author input
x_r17_s1_m2,r17,CN-HB,Hubei,湖北,1,marine_capture,海洋捕捞,2,deep_processing,深加工,0.0,0.0,0.38,0.0,0.0,0.07427794767244308,0.42869205447337466,0.8942973326233238,1.1181963352910926,0.519055485745661,0.8183305799890187,0.8870505758570436,0.8838848272428869,777250.373372558,1982953.648820809,338079.9433426911,0.82,0.95,0.36,0.31,1.0,"NBS China Statistical Yearbook 2025, Table 12-15",calibrated reconstruction; not historical author input
x_r17_s2_m1,r17,CN-HB,Hubei,湖北,2,freshwater_capture,淡水捕捞,1,fresh_sales,鲜销,24000.0,23212.792171253823,0.67,15552.570754740062,18663.084905688072,0.07427794767244308,0.42869205447337466,0.8942973326233238,1.1181963352910926,0.519055485745661,0.8183305799890187,0.8870505758570436,0.8838848272428869,777250.373372558,1982953.648820809,338079.9433426911,0.7,0.67,0.26,0.42,0.7,"NBS China Statistical Yearbook 2025, Table 12-15",calibrated reconstruction; not historical author input
x_r17_s2_m2,r17,CN-HB,Hubei,湖北,2,freshwater_capture,淡水捕捞,2,deep_processing,深加工,24000.0,23212.792171253823,0.33,7660.221416513762,9192.265699816515,0.07427794767244308,0.42869205447337466,0.8942973326233238,1.1181963352910926,0.519055485745661,0.8183305799890187,0.8870505758570436,0.8838848272428869,777250.373372558,1982953.648820809,338079.9433426911,0.86,0.99,0.34,0.45,0.7,"NBS China Statistical Yearbook 2025, Table 12-15",calibrated reconstruction; not historical author input
x_r17_s3_m1,r17,CN-HB,Hubei,湖北,3,marine_aquaculture,海水养殖,1,fresh_sales,鲜销,0.0,0.0,0.74,0.0,0.0,0.07427794767244308,0.42869205447337466,0.8942973326233238,1.1181963352910926,0.519055485745661,0.8183305799890187,0.8870505758570436,0.8838848272428869,777250.373372558,1982953.648820809,338079.9433426911,0.84,0.8,0.33,0.78,0.11,"NBS China Statistical Yearbook 2025, Table 12-15",calibrated reconstruction; not historical author input
x_r17_s3_m2,r17,CN-HB,Hubei,湖北,3,marine_aquaculture,海水养殖,2,deep_processing,深加工,0.0,0.0,0.26,0.0,0.0,0.07427794767244308,0.42869205447337466,0.8942973326233238,1.1181963352910926,0.519055485745661,0.8183305799890187,0.8870505758570436,0.8838848272428869,777250.373372558,1982953.648820809,338079.9433426911,1.02,1.16,0.41,0.81,0.11,"NBS China Statistical Yearbook 2025, Table 12-15",calibrated reconstruction; not historical author input
x_r17_s4_m1,r17,CN-HB,Hubei,湖北,4,freshwater_aquaculture,淡水养殖,1,fresh_sales,鲜销,5441000.0,5262533.4251580015,0.78,4104776.0716232415,4925731.28594789,0.07427794767244308,0.42869205447337466,0.8942973326233238,1.1181963352910926,0.519055485745661,0.8183305799890187,0.8870505758570436,0.8838848272428869,777250.373372558,1982953.648820809,338079.9433426911,0.88,0.84,0.31,0.88,0.08,"NBS China Statistical Yearbook 2025, Table 12-15",calibrated reconstruction; not historical author input
x_r17_s4_m2,r17,CN-HB,Hubei,湖北,4,freshwater_aquaculture,淡水养殖,2,deep_processing,深加工,5441000.0,5262533.4251580015,0.22,1157757.3535347604,1389308.8242417125,0.07427794767244308,0.42869205447337466,0.8942973326233238,1.1181963352910926,0.519055485745661,0.8183305799890187,0.8870505758570436,0.8838848272428869,777250.373372558,1982953.648820809,338079.9433426911,1.06,1.2,0.39,0.91,0.08,"NBS China Statistical Yearbook 2025, Table 12-15",calibrated reconstruction; not historical author input
x_r18_s1_m1,r18,CN-HN,Hunan,湖南,1,marine_capture,海洋捕捞,1,fresh_sales,鲜销,0.0,0.0,0.62,0.0,0.0,0.04065239551478083,0.39095547348966303,0.9120152974778526,1.096472836327928,0.5303948644859657,0.814361797429912,0.8608834106259556,0.8917349768122133,495356.7674401172,1068618.7825967146,171229.38762066324,0.65,0.62,0.29,0.28,1.0,"NBS China Statistical Yearbook 2025, Table 12-15",calibrated reconstruction; not historical author input
x_r18_s1_m2,r18,CN-HN,Hunan,湖南,1,marine_capture,海洋捕捞,2,deep_processing,深加工,0.0,0.0,0.38,0.0,0.0,0.04065239551478083,0.39095547348966303,0.9120152974778526,1.096472836327928,0.5303948644859657,0.814361797429912,0.8608834106259556,0.8917349768122133,495356.7674401172,1068618.7825967146,171229.38762066324,0.82,0.95,0.36,0.31,1.0,"NBS China Statistical Yearbook 2025, Table 12-15",calibrated reconstruction; not historical author input
x_r18_s2_m1,r18,CN-HN,Hunan,湖南,2,freshwater_capture,淡水捕捞,1,fresh_sales,鲜销,1000.0,967.1996738022426,0.67,648.0237814475026,777.6285377370032,0.04065239551478083,0.39095547348966303,0.9120152974778526,1.096472836327928,0.5303948644859657,0.814361797429912,0.8608834106259556,0.8917349768122133,495356.7674401172,1068618.7825967146,171229.38762066324,0.7,0.67,0.26,0.42,0.7,"NBS China Statistical Yearbook 2025, Table 12-15",calibrated reconstruction; not historical author input
x_r18_s2_m2,r18,CN-HN,Hunan,湖南,2,freshwater_capture,淡水捕捞,2,deep_processing,深加工,1000.0,967.1996738022426,0.33,319.1758923547401,383.0110708256881,0.04065239551478083,0.39095547348966303,0.9120152974778526,1.096472836327928,0.5303948644859657,0.814361797429912,0.8608834106259556,0.8917349768122133,495356.7674401172,1068618.7825967146,171229.38762066324,0.86,0.99,0.34,0.45,0.7,"NBS China Statistical Yearbook 2025, Table 12-15",calibrated reconstruction; not historical author input
x_r18_s3_m1,r18,CN-HN,Hunan,湖南,3,marine_aquaculture,海水养殖,1,fresh_sales,鲜销,0.0,0.0,0.74,0.0,0.0,0.04065239551478083,0.39095547348966303,0.9120152974778526,1.096472836327928,0.5303948644859657,0.814361797429912,0.8608834106259556,0.8917349768122133,495356.7674401172,1068618.7825967146,171229.38762066324,0.84,0.8,0.33,0.78,0.11,"NBS China Statistical Yearbook 2025, Table 12-15",calibrated reconstruction; not historical author input
x_r18_s3_m2,r18,CN-HN,Hunan,湖南,3,marine_aquaculture,海水养殖,2,deep_processing,深加工,0.0,0.0,0.26,0.0,0.0,0.04065239551478083,0.39095547348966303,0.9120152974778526,1.096472836327928,0.5303948644859657,0.814361797429912,0.8608834106259556,0.8917349768122133,495356.7674401172,1068618.7825967146,171229.38762066324,1.02,1.16,0.41,0.81,0.11,"NBS China Statistical Yearbook 2025, Table 12-15",calibrated reconstruction; not historical author input
x_r18_s4_m1,r18,CN-HN,Hunan,湖南,4,freshwater_aquaculture,淡水养殖,1,fresh_sales,鲜销,2990000.0,2891927.024668705,0.78,2255703.07924159,2706843.695089908,0.04065239551478083,0.39095547348966303,0.9120152974778526,1.096472836327928,0.5303948644859657,0.814361797429912,0.8608834106259556,0.8917349768122133,495356.7674401172,1068618.7825967146,171229.38762066324,0.88,0.84,0.31,0.88,0.08,"NBS China Statistical Yearbook 2025, Table 12-15",calibrated reconstruction; not historical author input
x_r18_s4_m2,r18,CN-HN,Hunan,湖南,4,freshwater_aquaculture,淡水养殖,2,deep_processing,深加工,2990000.0,2891927.024668705,0.22,636223.9454271152,763468.7345125382,0.04065239551478083,0.39095547348966303,0.9120152974778526,1.096472836327928,0.5303948644859657,0.814361797429912,0.8608834106259556,0.8917349768122133,495356.7674401172,1068618.7825967146,171229.38762066324,1.06,1.2,0.39,0.91,0.08,"NBS China Statistical Yearbook 2025, Table 12-15",calibrated reconstruction; not historical author input
x_r19_s1_m1,r19,CN-GD,Guangdong,广东,1,marine_capture,海洋捕捞,1,fresh_sales,鲜销,1315000.0,1271867.571049949,0.62,788557.8940509683,946269.4728611619,0.13133537206931703,0.45332317764958413,1.2459214794016555,0.802618797839686,0.3330900973978719,0.8834184659107449,0.9614439749497273,0.8615668075150817,1425838.2901814221,3659143.9370381194,2127031.81174881,0.65,0.62,0.29,0.28,1.0,"NBS China Statistical Yearbook 2025, Table 12-15",calibrated reconstruction; not historical author input
x_r19_s1_m2,r19,CN-GD,Guangdong,广东,1,marine_capture,海洋捕捞,2,deep_processing,深加工,1315000.0,1271867.571049949,0.38,483309.6769989806,579971.6123987767,0.13133537206931703,0.45332317764958413,1.2459214794016555,0.802618797839686,0.3330900973978719,0.8834184659107449,0.9614439749497273,0.8615668075150817,1425838.2901814221,3659143.9370381194,2127031.81174881,0.82,0.95,0.36,0.31,1.0,"NBS China Statistical Yearbook 2025, Table 12-15",calibrated reconstruction; not historical author input
x_r19_s2_m1,r19,CN-GD,Guangdong,广东,2,freshwater_capture,淡水捕捞,1,fresh_sales,鲜销,72000.0,69638.37651376147,0.67,46657.71226422019,55989.25471706422,0.13133537206931703,0.45332317764958413,1.2459214794016555,0.802618797839686,0.3330900973978719,0.8834184659107449,0.9614439749497273,0.8615668075150817,1425838.2901814221,3659143.9370381194,2127031.81174881,0.7,0.67,0.26,0.42,0.7,"NBS China Statistical Yearbook 2025, Table 12-15",calibrated reconstruction; not historical author input
x_r19_s2_m2,r19,CN-GD,Guangdong,广东,2,freshwater_capture,淡水捕捞,2,deep_processing,深加工,72000.0,69638.37651376147,0.33,22980.664249541285,27576.79709944954,0.13133537206931703,0.45332317764958413,1.2459214794016555,0.802618797839686,0.3330900973978719,0.8834184659107449,0.9614439749497273,0.8615668075150817,1425838.2901814221,3659143.9370381194,2127031.81174881,0.86,0.99,0.34,0.45,0.7,"NBS China Statistical Yearbook 2025, Table 12-15",calibrated reconstruction; not historical author input
x_r19_s3_m1,r19,CN-GD,Guangdong,广东,3,marine_aquaculture,海水养殖,1,fresh_sales,鲜销,3768000.0,3644408.37088685,0.74,2696862.194456269,3236234.633347523,0.13133537206931703,0.45332317764958413,1.2459214794016555,0.802618797839686,0.3330900973978719,0.8834184659107449,0.9614439749497273,0.8615668075150817,1425838.2901814221,3659143.9370381194,2127031.81174881,0.84,0.8,0.33,0.78,0.11,"NBS China Statistical Yearbook 2025, Table 12-15",calibrated reconstruction; not historical author input
x_r19_s3_m2,r19,CN-GD,Guangdong,广东,3,marine_aquaculture,海水养殖,2,deep_processing,深加工,3768000.0,3644408.37088685,0.26,947546.176430581,1137055.4117166973,0.13133537206931703,0.45332317764958413,1.2459214794016555,0.802618797839686,0.3330900973978719,0.8834184659107449,0.9614439749497273,0.8615668075150817,1425838.2901814221,3659143.9370381194,2127031.81174881,1.02,1.16,0.41,0.81,0.11,"NBS China Statistical Yearbook 2025, Table 12-15",calibrated reconstruction; not historical author input
x_r19_s4_m1,r19,CN-GD,Guangdong,广东,4,freshwater_aquaculture,淡水养殖,1,fresh_sales,鲜销,4508000.0,4360136.129500509,0.78,3400906.181010397,4081087.4172124765,0.13133537206931703,0.45332317764958413,1.2459214794016555,0.802618797839686,0.3330900973978719,0.8834184659107449,0.9614439749497273,0.8615668075150817,1425838.2901814221,3659143.9370381194,2127031.81174881,0.88,0.84,0.31,0.88,0.08,"NBS China Statistical Yearbook 2025, Table 12-15",calibrated reconstruction; not historical author input
x_r19_s4_m2,r19,CN-GD,Guangdong,广东,4,freshwater_aquaculture,淡水养殖,2,deep_processing,深加工,4508000.0,4360136.129500509,0.22,959229.9484901121,1151075.9381881345,0.13133537206931703,0.45332317764958413,1.2459214794016555,0.802618797839686,0.3330900973978719,0.8834184659107449,0.9614439749497273,0.8615668075150817,1425838.2901814221,3659143.9370381194,2127031.81174881,1.06,1.2,0.39,0.91,0.08,"NBS China Statistical Yearbook 2025, Table 12-15",calibrated reconstruction; not historical author input
x_r20_s1_m1,r20,CN-GX,Guangxi,广西,1,marine_capture,海洋捕捞,1,fresh_sales,鲜销,492000.0,475862.23951070337,0.62,295034.5884966361,354041.5061959633,0.0528304451240231,0.37821402386675584,0.7533765793677688,1.3273574297188755,0.4832400409131784,0.8308659856803876,0.8602273044129157,0.8919318086761252,570879.0398795869,1388197.2962235094,867065.583876537,0.65,0.62,0.29,0.28,1.0,"NBS China Statistical Yearbook 2025, Table 12-15",calibrated reconstruction; not historical author input
x_r20_s1_m2,r20,CN-GX,Guangxi,广西,1,marine_capture,海洋捕捞,2,deep_processing,深加工,492000.0,475862.23951070337,0.38,180827.6510140673,216993.18121688074,0.0528304451240231,0.37821402386675584,0.7533765793677688,1.3273574297188755,0.4832400409131784,0.8308659856803876,0.8602273044129157,0.8919318086761252,570879.0398795869,1388197.2962235094,867065.583876537,0.82,0.95,0.36,0.31,1.0,"NBS China Statistical Yearbook 2025, Table 12-15",calibrated reconstruction; not historical author input
x_r20_s2_m1,r20,CN-GX,Guangxi,广西,2,freshwater_capture,淡水捕捞,1,fresh_sales,鲜销,76000.0,73507.17520897044,0.67,49249.807390010195,59099.76886801223,0.0528304451240231,0.37821402386675584,0.7533765793677688,1.3273574297188755,0.4832400409131784,0.8308659856803876,0.8602273044129157,0.8919318086761252,570879.0398795869,1388197.2962235094,867065.583876537,0.7,0.67,0.26,0.42,0.7,"NBS China Statistical Yearbook 2025, Table 12-15",calibrated reconstruction; not historical author input
x_r20_s2_m2,r20,CN-GX,Guangxi,广西,2,freshwater_capture,淡水捕捞,2,deep_processing,深加工,76000.0,73507.17520897044,0.33,24257.367818960247,29108.841382752296,0.0528304451240231,0.37821402386675584,0.7533765793677688,1.3273574297188755,0.4832400409131784,0.8308659856803876,0.8602273044129157,0.8919318086761252,570879.0398795869,1388197.2962235094,867065.583876537,0.86,0.99,0.34,0.45,0.7,"NBS China Statistical Yearbook 2025, Table 12-15",calibrated reconstruction; not historical author input
x_r20_s3_m1,r20,CN-GX,Guangxi,广西,3,marine_aquaculture,海水养殖,1,fresh_sales,鲜销,1793000.0,1734189.015127421,0.74,1283299.8711942914,1539959.8454331497,0.0528304451240231,0.37821402386675584,0.7533765793677688,1.3273574297188755,0.4832400409131784,0.8308659856803876,0.8602273044129157,0.8919318086761252,570879.0398795869,1388197.2962235094,867065.583876537,0.84,0.8,0.33,0.78,0.11,"NBS China Statistical Yearbook 2025, Table 12-15",calibrated reconstruction; not historical author input
x_r20_s3_m2,r20,CN-GX,Guangxi,广西,3,marine_aquaculture,海水养殖,2,deep_processing,深加工,1793000.0,1734189.015127421,0.26,450889.14393312944,541066.9727197553,0.0528304451240231,0.37821402386675584,0.7533765793677688,1.3273574297188755,0.4832400409131784,0.8308659856803876,0.8602273044129157,0.8919318086761252,570879.0398795869,1388197.2962235094,867065.583876537,1.02,1.16,0.41,0.81,0.11,"NBS China Statistical Yearbook 2025, Table 12-15",calibrated reconstruction; not historical author input
x_r20_s4_m1,r20,CN-GX,Guangxi,广西,4,freshwater_aquaculture,淡水养殖,1,fresh_sales,鲜销,1526000.0,1475946.7022222222,0.78,1151238.4277333333,1381486.11328,0.0528304451240231,0.37821402386675584,0.7533765793677688,1.3273574297188755,0.4832400409131784,0.8308659856803876,0.8602273044129157,0.8919318086761252,570879.0398795869,1388197.2962235094,867065.583876537,0.88,0.84,0.31,0.88,0.08,"NBS China Statistical Yearbook 2025, Table 12-15",calibrated reconstruction; not historical author input
x_r20_s4_m2,r20,CN-GX,Guangxi,广西,4,freshwater_aquaculture,淡水养殖,2,deep_processing,深加工,1526000.0,1475946.7022222222,0.22,324708.2744888889,389649.9293866667,0.0528304451240231,0.37821402386675584,0.7533765793677688,1.3273574297188755,0.4832400409131784,0.8308659856803876,0.8602273044129157,0.8919318086761252,570879.0398795869,1388197.2962235094,867065.583876537,1.06,1.2,0.39,0.91,0.08,"NBS China Statistical Yearbook 2025, Table 12-15",calibrated reconstruction; not historical author input
x_r21_s1_m1,r21,CN-HI,Hainan,海南,1,marine_capture,海洋捕捞,1,fresh_sales,鲜销,1013000.0,979773.2695616718,0.62,607459.4271282365,728951.3125538838,0.024655113829425757,0.563891669883755,0.8430314179212858,1.1861954118694191,0.42569323520034785,0.8510073676798783,0.45519995500526167,1.0134400134984214,239414.63837035422,491512.68898010586,1267814.0045217758,0.65,0.62,0.29,0.28,1.0,"NBS China Statistical Yearbook 2025, Table 12-15",calibrated reconstruction; not historical author input
x_r21_s1_m2,r21,CN-HI,Hainan,海南,1,marine_capture,海洋捕捞,2,deep_processing,深加工,1013000.0,979773.2695616718,0.38,372313.84243343526,446776.6109201223,0.024655113829425757,0.563891669883755,0.8430314179212858,1.1861954118694191,0.42569323520034785,0.8510073676798783,0.45519995500526167,1.0134400134984214,239414.63837035422,491512.68898010586,1267814.0045217758,0.82,0.95,0.36,0.31,1.0,"NBS China Statistical Yearbook 2025, Table 12-15",calibrated reconstruction; not historical author input
x_r21_s2_m1,r21,CN-HI,Hainan,海南,2,freshwater_capture,淡水捕捞,1,fresh_sales,鲜销,11000.0,10639.196411824669,0.67,7128.261595922529,8553.913915107034,0.024655113829425757,0.563891669883755,0.8430314179212858,1.1861954118694191,0.42569323520034785,0.8510073676798783,0.45519995500526167,1.0134400134984214,239414.63837035422,491512.68898010586,1267814.0045217758,0.7,0.67,0.26,0.42,0.7,"NBS China Statistical Yearbook 2025, Table 12-15",calibrated reconstruction; not historical author input
x_r21_s2_m2,r21,CN-HI,Hainan,海南,2,freshwater_capture,淡水捕捞,2,deep_processing,深加工,11000.0,10639.196411824669,0.33,3510.934815902141,4213.121779082569,0.024655113829425757,0.563891669883755,0.8430314179212858,1.1861954118694191,0.42569323520034785,0.8510073676798783,0.45519995500526167,1.0134400134984214,239414.63837035422,491512.68898010586,1267814.0045217758,0.86,0.99,0.34,0.45,0.7,"NBS China Statistical Yearbook 2025, Table 12-15",calibrated reconstruction; not historical author input
x_r21_s3_m1,r21,CN-HI,Hainan,海南,3,marine_aquaculture,海水养殖,1,fresh_sales,鲜销,306000.0,295963.10018348624,0.74,219012.6941357798,262815.23296293576,0.024655113829425757,0.563891669883755,0.8430314179212858,1.1861954118694191,0.42569323520034785,0.8510073676798783,0.45519995500526167,1.0134400134984214,239414.63837035422,491512.68898010586,1267814.0045217758,0.84,0.8,0.33,0.78,0.11,"NBS China Statistical Yearbook 2025, Table 12-15",calibrated reconstruction; not historical author input
x_r21_s3_m2,r21,CN-HI,Hainan,海南,3,marine_aquaculture,海水养殖,2,deep_processing,深加工,306000.0,295963.10018348624,0.26,76950.40604770642,92340.4872572477,0.024655113829425757,0.563891669883755,0.8430314179212858,1.1861954118694191,0.42569323520034785,0.8510073676798783,0.45519995500526167,1.0134400134984214,239414.63837035422,491512.68898010586,1267814.0045217758,1.02,1.16,0.41,0.81,0.11,"NBS China Statistical Yearbook 2025, Table 12-15",calibrated reconstruction; not historical author input
x_r21_s4_m1,r21,CN-HI,Hainan,海南,4,freshwater_aquaculture,淡水养殖,1,fresh_sales,鲜销,484000.0,468124.6421202854,0.78,365137.22085382266,438164.6650245872,0.024655113829425757,0.563891669883755,0.8430314179212858,1.1861954118694191,0.42569323520034785,0.8510073676798783,0.45519995500526167,1.0134400134984214,239414.63837035422,491512.68898010586,1267814.0045217758,0.88,0.84,0.31,0.88,0.08,"NBS China Statistical Yearbook 2025, Table 12-15",calibrated reconstruction; not historical author input
x_r21_s4_m2,r21,CN-HI,Hainan,海南,4,freshwater_aquaculture,淡水养殖,2,deep_processing,深加工,484000.0,468124.6421202854,0.22,102987.4212664628,123584.90551975535,0.024655113829425757,0.563891669883755,0.8430314179212858,1.1861954118694191,0.42569323520034785,0.8510073676798783,0.45519995500526167,1.0134400134984214,239414.63837035422,491512.68898010586,1267814.0045217758,1.06,1.2,0.39,0.91,0.08,"NBS China Statistical Yearbook 2025, Table 12-15",calibrated reconstruction; not historical author input
x_r22_s1_m1,r22,CN-CQ,Chongqing,重庆,1,marine_capture,海洋捕捞,1,fresh_sales,鲜销,0.0,0.0,0.62,0.0,0.0,0.008318042813455658,0.6334841983317789,0.9612480030982233,1.0403142547780324,0.31459774850064587,0.889890788024774,0.7377580610334322,0.9286725816899702,140083.37344449395,202620.34775473241,34803.183402140785,0.65,0.62,0.29,0.28,1.0,"NBS China Statistical Yearbook 2025, Table 12-15",calibrated reconstruction; not historical author input
x_r22_s1_m2,r22,CN-CQ,Chongqing,重庆,1,marine_capture,海洋捕捞,2,deep_processing,深加工,0.0,0.0,0.38,0.0,0.0,0.008318042813455658,0.6334841983317789,0.9612480030982233,1.0403142547780324,0.31459774850064587,0.889890788024774,0.7377580610334322,0.9286725816899702,140083.37344449395,202620.34775473241,34803.183402140785,0.82,0.95,0.36,0.31,1.0,"NBS China Statistical Yearbook 2025, Table 12-15",calibrated reconstruction; not historical author input
x_r22_s2_m1,r22,CN-CQ,Chongqing,重庆,2,freshwater_capture,淡水捕捞,1,fresh_sales,鲜销,0.0,0.0,0.67,0.0,0.0,0.008318042813455658,0.6334841983317789,0.9612480030982233,1.0403142547780324,0.31459774850064587,0.889890788024774,0.7377580610334322,0.9286725816899702,140083.37344449395,202620.34775473241,34803.183402140785,0.7,0.67,0.26,0.42,0.7,"NBS China Statistical Yearbook 2025, Table 12-15",calibrated reconstruction; not historical author input
x_r22_s2_m2,r22,CN-CQ,Chongqing,重庆,2,freshwater_capture,淡水捕捞,2,deep_processing,深加工,0.0,0.0,0.33,0.0,0.0,0.008318042813455658,0.6334841983317789,0.9612480030982233,1.0403142547780324,0.31459774850064587,0.889890788024774,0.7377580610334322,0.9286725816899702,140083.37344449395,202620.34775473241,34803.183402140785,0.86,0.99,0.34,0.45,0.7,"NBS China Statistical Yearbook 2025, Table 12-15",calibrated reconstruction; not historical author input
x_r22_s3_m1,r22,CN-CQ,Chongqing,重庆,3,marine_aquaculture,海水养殖,1,fresh_sales,鲜销,0.0,0.0,0.74,0.0,0.0,0.008318042813455658,0.6334841983317789,0.9612480030982233,1.0403142547780324,0.31459774850064587,0.889890788024774,0.7377580610334322,0.9286725816899702,140083.37344449395,202620.34775473241,34803.183402140785,0.84,0.8,0.33,0.78,0.11,"NBS China Statistical Yearbook 2025, Table 12-15",calibrated reconstruction; not historical author input
x_r22_s3_m2,r22,CN-CQ,Chongqing,重庆,3,marine_aquaculture,海水养殖,2,deep_processing,深加工,0.0,0.0,0.26,0.0,0.0,0.008318042813455658,0.6334841983317789,0.9612480030982233,1.0403142547780324,0.31459774850064587,0.889890788024774,0.7377580610334322,0.9286725816899702,140083.37344449395,202620.34775473241,34803.183402140785,1.02,1.16,0.41,0.81,0.11,"NBS China Statistical Yearbook 2025, Table 12-15",calibrated reconstruction; not historical author input
x_r22_s4_m1,r22,CN-CQ,Chongqing,重庆,4,freshwater_aquaculture,淡水养殖,1,fresh_sales,鲜销,612000.0,591926.2003669725,0.78,461702.43628623855,554042.9235434863,0.008318042813455658,0.6334841983317789,0.9612480030982233,1.0403142547780324,0.31459774850064587,0.889890788024774,0.7377580610334322,0.9286725816899702,140083.37344449395,202620.34775473241,34803.183402140785,0.88,0.84,0.31,0.88,0.08,"NBS China Statistical Yearbook 2025, Table 12-15",calibrated reconstruction; not historical author input
x_r22_s4_m2,r22,CN-CQ,Chongqing,重庆,4,freshwater_aquaculture,淡水养殖,2,deep_processing,深加工,612000.0,591926.2003669725,0.22,130223.76408073395,156268.51689688073,0.008318042813455658,0.6334841983317789,0.9612480030982233,1.0403142547780324,0.31459774850064587,0.889890788024774,0.7377580610334322,0.9286725816899702,140083.37344449395,202620.34775473241,34803.183402140785,1.06,1.2,0.39,0.91,0.08,"NBS China Statistical Yearbook 2025, Table 12-15",calibrated reconstruction; not historical author input
x_r23_s1_m1,r23,CN-SC,Sichuan,四川,1,marine_capture,海洋捕捞,1,fresh_sales,鲜销,0.0,0.0,0.62,0.0,0.0,0.0254434250764526,0.43510878700319344,0.8308321634312824,1.2036125273124545,0.39311963064445243,0.8624081292744417,0.8289131021476875,0.9013260693556937,399348.72748089634,656089.8127544336,106456.79628890124,0.65,0.62,0.29,0.28,1.0,"NBS China Statistical Yearbook 2025, Table 12-15",calibrated reconstruction; not historical author input
x_r23_s1_m2,r23,CN-SC,Sichuan,四川,1,marine_capture,海洋捕捞,2,deep_processing,深加工,0.0,0.0,0.38,0.0,0.0,0.0254434250764526,0.43510878700319344,0.8308321634312824,1.2036125273124545,0.39311963064445243,0.8624081292744417,0.8289131021476875,0.9013260693556937,399348.72748089634,656089.8127544336,106456.79628890124,0.82,0.95,0.36,0.31,1.0,"NBS China Statistical Yearbook 2025, Table 12-15",calibrated reconstruction; not historical author input
x_r23_s2_m1,r23,CN-SC,Sichuan,四川,2,freshwater_capture,淡水捕捞,1,fresh_sales,鲜销,0.0,0.0,0.67,0.0,0.0,0.0254434250764526,0.43510878700319344,0.8308321634312824,1.2036125273124545,0.39311963064445243,0.8624081292744417,0.8289131021476875,0.9013260693556937,399348.72748089634,656089.8127544336,106456.79628890124,0.7,0.67,0.26,0.42,0.7,"NBS China Statistical Yearbook 2025, Table 12-15",calibrated reconstruction; not historical author input
x_r23_s2_m2,r23,CN-SC,Sichuan,四川,2,freshwater_capture,淡水捕捞,2,deep_processing,深加工,0.0,0.0,0.33,0.0,0.0,0.0254434250764526,0.43510878700319344,0.8308321634312824,1.2036125273124545,0.39311963064445243,0.8624081292744417,0.8289131021476875,0.9013260693556937,399348.72748089634,656089.8127544336,106456.79628890124,0.86,0.99,0.34,0.45,0.7,"NBS China Statistical Yearbook 2025, Table 12-15",calibrated reconstruction; not historical author input
x_r23_s3_m1,r23,CN-SC,Sichuan,四川,3,marine_aquaculture,海水养殖,1,fresh_sales,鲜销,0.0,0.0,0.74,0.0,0.0,0.0254434250764526,0.43510878700319344,0.8308321634312824,1.2036125273124545,0.39311963064445243,0.8624081292744417,0.8289131021476875,0.9013260693556937,399348.72748089634,656089.8127544336,106456.79628890124,0.84,0.8,0.33,0.78,0.11,"NBS China Statistical Yearbook 2025, Table 12-15",calibrated reconstruction; not historical author input
x_r23_s3_m2,r23,CN-SC,Sichuan,四川,3,marine_aquaculture,海水养殖,2,deep_processing,深加工,0.0,0.0,0.26,0.0,0.0,0.0254434250764526,0.43510878700319344,0.8308321634312824,1.2036125273124545,0.39311963064445243,0.8624081292744417,0.8289131021476875,0.9013260693556937,399348.72748089634,656089.8127544336,106456.79628890124,1.02,1.16,0.41,0.81,0.11,"NBS China Statistical Yearbook 2025, Table 12-15",calibrated reconstruction; not historical author input
x_r23_s4_m1,r23,CN-SC,Sichuan,四川,4,freshwater_aquaculture,淡水养殖,1,fresh_sales,鲜销,1872000.0,1810597.7893577982,0.78,1412266.2756990825,1694719.530838899,0.0254434250764526,0.43510878700319344,0.8308321634312824,1.2036125273124545,0.39311963064445243,0.8624081292744417,0.8289131021476875,0.9013260693556937,399348.72748089634,656089.8127544336,106456.79628890124,0.88,0.84,0.31,0.88,0.08,"NBS China Statistical Yearbook 2025, Table 12-15",calibrated reconstruction; not historical author input
x_r23_s4_m2,r23,CN-SC,Sichuan,四川,4,freshwater_aquaculture,淡水养殖,2,deep_processing,深加工,1872000.0,1810597.7893577982,0.22,398331.5136587156,477997.81639045867,0.0254434250764526,0.43510878700319344,0.8308321634312824,1.2036125273124545,0.39311963064445243,0.8624081292744417,0.8289131021476875,0.9013260693556937,399348.72748089634,656089.8127544336,106456.79628890124,1.06,1.2,0.39,0.91,0.08,"NBS China Statistical Yearbook 2025, Table 12-15",calibrated reconstruction; not historical author input
x_r24_s1_m1,r24,CN-GZ,Guizhou,贵州,1,marine_capture,海洋捕捞,1,fresh_sales,鲜销,0.0,0.0,0.62,0.0,0.0,0.004009514101257221,0.44410507867319804,0.6913152926368785,1.4465179790623577,0.560461594127253,0.8038384420554614,0.6944685446513305,0.9416594366046007,116084.62533507406,94950.96744433834,21325.480025821562,0.65,0.62,0.29,0.28,1.0,"NBS China Statistical Yearbook 2025, Table 12-15",calibrated reconstruction; not historical author input
x_r24_s1_m2,r24,CN-GZ,Guizhou,贵州,1,marine_capture,海洋捕捞,2,deep_processing,深加工,0.0,0.0,0.38,0.0,0.0,0.004009514101257221,0.44410507867319804,0.6913152926368785,1.4465179790623577,0.560461594127253,0.8038384420554614,0.6944685446513305,0.9416594366046007,116084.62533507406,94950.96744433834,21325.480025821562,0.82,0.95,0.36,0.31,1.0,"NBS China Statistical Yearbook 2025, Table 12-15",calibrated reconstruction; not historical author input
x_r24_s2_m1,r24,CN-GZ,Guizhou,贵州,2,freshwater_capture,淡水捕捞,1,fresh_sales,鲜销,4000.0,3868.7986952089705,0.67,2592.0951257900106,3110.5141509480127,0.004009514101257221,0.44410507867319804,0.6913152926368785,1.4465179790623577,0.560461594127253,0.8038384420554614,0.6944685446513305,0.9416594366046007,116084.62533507406,94950.96744433834,21325.480025821562,0.7,0.67,0.26,0.42,0.7,"NBS China Statistical Yearbook 2025, Table 12-15",calibrated reconstruction; not historical author input
x_r24_s2_m2,r24,CN-GZ,Guizhou,贵州,2,freshwater_capture,淡水捕捞,2,deep_processing,深加工,4000.0,3868.7986952089705,0.33,1276.7035694189603,1532.0442833027523,0.004009514101257221,0.44410507867319804,0.6913152926368785,1.4465179790623577,0.560461594127253,0.8038384420554614,0.6944685446513305,0.9416594366046007,116084.62533507406,94950.96744433834,21325.480025821562,0.86,0.99,0.34,0.45,0.7,"NBS China Statistical Yearbook 2025, Table 12-15",calibrated reconstruction; not historical author input
x_r24_s3_m1,r24,CN-GZ,Guizhou,贵州,3,marine_aquaculture,海水养殖,1,fresh_sales,鲜销,0.0,0.0,0.74,0.0,0.0,0.004009514101257221,0.44410507867319804,0.6913152926368785,1.4465179790623577,0.560461594127253,0.8038384420554614,0.6944685446513305,0.9416594366046007,116084.62533507406,94950.96744433834,21325.480025821562,0.84,0.8,0.33,0.78,0.11,"NBS China Statistical Yearbook 2025, Table 12-15",calibrated reconstruction; not historical author input
x_r24_s3_m2,r24,CN-GZ,Guizhou,贵州,3,marine_aquaculture,海水养殖,2,deep_processing,深加工,0.0,0.0,0.26,0.0,0.0,0.004009514101257221,0.44410507867319804,0.6913152926368785,1.4465179790623577,0.560461594127253,0.8038384420554614,0.6944685446513305,0.9416594366046007,116084.62533507406,94950.96744433834,21325.480025821562,1.02,1.16,0.41,0.81,0.11,"NBS China Statistical Yearbook 2025, Table 12-15",calibrated reconstruction; not historical author input
x_r24_s4_m1,r24,CN-GZ,Guizhou,贵州,4,freshwater_aquaculture,淡水养殖,1,fresh_sales,鲜销,291000.0,281455.1050764526,0.78,219534.98195963303,263441.9783515596,0.004009514101257221,0.44410507867319804,0.6913152926368785,1.4465179790623577,0.560461594127253,0.8038384420554614,0.6944685446513305,0.9416594366046007,116084.62533507406,94950.96744433834,21325.480025821562,0.88,0.84,0.31,0.88,0.08,"NBS China Statistical Yearbook 2025, Table 12-15",calibrated reconstruction; not historical author input
x_r24_s4_m2,r24,CN-GZ,Guizhou,贵州,4,freshwater_aquaculture,淡水养殖,2,deep_processing,深加工,291000.0,281455.1050764526,0.22,61920.12311681957,74304.14774018349,0.004009514101257221,0.44410507867319804,0.6913152926368785,1.4465179790623577,0.560461594127253,0.8038384420554614,0.6944685446513305,0.9416594366046007,116084.62533507406,94950.96744433834,21325.480025821562,1.06,1.2,0.39,0.91,0.08,"NBS China Statistical Yearbook 2025, Table 12-15",calibrated reconstruction; not historical author input
x_r25_s1_m1,r25,CN-YN,Yunnan,云南,1,marine_capture,海洋捕捞,1,fresh_sales,鲜销,0.0,0.0,0.62,0.0,0.0,0.009785932721712538,0.38145060048654467,0.7245001694340901,1.3802619270346117,0.38101040013482257,0.8666463599528121,0.7559332439065971,0.9232200268280208,183666.29791742834,241161.39821333138,72790.97182147093,0.65,0.62,0.29,0.28,1.0,"NBS China Statistical Yearbook 2025, Table 12-15",calibrated reconstruction; not historical author input
x_r25_s1_m2,r25,CN-YN,Yunnan,云南,1,marine_capture,海洋捕捞,2,deep_processing,深加工,0.0,0.0,0.38,0.0,0.0,0.009785932721712538,0.38145060048654467,0.7245001694340901,1.3802619270346117,0.38101040013482257,0.8666463599528121,0.7559332439065971,0.9232200268280208,183666.29791742834,241161.39821333138,72790.97182147093,0.82,0.95,0.36,0.31,1.0,"NBS China Statistical Yearbook 2025, Table 12-15",calibrated reconstruction; not historical author input
x_r25_s2_m1,r25,CN-YN,Yunnan,云南,2,freshwater_capture,淡水捕捞,1,fresh_sales,鲜销,28000.0,27081.590866462793,0.67,18144.665880530072,21773.599056636085,0.009785932721712538,0.38145060048654467,0.7245001694340901,1.3802619270346117,0.38101040013482257,0.8666463599528121,0.7559332439065971,0.9232200268280208,183666.29791742834,241161.39821333138,72790.97182147093,0.7,0.67,0.26,0.42,0.7,"NBS China Statistical Yearbook 2025, Table 12-15",calibrated reconstruction; not historical author input
x_r25_s2_m2,r25,CN-YN,Yunnan,云南,2,freshwater_capture,淡水捕捞,2,deep_processing,深加工,28000.0,27081.590866462793,0.33,8936.924985932723,10724.309983119267,0.009785932721712538,0.38145060048654467,0.7245001694340901,1.3802619270346117,0.38101040013482257,0.8666463599528121,0.7559332439065971,0.9232200268280208,183666.29791742834,241161.39821333138,72790.97182147093,0.86,0.99,0.34,0.45,0.7,"NBS China Statistical Yearbook 2025, Table 12-15",calibrated reconstruction; not historical author input
x_r25_s3_m1,r25,CN-YN,Yunnan,云南,3,marine_aquaculture,海水养殖,1,fresh_sales,鲜销,0.0,0.0,0.74,0.0,0.0,0.009785932721712538,0.38145060048654467,0.7245001694340901,1.3802619270346117,0.38101040013482257,0.8666463599528121,0.7559332439065971,0.9232200268280208,183666.29791742834,241161.39821333138,72790.97182147093,0.84,0.8,0.33,0.78,0.11,"NBS China Statistical Yearbook 2025, Table 12-15",calibrated reconstruction; not historical author input
x_r25_s3_m2,r25,CN-YN,Yunnan,云南,3,marine_aquaculture,海水养殖,2,deep_processing,深加工,0.0,0.0,0.26,0.0,0.0,0.009785932721712538,0.38145060048654467,0.7245001694340901,1.3802619270346117,0.38101040013482257,0.8666463599528121,0.7559332439065971,0.9232200268280208,183666.29791742834,241161.39821333138,72790.97182147093,1.02,1.16,0.41,0.81,0.11,"NBS China Statistical Yearbook 2025, Table 12-15",calibrated reconstruction; not historical author input
x_r25_s4_m1,r25,CN-YN,Yunnan,云南,4,freshwater_aquaculture,淡水养殖,1,fresh_sales,鲜销,692000.0,669302.1742711519,0.78,522055.6959314985,626466.8351177982,0.009785932721712538,0.38145060048654467,0.7245001694340901,1.3802619270346117,0.38101040013482257,0.8666463599528121,0.7559332439065971,0.9232200268280208,183666.29791742834,241161.39821333138,72790.97182147093,0.88,0.84,0.31,0.88,0.08,"NBS China Statistical Yearbook 2025, Table 12-15",calibrated reconstruction; not historical author input
x_r25_s4_m2,r25,CN-YN,Yunnan,云南,4,freshwater_aquaculture,淡水养殖,2,deep_processing,深加工,692000.0,669302.1742711519,0.22,147246.4783396534,176695.77400758408,0.009785932721712538,0.38145060048654467,0.7245001694340901,1.3802619270346117,0.38101040013482257,0.8666463599528121,0.7559332439065971,0.9232200268280208,183666.29791742834,241161.39821333138,72790.97182147093,1.06,1.2,0.39,0.91,0.08,"NBS China Statistical Yearbook 2025, Table 12-15",calibrated reconstruction; not historical author input
x_r26_s1_m1,r26,CN-XZ,Tibet,西藏,1,marine_capture,海洋捕捞,1,fresh_sales,鲜销,0.0,0.0,0.62,0.0,0.0,0.0,0.364149324754526,0.7590163140823933,1.3174947381848332,1.0,0.65,0.0,1.15,7736.814503512814,1.0,0.0,0.65,0.62,0.29,0.28,1.0,"NBS China Statistical Yearbook 2025, Table 12-15",calibrated reconstruction; not historical author input
x_r26_s1_m2,r26,CN-XZ,Tibet,西藏,1,marine_capture,海洋捕捞,2,deep_processing,深加工,0.0,0.0,0.38,0.0,0.0,0.0,0.364149324754526,0.7590163140823933,1.3174947381848332,1.0,0.65,0.0,1.15,7736.814503512814,1.0,0.0,0.82,0.95,0.36,0.31,1.0,"NBS China Statistical Yearbook 2025, Table 12-15",calibrated reconstruction; not historical author input
x_r26_s2_m1,r26,CN-XZ,Tibet,西藏,2,freshwater_capture,淡水捕捞,1,fresh_sales,鲜销,0.0,0.0,0.67,0.0,0.0,0.0,0.364149324754526,0.7590163140823933,1.3174947381848332,1.0,0.65,0.0,1.15,7736.814503512814,1.0,0.0,0.7,0.67,0.26,0.42,0.7,"NBS China Statistical Yearbook 2025, Table 12-15",calibrated reconstruction; not historical author input
x_r26_s2_m2,r26,CN-XZ,Tibet,西藏,2,freshwater_capture,淡水捕捞,2,deep_processing,深加工,0.0,0.0,0.33,0.0,0.0,0.0,0.364149324754526,0.7590163140823933,1.3174947381848332,1.0,0.65,0.0,1.15,7736.814503512814,1.0,0.0,0.86,0.99,0.34,0.45,0.7,"NBS China Statistical Yearbook 2025, Table 12-15",calibrated reconstruction; not historical author input
x_r26_s3_m1,r26,CN-XZ,Tibet,西藏,3,marine_aquaculture,海水养殖,1,fresh_sales,鲜销,0.0,0.0,0.74,0.0,0.0,0.0,0.364149324754526,0.7590163140823933,1.3174947381848332,1.0,0.65,0.0,1.15,7736.814503512814,1.0,0.0,0.84,0.8,0.33,0.78,0.11,"NBS China Statistical Yearbook 2025, Table 12-15",calibrated reconstruction; not historical author input
x_r26_s3_m2,r26,CN-XZ,Tibet,西藏,3,marine_aquaculture,海水养殖,2,deep_processing,深加工,0.0,0.0,0.26,0.0,0.0,0.0,0.364149324754526,0.7590163140823933,1.3174947381848332,1.0,0.65,0.0,1.15,7736.814503512814,1.0,0.0,1.02,1.16,0.41,0.81,0.11,"NBS China Statistical Yearbook 2025, Table 12-15",calibrated reconstruction; not historical author input
x_r26_s4_m1,r26,CN-XZ,Tibet,西藏,4,freshwater_aquaculture,淡水养殖,1,fresh_sales,鲜销,0.0,0.0,0.78,0.0,0.0,0.0,0.364149324754526,0.7590163140823933,1.3174947381848332,1.0,0.65,0.0,1.15,7736.814503512814,1.0,0.0,0.88,0.84,0.31,0.88,0.08,"NBS China Statistical Yearbook 2025, Table 12-15",calibrated reconstruction; not historical author input
x_r26_s4_m2,r26,CN-XZ,Tibet,西藏,4,freshwater_aquaculture,淡水养殖,2,deep_processing,深加工,0.0,0.0,0.22,0.0,0.0,0.0,0.364149324754526,0.7590163140823933,1.3174947381848332,1.0,0.65,0.0,1.15,7736.814503512814,1.0,0.0,1.06,1.2,0.39,0.91,0.08,"NBS China Statistical Yearbook 2025, Table 12-15",calibrated reconstruction; not historical author input
x_r27_s1_m1,r27,CN-SN,Shaanxi,陕西,1,marine_capture,海洋捕捞,1,fresh_sales,鲜销,0.0,0.0,0.62,0.0,0.0,0.00254162419300034,0.4202640945369132,0.8206661180229462,1.218522341837487,0.20954876707817896,0.9266579315226373,0.8084764011845795,0.9074570796446261,105079.96301476932,64725.697727397834,10634.30603954302,0.65,0.62,0.29,0.28,1.0,"NBS China Statistical Yearbook 2025, Table 12-15",calibrated reconstruction; not historical author input
x_r27_s1_m2,r27,CN-SN,Shaanxi,陕西,1,marine_capture,海洋捕捞,2,deep_processing,深加工,0.0,0.0,0.38,0.0,0.0,0.00254162419300034,0.4202640945369132,0.8206661180229462,1.218522341837487,0.20954876707817896,0.9266579315226373,0.8084764011845795,0.9074570796446261,105079.96301476932,64725.697727397834,10634.30603954302,0.82,0.95,0.36,0.31,1.0,"NBS China Statistical Yearbook 2025, Table 12-15",calibrated reconstruction; not historical author input
x_r27_s2_m1,r27,CN-SN,Shaanxi,陕西,2,freshwater_capture,淡水捕捞,1,fresh_sales,鲜销,0.0,0.0,0.67,0.0,0.0,0.00254162419300034,0.4202640945369132,0.8206661180229462,1.218522341837487,0.20954876707817896,0.9266579315226373,0.8084764011845795,0.9074570796446261,105079.96301476932,64725.697727397834,10634.30603954302,0.7,0.67,0.26,0.42,0.7,"NBS China Statistical Yearbook 2025, Table 12-15",calibrated reconstruction; not historical author input
x_r27_s2_m2,r27,CN-SN,Shaanxi,陕西,2,freshwater_capture,淡水捕捞,2,deep_processing,深加工,0.0,0.0,0.33,0.0,0.0,0.00254162419300034,0.4202640945369132,0.8206661180229462,1.218522341837487,0.20954876707817896,0.9266579315226373,0.8084764011845795,0.9074570796446261,105079.96301476932,64725.697727397834,10634.30603954302,0.86,0.99,0.34,0.45,0.7,"NBS China Statistical Yearbook 2025, Table 12-15",calibrated reconstruction; not historical author input
x_r27_s3_m1,r27,CN-SN,Shaanxi,陕西,3,marine_aquaculture,海水养殖,1,fresh_sales,鲜销,0.0,0.0,0.74,0.0,0.0,0.00254162419300034,0.4202640945369132,0.8206661180229462,1.218522341837487,0.20954876707817896,0.9266579315226373,0.8084764011845795,0.9074570796446261,105079.96301476932,64725.697727397834,10634.30603954302,0.84,0.8,0.33,0.78,0.11,"NBS China Statistical Yearbook 2025, Table 12-15",calibrated reconstruction; not historical author input
x_r27_s3_m2,r27,CN-SN,Shaanxi,陕西,3,marine_aquaculture,海水养殖,2,deep_processing,深加工,0.0,0.0,0.26,0.0,0.0,0.00254162419300034,0.4202640945369132,0.8206661180229462,1.218522341837487,0.20954876707817896,0.9266579315226373,0.8084764011845795,0.9074570796446261,105079.96301476932,64725.697727397834,10634.30603954302,1.02,1.16,0.41,0.81,0.11,"NBS China Statistical Yearbook 2025, Table 12-15",calibrated reconstruction; not historical author input
x_r27_s4_m1,r27,CN-SN,Shaanxi,陕西,4,freshwater_aquaculture,淡水养殖,1,fresh_sales,鲜销,187000.0,180866.33900101937,0.78,141075.74442079512,169290.89330495414,0.00254162419300034,0.4202640945369132,0.8206661180229462,1.218522341837487,0.20954876707817896,0.9266579315226373,0.8084764011845795,0.9074570796446261,105079.96301476932,64725.697727397834,10634.30603954302,0.88,0.84,0.31,0.88,0.08,"NBS China Statistical Yearbook 2025, Table 12-15",calibrated reconstruction; not historical author input
x_r27_s4_m2,r27,CN-SN,Shaanxi,陕西,4,freshwater_aquaculture,淡水养殖,2,deep_processing,深加工,187000.0,180866.33900101937,0.22,39790.594580224264,47748.71349626911,0.00254162419300034,0.4202640945369132,0.8206661180229462,1.218522341837487,0.20954876707817896,0.9266579315226373,0.8084764011845795,0.9074570796446261,105079.96301476932,64725.697727397834,10634.30603954302,1.06,1.2,0.39,0.91,0.08,"NBS China Statistical Yearbook 2025, Table 12-15",calibrated reconstruction; not historical author input
x_r28_s1_m1,r28,CN-GS,Gansu,甘肃,1,marine_capture,海洋捕捞,1,fresh_sales,鲜销,0.0,0.0,0.62,0.0,0.0,0.0002310567448182127,0.3212096611692647,0.65,1.45,0.5920022743129795,0.7927992039904572,0.6269695354977473,0.9619091393506758,53435.859736869286,5227.584692847807,966.7550945039108,0.65,0.62,0.29,0.28,1.0,"NBS China Statistical Yearbook 2025, Table 12-15",calibrated reconstruction; not historical author input
x_r28_s1_m2,r28,CN-GS,Gansu,甘肃,1,marine_capture,海洋捕捞,2,deep_processing,深加工,0.0,0.0,0.38,0.0,0.0,0.0002310567448182127,0.3212096611692647,0.65,1.45,0.5920022743129795,0.7927992039904572,0.6269695354977473,0.9619091393506758,53435.859736869286,5227.584692847807,966.7550945039108,0.82,0.95,0.36,0.31,1.0,"NBS China Statistical Yearbook 2025, Table 12-15",calibrated reconstruction; not historical author input
x_r28_s2_m1,r28,CN-GS,Gansu,甘肃,2,freshwater_capture,淡水捕捞,1,fresh_sales,鲜销,0.0,0.0,0.67,0.0,0.0,0.0002310567448182127,0.3212096611692647,0.65,1.45,0.5920022743129795,0.7927992039904572,0.6269695354977473,0.9619091393506758,53435.859736869286,5227.584692847807,966.7550945039108,0.7,0.67,0.26,0.42,0.7,"NBS China Statistical Yearbook 2025, Table 12-15",calibrated reconstruction; not historical author input
x_r28_s2_m2,r28,CN-GS,Gansu,甘肃,2,freshwater_capture,淡水捕捞,2,deep_processing,深加工,0.0,0.0,0.33,0.0,0.0,0.0002310567448182127,0.3212096611692647,0.65,1.45,0.5920022743129795,0.7927992039904572,0.6269695354977473,0.9619091393506758,53435.859736869286,5227.584692847807,966.7550945039108,0.86,0.99,0.34,0.45,0.7,"NBS China Statistical Yearbook 2025, Table 12-15",calibrated reconstruction; not historical author input
x_r28_s3_m1,r28,CN-GS,Gansu,甘肃,3,marine_aquaculture,海水养殖,1,fresh_sales,鲜销,0.0,0.0,0.74,0.0,0.0,0.0002310567448182127,0.3212096611692647,0.65,1.45,0.5920022743129795,0.7927992039904572,0.6269695354977473,0.9619091393506758,53435.859736869286,5227.584692847807,966.7550945039108,0.84,0.8,0.33,0.78,0.11,"NBS China Statistical Yearbook 2025, Table 12-15",calibrated reconstruction; not historical author input
x_r28_s3_m2,r28,CN-GS,Gansu,甘肃,3,marine_aquaculture,海水养殖,2,deep_processing,深加工,0.0,0.0,0.26,0.0,0.0,0.0002310567448182127,0.3212096611692647,0.65,1.45,0.5920022743129795,0.7927992039904572,0.6269695354977473,0.9619091393506758,53435.859736869286,5227.584692847807,966.7550945039108,1.02,1.16,0.41,0.81,0.11,"NBS China Statistical Yearbook 2025, Table 12-15",calibrated reconstruction; not historical author input
x_r28_s4_m1,r28,CN-GS,Gansu,甘肃,4,freshwater_aquaculture,淡水养殖,1,fresh_sales,鲜销,17000.0,16442.394454638124,0.78,12825.067674617738,15390.081209541284,0.0002310567448182127,0.3212096611692647,0.65,1.45,0.5920022743129795,0.7927992039904572,0.6269695354977473,0.9619091393506758,53435.859736869286,5227.584692847807,966.7550945039108,0.88,0.84,0.31,0.88,0.08,"NBS China Statistical Yearbook 2025, Table 12-15",calibrated reconstruction; not historical author input
x_r28_s4_m2,r28,CN-GS,Gansu,甘肃,4,freshwater_aquaculture,淡水养殖,2,deep_processing,深加工,17000.0,16442.394454638124,0.22,3617.3267800203876,4340.7921360244645,0.0002310567448182127,0.3212096611692647,0.65,1.45,0.5920022743129795,0.7927992039904572,0.6269695354977473,0.9619091393506758,53435.859736869286,5227.584692847807,966.7550945039108,1.06,1.2,0.39,0.91,0.08,"NBS China Statistical Yearbook 2025, Table 12-15",calibrated reconstruction; not historical author input
x_r29_s1_m1,r29,CN-QH,Qinghai,青海,1,marine_capture,海洋捕捞,1,fresh_sales,鲜销,0.0,0.0,0.62,0.0,0.0,0.0002582398912674142,0.364506626719303,0.728978070387762,1.3717833781585151,0.6537572938238192,0.7711849471616633,0.31669361971435855,1.0549919140856923,14677.934819880486,4588.181820958523,5629.9267268168915,0.65,0.62,0.29,0.28,1.0,"NBS China Statistical Yearbook 2025, Table 12-15",calibrated reconstruction; not historical author input
x_r29_s1_m2,r29,CN-QH,Qinghai,青海,1,marine_capture,海洋捕捞,2,deep_processing,深加工,0.0,0.0,0.38,0.0,0.0,0.0002582398912674142,0.364506626719303,0.728978070387762,1.3717833781585151,0.6537572938238192,0.7711849471616633,0.31669361971435855,1.0549919140856923,14677.934819880486,4588.181820958523,5629.9267268168915,0.82,0.95,0.36,0.31,1.0,"NBS China Statistical Yearbook 2025, Table 12-15",calibrated reconstruction; not historical author input
x_r29_s2_m1,r29,CN-QH,Qinghai,青海,2,freshwater_capture,淡水捕捞,1,fresh_sales,鲜销,4000.0,3868.7986952089705,0.67,2592.0951257900106,3110.5141509480127,0.0002582398912674142,0.364506626719303,0.728978070387762,1.3717833781585151,0.6537572938238192,0.7711849471616633,0.31669361971435855,1.0549919140856923,14677.934819880486,4588.181820958523,5629.9267268168915,0.7,0.67,0.26,0.42,0.7,"NBS China Statistical Yearbook 2025, Table 12-15",calibrated reconstruction; not historical author input
x_r29_s2_m2,r29,CN-QH,Qinghai,青海,2,freshwater_capture,淡水捕捞,2,deep_processing,深加工,4000.0,3868.7986952089705,0.33,1276.7035694189603,1532.0442833027523,0.0002582398912674142,0.364506626719303,0.728978070387762,1.3717833781585151,0.6537572938238192,0.7711849471616633,0.31669361971435855,1.0549919140856923,14677.934819880486,4588.181820958523,5629.9267268168915,0.86,0.99,0.34,0.45,0.7,"NBS China Statistical Yearbook 2025, Table 12-15",calibrated reconstruction; not historical author input
x_r29_s3_m1,r29,CN-QH,Qinghai,青海,3,marine_aquaculture,海水养殖,1,fresh_sales,鲜销,0.0,0.0,0.74,0.0,0.0,0.0002582398912674142,0.364506626719303,0.728978070387762,1.3717833781585151,0.6537572938238192,0.7711849471616633,0.31669361971435855,1.0549919140856923,14677.934819880486,4588.181820958523,5629.9267268168915,0.84,0.8,0.33,0.78,0.11,"NBS China Statistical Yearbook 2025, Table 12-15",calibrated reconstruction; not historical author input
x_r29_s3_m2,r29,CN-QH,Qinghai,青海,3,marine_aquaculture,海水养殖,2,deep_processing,深加工,0.0,0.0,0.26,0.0,0.0,0.0002582398912674142,0.364506626719303,0.728978070387762,1.3717833781585151,0.6537572938238192,0.7711849471616633,0.31669361971435855,1.0549919140856923,14677.934819880486,4588.181820958523,5629.9267268168915,1.02,1.16,0.41,0.81,0.11,"NBS China Statistical Yearbook 2025, Table 12-15",calibrated reconstruction; not historical author input
x_r29_s4_m1,r29,CN-QH,Qinghai,青海,4,freshwater_aquaculture,淡水养殖,1,fresh_sales,鲜销,15000.0,14507.99510703364,0.78,11316.236183486239,13579.483420183486,0.0002582398912674142,0.364506626719303,0.728978070387762,1.3717833781585151,0.6537572938238192,0.7711849471616633,0.31669361971435855,1.0549919140856923,14677.934819880486,4588.181820958523,5629.9267268168915,0.88,0.84,0.31,0.88,0.08,"NBS China Statistical Yearbook 2025, Table 12-15",calibrated reconstruction; not historical author input
x_r29_s4_m2,r29,CN-QH,Qinghai,青海,4,freshwater_aquaculture,淡水养殖,2,deep_processing,深加工,15000.0,14507.99510703364,0.22,3191.7589235474006,3830.1107082568806,0.0002582398912674142,0.364506626719303,0.728978070387762,1.3717833781585151,0.6537572938238192,0.7711849471616633,0.31669361971435855,1.0549919140856923,14677.934819880486,4588.181820958523,5629.9267268168915,1.06,1.2,0.39,0.91,0.08,"NBS China Statistical Yearbook 2025, Table 12-15",calibrated reconstruction; not historical author input
x_r30_s1_m1,r30,CN-NX,Ningxia,宁夏,1,marine_capture,海洋捕捞,1,fresh_sales,鲜销,0.0,0.0,0.62,0.0,0.0,0.002432891607203534,0.38996584680694857,0.8073534395120299,1.2386149003147955,0.591671610826583,0.792914936210696,0.543503247697986,0.9869490256906042,36705.91631642474,51864.30082365826,18140.875008632207,0.65,0.62,0.29,0.28,1.0,"NBS China Statistical Yearbook 2025, Table 12-15",calibrated reconstruction; not historical author input
x_r30_s1_m2,r30,CN-NX,Ningxia,宁夏,1,marine_capture,海洋捕捞,2,deep_processing,深加工,0.0,0.0,0.38,0.0,0.0,0.002432891607203534,0.38996584680694857,0.8073534395120299,1.2386149003147955,0.591671610826583,0.792914936210696,0.543503247697986,0.9869490256906042,36705.91631642474,51864.30082365826,18140.875008632207,0.82,0.95,0.36,0.31,1.0,"NBS China Statistical Yearbook 2025, Table 12-15",calibrated reconstruction; not historical author input
x_r30_s2_m1,r30,CN-NX,Ningxia,宁夏,2,freshwater_capture,淡水捕捞,1,fresh_sales,鲜销,7000.0,6770.397716615698,0.67,4536.166470132518,5443.399764159021,0.002432891607203534,0.38996584680694857,0.8073534395120299,1.2386149003147955,0.591671610826583,0.792914936210696,0.543503247697986,0.9869490256906042,36705.91631642474,51864.30082365826,18140.875008632207,0.7,0.67,0.26,0.42,0.7,"NBS China Statistical Yearbook 2025, Table 12-15",calibrated reconstruction; not historical author input
x_r30_s2_m2,r30,CN-NX,Ningxia,宁夏,2,freshwater_capture,淡水捕捞,2,deep_processing,深加工,7000.0,6770.397716615698,0.33,2234.2312464831807,2681.0774957798167,0.002432891607203534,0.38996584680694857,0.8073534395120299,1.2386149003147955,0.591671610826583,0.792914936210696,0.543503247697986,0.9869490256906042,36705.91631642474,51864.30082365826,18140.875008632207,0.86,0.99,0.34,0.45,0.7,"NBS China Statistical Yearbook 2025, Table 12-15",calibrated reconstruction; not historical author input
x_r30_s3_m1,r30,CN-NX,Ningxia,宁夏,3,marine_aquaculture,海水养殖,1,fresh_sales,鲜销,0.0,0.0,0.74,0.0,0.0,0.002432891607203534,0.38996584680694857,0.8073534395120299,1.2386149003147955,0.591671610826583,0.792914936210696,0.543503247697986,0.9869490256906042,36705.91631642474,51864.30082365826,18140.875008632207,0.84,0.8,0.33,0.78,0.11,"NBS China Statistical Yearbook 2025, Table 12-15",calibrated reconstruction; not historical author input
x_r30_s3_m2,r30,CN-NX,Ningxia,宁夏,3,marine_aquaculture,海水养殖,2,deep_processing,深加工,0.0,0.0,0.26,0.0,0.0,0.002432891607203534,0.38996584680694857,0.8073534395120299,1.2386149003147955,0.591671610826583,0.792914936210696,0.543503247697986,0.9869490256906042,36705.91631642474,51864.30082365826,18140.875008632207,1.02,1.16,0.41,0.81,0.11,"NBS China Statistical Yearbook 2025, Table 12-15",calibrated reconstruction; not historical author input
x_r30_s4_m1,r30,CN-NX,Ningxia,宁夏,4,freshwater_aquaculture,淡水养殖,1,fresh_sales,鲜销,172000.0,166358.34389398573,0.78,129759.50823730888,155711.40988477066,0.002432891607203534,0.38996584680694857,0.8073534395120299,1.2386149003147955,0.591671610826583,0.792914936210696,0.543503247697986,0.9869490256906042,36705.91631642474,51864.30082365826,18140.875008632207,0.88,0.84,0.31,0.88,0.08,"NBS China Statistical Yearbook 2025, Table 12-15",calibrated reconstruction; not historical author input
x_r30_s4_m2,r30,CN-NX,Ningxia,宁夏,4,freshwater_aquaculture,淡水养殖,2,deep_processing,深加工,172000.0,166358.34389398573,0.22,36598.83565667686,43918.602788012235,0.002432891607203534,0.38996584680694857,0.8073534395120299,1.2386149003147955,0.591671610826583,0.792914936210696,0.543503247697986,0.9869490256906042,36705.91631642474,51864.30082365826,18140.875008632207,1.06,1.2,0.39,0.91,0.08,"NBS China Statistical Yearbook 2025, Table 12-15",calibrated reconstruction; not historical author input
x_r31_s1_m1,r31,CN-XJ,Xinjiang,新疆,1,marine_capture,海洋捕捞,1,fresh_sales,鲜销,0.0,0.0,0.62,0.0,0.0,0.0026231736323479443,0.3377691960621877,0.7479062787432832,1.337065924463575,0.49704364996502,0.8260347225122431,0.690816285336741,0.9427551143989776,77988.65814888984,61970.47502444286,26898.53880590293,0.65,0.62,0.29,0.28,1.0,"NBS China Statistical Yearbook 2025, Table 12-15",calibrated reconstruction; not historical author input
x_r31_s1_m2,r31,CN-XJ,Xinjiang,新疆,1,marine_capture,海洋捕捞,2,deep_processing,深加工,0.0,0.0,0.38,0.0,0.0,0.0026231736323479443,0.3377691960621877,0.7479062787432832,1.337065924463575,0.49704364996502,0.8260347225122431,0.690816285336741,0.9427551143989776,77988.65814888984,61970.47502444286,26898.53880590293,0.82,0.95,0.36,0.31,1.0,"NBS China Statistical Yearbook 2025, Table 12-15",calibrated reconstruction; not historical author input
x_r31_s2_m1,r31,CN-XJ,Xinjiang,新疆,2,freshwater_capture,淡水捕捞,1,fresh_sales,鲜销,14000.0,13540.795433231397,0.67,9072.332940265036,10886.799528318043,0.0026231736323479443,0.3377691960621877,0.7479062787432832,1.337065924463575,0.49704364996502,0.8260347225122431,0.690816285336741,0.9427551143989776,77988.65814888984,61970.47502444286,26898.53880590293,0.7,0.67,0.26,0.42,0.7,"NBS China Statistical Yearbook 2025, Table 12-15",calibrated reconstruction; not historical author input
x_r31_s2_m2,r31,CN-XJ,Xinjiang,新疆,2,freshwater_capture,淡水捕捞,2,deep_processing,深加工,14000.0,13540.795433231397,0.33,4468.462492966361,5362.154991559633,0.0026231736323479443,0.3377691960621877,0.7479062787432832,1.337065924463575,0.49704364996502,0.8260347225122431,0.690816285336741,0.9427551143989776,77988.65814888984,61970.47502444286,26898.53880590293,0.86,0.99,0.34,0.45,0.7,"NBS China Statistical Yearbook 2025, Table 12-15",calibrated reconstruction; not historical author input
x_r31_s3_m1,r31,CN-XJ,Xinjiang,新疆,3,marine_aquaculture,海水养殖,1,fresh_sales,鲜销,0.0,0.0,0.74,0.0,0.0,0.0026231736323479443,0.3377691960621877,0.7479062787432832,1.337065924463575,0.49704364996502,0.8260347225122431,0.690816285336741,0.9427551143989776,77988.65814888984,61970.47502444286,26898.53880590293,0.84,0.8,0.33,0.78,0.11,"NBS China Statistical Yearbook 2025, Table 12-15",calibrated reconstruction; not historical author input
x_r31_s3_m2,r31,CN-XJ,Xinjiang,新疆,3,marine_aquaculture,海水养殖,2,deep_processing,深加工,0.0,0.0,0.26,0.0,0.0,0.0026231736323479443,0.3377691960621877,0.7479062787432832,1.337065924463575,0.49704364996502,0.8260347225122431,0.690816285336741,0.9427551143989776,77988.65814888984,61970.47502444286,26898.53880590293,1.02,1.16,0.41,0.81,0.11,"NBS China Statistical Yearbook 2025, Table 12-15",calibrated reconstruction; not historical author input
x_r31_s4_m1,r31,CN-XJ,Xinjiang,新疆,4,freshwater_aquaculture,淡水养殖,1,fresh_sales,鲜销,179000.0,173128.74161060143,0.78,135040.4184562691,162048.50214752293,0.0026231736323479443,0.3377691960621877,0.7479062787432832,1.337065924463575,0.49704364996502,0.8260347225122431,0.690816285336741,0.9427551143989776,77988.65814888984,61970.47502444286,26898.53880590293,0.88,0.84,0.31,0.88,0.08,"NBS China Statistical Yearbook 2025, Table 12-15",calibrated reconstruction; not historical author input
x_r31_s4_m2,r31,CN-XJ,Xinjiang,新疆,4,freshwater_aquaculture,淡水养殖,2,deep_processing,深加工,179000.0,173128.74161060143,0.22,38088.32315433231,45705.98778519878,0.0026231736323479443,0.3377691960621877,0.7479062787432832,1.337065924463575,0.49704364996502,0.8260347225122431,0.690816285336741,0.9427551143989776,77988.65814888984,61970.47502444286,26898.53880590293,1.06,1.2,0.39,0.91,0.08,"NBS China Statistical Yearbook 2025, Table 12-15",calibrated reconstruction; not historical author input
