algorithm,run_id,seed,generation,evaluations,population_size,feasible_count,feasible_fraction,mean_total_constraint_violation,max_total_constraint_violation,non_dominated_count,hv_against_zero_reference,max_social_reliability,max_economic_efficiency,max_ecological_security,data_status
IA-NSGA-III,1,1809036,1,48,48,47,0.9791666666666666,4.625929269271485e-18,2.220446049250313e-16,9,0.24738787601652817,0.6216461950886332,0.6107210104635983,0.6787226485163381,经过处理的数据 / public-data surrogate; not author-run logs
IA-NSGA-III,1,1809036,2,96,48,48,1.0,0.0,0.0,17,0.25494920494633116,0.6462418426635083,0.6107210104635983,0.6787226485163381,经过处理的数据 / public-data surrogate; not author-run logs
IA-NSGA-III,1,1809036,3,144,48,48,1.0,0.0,0.0,16,0.28510717694240345,0.664640838694602,0.6610606843234428,0.6787226485163381,经过处理的数据 / public-data surrogate; not author-run logs
IA-NSGA-III,1,1809036,4,192,48,48,1.0,0.0,0.0,20,0.2893344654000357,0.664640838694602,0.6610606843234428,0.6787226485163381,经过处理的数据 / public-data surrogate; not author-run logs
IA-NSGA-III,1,1809036,5,240,48,48,1.0,0.0,0.0,25,0.3140432733053337,0.6846721219664132,0.6798107923312122,0.7107054841967099,经过处理的数据 / public-data surrogate; not author-run logs
IA-NSGA-III,1,1809036,6,288,48,48,1.0,0.0,0.0,27,0.3201728602705799,0.6846721219664132,0.6798107923312122,0.7107054841967099,经过处理的数据 / public-data surrogate; not author-run logs
IA-NSGA-III,1,1809036,7,336,48,48,1.0,0.0,0.0,27,0.33941728733191096,0.6940581235038539,0.7065267069794569,0.7190298781719378,经过处理的数据 / public-data surrogate; not author-run logs
IA-NSGA-III,1,1809036,8,384,48,48,1.0,0.0,0.0,38,0.3517468332259727,0.7032993587859888,0.7065267069794569,0.7368891117326701,经过处理的数据 / public-data surrogate; not author-run logs
IA-NSGA-III,1,1809036,9,432,48,48,1.0,0.0,0.0,28,0.37064682778076036,0.7215590668372619,0.7290936812681417,0.7368891117326701,经过处理的数据 / public-data surrogate; not author-run logs
IA-NSGA-III,1,1809036,10,480,48,48,1.0,0.0,0.0,31,0.3905323033665219,0.7442137975478379,0.7500301845826431,0.7368891117326701,经过处理的数据 / public-data surrogate; not author-run logs
IA-NSGA-III,1,1809036,11,528,48,48,1.0,0.0,0.0,30,0.39327571918735504,0.7442137975478379,0.7500301845826431,0.7368891117326701,经过处理的数据 / public-data surrogate; not author-run logs
IA-NSGA-III,1,1809036,12,576,48,48,1.0,0.0,0.0,24,0.4156721485645521,0.7832424122403057,0.7500301845826431,0.7368891117326701,经过处理的数据 / public-data surrogate; not author-run logs
IA-NSGA-III,1,1809036,13,624,48,48,1.0,0.0,0.0,27,0.4167945133782738,0.7832424122403057,0.7500301845826431,0.7368891117326701,经过处理的数据 / public-data surrogate; not author-run logs
IA-NSGA-III,1,1809036,14,672,48,48,1.0,0.0,0.0,32,0.429315157529042,0.7832424122403057,0.7797862590066876,0.7371881048551392,经过处理的数据 / public-data surrogate; not author-run logs
IA-NSGA-III,1,1809036,15,720,48,48,1.0,0.0,0.0,35,0.4391268711164777,0.790248181602741,0.7797862590066876,0.7371881048551392,经过处理的数据 / public-data surrogate; not author-run logs
IA-NSGA-III,1,1809036,16,768,48,48,1.0,0.0,0.0,32,0.44879502734824633,0.791219760125624,0.7896949505945309,0.7414550697817659,经过处理的数据 / public-data surrogate; not author-run logs
IA-NSGA-III,1,1809036,17,816,48,48,1.0,0.0,0.0,43,0.4516114950819007,0.791219760125624,0.7896949505945309,0.7414550697817659,经过处理的数据 / public-data surrogate; not author-run logs
IA-NSGA-III,1,1809036,18,864,48,48,1.0,0.0,0.0,44,0.45530427727079303,0.7941336605230345,0.7896949505945309,0.7414550697817659,经过处理的数据 / public-data surrogate; not author-run logs
IA-NSGA-III,1,1809036,19,912,48,48,1.0,0.0,0.0,35,0.47233714080999284,0.8204681321410804,0.7896949505945309,0.7458784945309689,经过处理的数据 / public-data surrogate; not author-run logs
IA-NSGA-III,1,1809036,20,960,48,48,1.0,0.0,0.0,36,0.4753518212076389,0.8204681321410804,0.7946083596384501,0.7458784945309689,经过处理的数据 / public-data surrogate; not author-run logs
IA-NSGA-III,1,1809036,21,1008,48,48,1.0,0.0,0.0,48,0.4787022990112711,0.8204681321410804,0.7992964684937147,0.7465105463305342,经过处理的数据 / public-data surrogate; not author-run logs
IA-NSGA-III,1,1809036,22,1056,48,48,1.0,0.0,0.0,48,0.47978629575230913,0.8204681321410804,0.7992964684937147,0.7465105463305342,经过处理的数据 / public-data surrogate; not author-run logs
IA-NSGA-III,1,1809036,23,1104,48,48,1.0,0.0,0.0,48,0.4824086568461407,0.8204681321410804,0.7992964684937147,0.7514438760466455,经过处理的数据 / public-data surrogate; not author-run logs
IA-NSGA-III,1,1809036,24,1152,48,48,1.0,0.0,0.0,48,0.48329836663941356,0.8204681321410804,0.7992964684937147,0.7514438760466455,经过处理的数据 / public-data surrogate; not author-run logs
IA-NSGA-III,1,1809036,25,1200,48,48,1.0,0.0,0.0,48,0.4849391058066503,0.8219410225064174,0.7992963076341202,0.7514438760466455,经过处理的数据 / public-data surrogate; not author-run logs
IA-NSGA-III,1,1809036,26,1248,48,48,1.0,0.0,0.0,48,0.4943412196589717,0.8219410225064174,0.8158789962631022,0.7524299606443087,经过处理的数据 / public-data surrogate; not author-run logs
IA-NSGA-III,1,1809036,27,1296,48,48,1.0,0.0,0.0,48,0.500937987117167,0.8337425494232242,0.8158789962631022,0.7524299606443087,经过处理的数据 / public-data surrogate; not author-run logs
IA-NSGA-III,1,1809036,28,1344,48,48,1.0,0.0,0.0,48,0.5017363848801416,0.8343659052488253,0.8158789962631022,0.7510790584762276,经过处理的数据 / public-data surrogate; not author-run logs
IA-NSGA-III,1,1809036,29,1392,48,48,1.0,0.0,0.0,48,0.5033638823599916,0.8343659052488253,0.8174964417494264,0.7510790584762276,经过处理的数据 / public-data surrogate; not author-run logs
IA-NSGA-III,1,1809036,30,1440,48,48,1.0,0.0,0.0,48,0.512461521479584,0.8343659052488253,0.8174964417494264,0.7667006792680247,经过处理的数据 / public-data surrogate; not author-run logs
IA-NSGA-III,2,1809037,1,48,48,44,0.9166666666666666,0.003422151591027503,0.1504598535310553,11,0.25089858626877865,0.6376375376397676,0.6109944561606149,0.6837388316547911,经过处理的数据 / public-data surrogate; not author-run logs
IA-NSGA-III,2,1809037,2,96,48,48,1.0,0.0,0.0,20,0.25649838057680197,0.6376375376397676,0.6109944561606149,0.6942370809735666,经过处理的数据 / public-data surrogate; not author-run logs
IA-NSGA-III,2,1809037,3,144,48,48,1.0,0.0,0.0,22,0.2692726182302104,0.6392356887780143,0.6288144706041899,0.6942370809735666,经过处理的数据 / public-data surrogate; not author-run logs
IA-NSGA-III,2,1809037,4,192,48,48,1.0,0.0,0.0,28,0.2727344454455778,0.6446287994930385,0.6288144706041899,0.6947652527678769,经过处理的数据 / public-data surrogate; not author-run logs
IA-NSGA-III,2,1809037,5,240,48,48,1.0,0.0,0.0,36,0.28442624907429986,0.6474323930955005,0.6491840112976232,0.7048871353752855,经过处理的数据 / public-data surrogate; not author-run logs
IA-NSGA-III,2,1809037,6,288,48,48,1.0,0.0,0.0,21,0.30010172015891284,0.6758730710479494,0.6491840112976232,0.7129621746362834,经过处理的数据 / public-data surrogate; not author-run logs
IA-NSGA-III,2,1809037,7,336,48,48,1.0,0.0,0.0,27,0.30999630731214006,0.678610521827286,0.6633130234144586,0.7129621746362834,经过处理的数据 / public-data surrogate; not author-run logs
IA-NSGA-III,2,1809037,8,384,48,48,1.0,0.0,0.0,34,0.3378132094790883,0.7325562819340741,0.6822781415724162,0.7129621746362834,经过处理的数据 / public-data surrogate; not author-run logs
IA-NSGA-III,2,1809037,9,432,48,48,1.0,0.0,0.0,38,0.34416937757614213,0.7325562819340741,0.6822781415724162,0.7187062239723443,经过处理的数据 / public-data surrogate; not author-run logs
IA-NSGA-III,2,1809037,10,480,48,48,1.0,0.0,0.0,32,0.34819709617477046,0.7325562819340741,0.6822781415724162,0.7187062239723443,经过处理的数据 / public-data surrogate; not author-run logs
IA-NSGA-III,2,1809037,11,528,48,48,1.0,0.0,0.0,29,0.3609522654597738,0.7396507602498618,0.690122368058932,0.7318323606293652,经过处理的数据 / public-data surrogate; not author-run logs
IA-NSGA-III,2,1809037,12,576,48,48,1.0,0.0,0.0,26,0.36759903798393573,0.7445545140309948,0.690122368058932,0.7342205083692407,经过处理的数据 / public-data surrogate; not author-run logs
IA-NSGA-III,2,1809037,13,624,48,48,1.0,0.0,0.0,27,0.38186996679052576,0.7550610866095843,0.7100779264123693,0.7342205083692407,经过处理的数据 / public-data surrogate; not author-run logs
IA-NSGA-III,2,1809037,14,672,48,48,1.0,0.0,0.0,28,0.38978432808243535,0.7550610866095843,0.7248806413173355,0.7342205083692407,经过处理的数据 / public-data surrogate; not author-run logs
IA-NSGA-III,2,1809037,15,720,48,48,1.0,0.0,0.0,39,0.40050561758533976,0.7625383506359148,0.7396135715740683,0.7342205083692407,经过处理的数据 / public-data surrogate; not author-run logs
IA-NSGA-III,2,1809037,16,768,48,48,1.0,0.0,0.0,26,0.4185319742626656,0.7730570995090814,0.7596447686540689,0.7342205083692407,经过处理的数据 / public-data surrogate; not author-run logs
IA-NSGA-III,2,1809037,17,816,48,48,1.0,0.0,0.0,24,0.42066732736440005,0.7730570995090814,0.7596447686540689,0.7342205083692407,经过处理的数据 / public-data surrogate; not author-run logs
IA-NSGA-III,2,1809037,18,864,48,48,1.0,0.0,0.0,28,0.4300436102214586,0.7850073921554457,0.7596447686540689,0.7424658060736347,经过处理的数据 / public-data surrogate; not author-run logs
IA-NSGA-III,2,1809037,19,912,48,48,1.0,0.0,0.0,36,0.43975714574664293,0.7926032316793096,0.7686192098599218,0.7424658060736347,经过处理的数据 / public-data surrogate; not author-run logs
IA-NSGA-III,2,1809037,20,960,48,48,1.0,0.0,0.0,34,0.4420754038195255,0.7926032316793096,0.7686192098599218,0.7424658060736347,经过处理的数据 / public-data surrogate; not author-run logs
IA-NSGA-III,2,1809037,21,1008,48,48,1.0,0.0,0.0,37,0.45894998258241726,0.8029586006079973,0.7846393510488112,0.7451847421969426,经过处理的数据 / public-data surrogate; not author-run logs
IA-NSGA-III,2,1809037,22,1056,48,48,1.0,0.0,0.0,48,0.4602875390106719,0.8029586006079973,0.7852091146376926,0.7462033975982104,经过处理的数据 / public-data surrogate; not author-run logs
IA-NSGA-III,2,1809037,23,1104,48,48,1.0,0.0,0.0,43,0.4621189694167969,0.8036314852327218,0.7852091146376926,0.7462033975982104,经过处理的数据 / public-data surrogate; not author-run logs
IA-NSGA-III,2,1809037,24,1152,48,48,1.0,0.0,0.0,48,0.4754724544778604,0.8036314852327218,0.8052906451033969,0.7542635557604239,经过处理的数据 / public-data surrogate; not author-run logs
IA-NSGA-III,2,1809037,25,1200,48,48,1.0,0.0,0.0,48,0.4761051896253714,0.8036314852327218,0.8052906451033969,0.7542635557604239,经过处理的数据 / public-data surrogate; not author-run logs
IA-NSGA-III,2,1809037,26,1248,48,48,1.0,0.0,0.0,48,0.47422904308595015,0.8086787829335912,0.7928528678424143,0.7553166564189501,经过处理的数据 / public-data surrogate; not author-run logs
IA-NSGA-III,2,1809037,27,1296,48,48,1.0,0.0,0.0,48,0.4767281842044655,0.8086787829335912,0.7928528678424143,0.7568603875207749,经过处理的数据 / public-data surrogate; not author-run logs
IA-NSGA-III,2,1809037,28,1344,48,48,1.0,0.0,0.0,48,0.500319574468438,0.8165798079303929,0.8339996590556271,0.7568603875207749,经过处理的数据 / public-data surrogate; not author-run logs
IA-NSGA-III,2,1809037,29,1392,48,48,1.0,0.0,0.0,43,0.5014052580597597,0.8165798079303929,0.8339996590556271,0.7568603875207749,经过处理的数据 / public-data surrogate; not author-run logs
IA-NSGA-III,2,1809037,30,1440,48,48,1.0,0.0,0.0,45,0.5037414217041856,0.8165798079303929,0.8369565760745217,0.7568603875207749,经过处理的数据 / public-data surrogate; not author-run logs
IA-NSGA-III,3,1809038,1,48,48,45,0.9375,0.0016679392310609182,0.08006108309092363,14,0.25765963581612455,0.6433677078114591,0.6403811879830943,0.6578892536802254,经过处理的数据 / public-data surrogate; not author-run logs
IA-NSGA-III,3,1809038,2,96,48,48,1.0,0.0,0.0,21,0.26607990979501683,0.6433677078114591,0.6471442226003038,0.670190046315232,经过处理的数据 / public-data surrogate; not author-run logs
IA-NSGA-III,3,1809038,3,144,48,48,1.0,0.0,0.0,17,0.27592541131212184,0.6433677078114591,0.6611657642460245,0.670190046315232,经过处理的数据 / public-data surrogate; not author-run logs
IA-NSGA-III,3,1809038,4,192,48,48,1.0,0.0,0.0,25,0.3123312344623033,0.6782209159943101,0.7030977085898872,0.7009982490824852,经过处理的数据 / public-data surrogate; not author-run logs
IA-NSGA-III,3,1809038,5,240,48,48,1.0,0.0,0.0,33,0.31862370133410717,0.6782209159943101,0.7030977085898872,0.7009982490824852,经过处理的数据 / public-data surrogate; not author-run logs
IA-NSGA-III,3,1809038,6,288,48,48,1.0,0.0,0.0,27,0.3223074307619626,0.6782209159943101,0.7030977085898872,0.7009982490824852,经过处理的数据 / public-data surrogate; not author-run logs
IA-NSGA-III,3,1809038,7,336,48,48,1.0,0.0,0.0,27,0.33387333572788536,0.6782209159943101,0.7246460232244994,0.7029352923076827,经过处理的数据 / public-data surrogate; not author-run logs
IA-NSGA-III,3,1809038,8,384,48,48,1.0,0.0,0.0,31,0.3476521272793272,0.6964181322088802,0.7363388787973958,0.7029352923076827,经过处理的数据 / public-data surrogate; not author-run logs
IA-NSGA-III,3,1809038,9,432,48,48,1.0,0.0,0.0,29,0.352691274207889,0.702922754032509,0.7363388787973958,0.7029352923076827,经过处理的数据 / public-data surrogate; not author-run logs
IA-NSGA-III,3,1809038,10,480,48,48,1.0,0.0,0.0,25,0.37765633484968625,0.7393562188579925,0.7509579301086906,0.7097467176009146,经过处理的数据 / public-data surrogate; not author-run logs
IA-NSGA-III,3,1809038,11,528,48,48,1.0,0.0,0.0,23,0.4064664921456464,0.7393562188579925,0.8182499121083227,0.7185697783106465,经过处理的数据 / public-data surrogate; not author-run logs
IA-NSGA-III,3,1809038,12,576,48,48,1.0,0.0,0.0,23,0.41109771586915467,0.7393562188579925,0.8182499121083227,0.7207056737711526,经过处理的数据 / public-data surrogate; not author-run logs
IA-NSGA-III,3,1809038,13,624,48,48,1.0,0.0,0.0,31,0.4127725761830846,0.7393562188579925,0.8182499121083227,0.7207056737711526,经过处理的数据 / public-data surrogate; not author-run logs
IA-NSGA-III,3,1809038,14,672,48,48,1.0,0.0,0.0,27,0.42373561834607565,0.7535839704247682,0.8182499121083227,0.7207056737711526,经过处理的数据 / public-data surrogate; not author-run logs
IA-NSGA-III,3,1809038,15,720,48,48,1.0,0.0,0.0,36,0.4393369946297666,0.7816491990387081,0.8182499121083227,0.7207056737711526,经过处理的数据 / public-data surrogate; not author-run logs
IA-NSGA-III,3,1809038,16,768,48,48,1.0,0.0,0.0,38,0.4437465885700785,0.7816491990387081,0.8182499121083227,0.7207056737711526,经过处理的数据 / public-data surrogate; not author-run logs
IA-NSGA-III,3,1809038,17,816,48,48,1.0,0.0,0.0,39,0.44614187342873496,0.7816491990387081,0.8182499121083227,0.7210414180610382,经过处理的数据 / public-data surrogate; not author-run logs
IA-NSGA-III,3,1809038,18,864,48,48,1.0,0.0,0.0,44,0.4510949588741358,0.7866586581475681,0.8188500357637739,0.7210414180610382,经过处理的数据 / public-data surrogate; not author-run logs
IA-NSGA-III,3,1809038,19,912,48,48,1.0,0.0,0.0,48,0.4606356578836949,0.7981826621355854,0.8188500357637739,0.7210414180610382,经过处理的数据 / public-data surrogate; not author-run logs
IA-NSGA-III,3,1809038,20,960,48,48,1.0,0.0,0.0,48,0.46586417132324515,0.7981826621355854,0.8292221502837607,0.7210414180610382,经过处理的数据 / public-data surrogate; not author-run logs
IA-NSGA-III,3,1809038,21,1008,48,48,1.0,0.0,0.0,48,0.4735599174797346,0.7981826621355854,0.8426217354724775,0.7224193721778798,经过处理的数据 / public-data surrogate; not author-run logs
IA-NSGA-III,3,1809038,22,1056,48,48,1.0,0.0,0.0,48,0.47720775331391463,0.7981826621355854,0.8491386629383751,0.7224193721778798,经过处理的数据 / public-data surrogate; not author-run logs
IA-NSGA-III,3,1809038,23,1104,48,48,1.0,0.0,0.0,48,0.47743960081020187,0.7981826621355854,0.8491386629383751,0.7224193721778798,经过处理的数据 / public-data surrogate; not author-run logs
IA-NSGA-III,3,1809038,24,1152,48,48,1.0,0.0,0.0,48,0.4842737357390932,0.8099370371199974,0.8491386629383751,0.7224193721778798,经过处理的数据 / public-data surrogate; not author-run logs
IA-NSGA-III,3,1809038,25,1200,48,48,1.0,0.0,0.0,48,0.48573954852694806,0.8099370371199974,0.8491386629383751,0.7224193721778798,经过处理的数据 / public-data surrogate; not author-run logs
IA-NSGA-III,3,1809038,26,1248,48,48,1.0,0.0,0.0,48,0.4875150406227653,0.8099370371199974,0.8514139796849739,0.7224193721778798,经过处理的数据 / public-data surrogate; not author-run logs
IA-NSGA-III,3,1809038,27,1296,48,48,1.0,0.0,0.0,48,0.4926063923819732,0.8137104473480847,0.8514139796849739,0.7271303558861996,经过处理的数据 / public-data surrogate; not author-run logs
IA-NSGA-III,3,1809038,28,1344,48,48,1.0,0.0,0.0,48,0.5011894668789117,0.8304473850301343,0.8514139796849739,0.7271303558861996,经过处理的数据 / public-data surrogate; not author-run logs
IA-NSGA-III,3,1809038,29,1392,48,48,1.0,0.0,0.0,48,0.5052170777496412,0.8304473850301343,0.8574041988986071,0.7271303558861996,经过处理的数据 / public-data surrogate; not author-run logs
IA-NSGA-III,3,1809038,30,1440,48,48,1.0,0.0,0.0,48,0.5059389009086759,0.8304473850301343,0.8574041988986071,0.7271303558861996,经过处理的数据 / public-data surrogate; not author-run logs
IA-NSGA-III,4,1809039,1,48,48,46,0.9583333333333334,0.00019539291292068142,0.009378859820192487,11,0.24618802933674716,0.6511504429027503,0.5907783522379834,0.673122911528526,经过处理的数据 / public-data surrogate; not author-run logs
IA-NSGA-III,4,1809039,2,96,48,48,1.0,0.0,0.0,18,0.24893215805384278,0.6511504429027503,0.5907783522379834,0.673122911528526,经过处理的数据 / public-data surrogate; not author-run logs
IA-NSGA-III,4,1809039,3,144,48,48,1.0,0.0,0.0,22,0.2763825621167575,0.6595315074677283,0.6329717964145293,0.6972028033520283,经过处理的数据 / public-data surrogate; not author-run logs
IA-NSGA-III,4,1809039,4,192,48,48,1.0,0.0,0.0,21,0.29252778689058506,0.6745711271859919,0.6329717964145293,0.7078735715556397,经过处理的数据 / public-data surrogate; not author-run logs
IA-NSGA-III,4,1809039,5,240,48,48,1.0,0.0,0.0,24,0.2945116980848411,0.6745711271859919,0.6329717964145293,0.7078735715556397,经过处理的数据 / public-data surrogate; not author-run logs
IA-NSGA-III,4,1809039,6,288,48,48,1.0,0.0,0.0,17,0.30082129032824195,0.6761877709152112,0.639160854054699,0.7078735715556397,经过处理的数据 / public-data surrogate; not author-run logs
IA-NSGA-III,4,1809039,7,336,48,48,1.0,0.0,0.0,25,0.3081981460387299,0.6834004475993393,0.6459309817365647,0.7078735715556397,经过处理的数据 / public-data surrogate; not author-run logs
IA-NSGA-III,4,1809039,8,384,48,48,1.0,0.0,0.0,21,0.34153159284225354,0.7283172742573862,0.6724609706015596,0.7137347792360417,经过处理的数据 / public-data surrogate; not author-run logs
IA-NSGA-III,4,1809039,9,432,48,48,1.0,0.0,0.0,20,0.348169537759166,0.7283172742573862,0.6724609706015596,0.7268008838830367,经过处理的数据 / public-data surrogate; not author-run logs
IA-NSGA-III,4,1809039,10,480,48,48,1.0,0.0,0.0,21,0.3582073589703169,0.7283172742573862,0.6875439421444041,0.7268008838830367,经过处理的数据 / public-data surrogate; not author-run logs
IA-NSGA-III,4,1809039,11,528,48,48,1.0,0.0,0.0,32,0.37609545840376696,0.7368532931490922,0.7108905651621628,0.7414902379298283,经过处理的数据 / public-data surrogate; not author-run logs
IA-NSGA-III,4,1809039,12,576,48,48,1.0,0.0,0.0,32,0.3835428104575691,0.7368532931490922,0.7180635675481815,0.7414902379298283,经过处理的数据 / public-data surrogate; not author-run logs
IA-NSGA-III,4,1809039,13,624,48,48,1.0,0.0,0.0,38,0.394138966839003,0.7368532931490922,0.7380661650827179,0.7414902379298283,经过处理的数据 / public-data surrogate; not author-run logs
IA-NSGA-III,4,1809039,14,672,48,48,1.0,0.0,0.0,43,0.4045651753531976,0.7368532931490922,0.754816860469932,0.7438500891839537,经过处理的数据 / public-data surrogate; not author-run logs
IA-NSGA-III,4,1809039,15,720,48,48,1.0,0.0,0.0,33,0.42590459620565474,0.76500086400413,0.7671165545645648,0.750172350785419,经过处理的数据 / public-data surrogate; not author-run logs
IA-NSGA-III,4,1809039,16,768,48,48,1.0,0.0,0.0,40,0.43484294963357584,0.76500086400413,0.7840010080086479,0.750172350785419,经过处理的数据 / public-data surrogate; not author-run logs
IA-NSGA-III,4,1809039,17,816,48,48,1.0,0.0,0.0,37,0.4377557337439212,0.76500086400413,0.7840010080086479,0.750172350785419,经过处理的数据 / public-data surrogate; not author-run logs
IA-NSGA-III,4,1809039,18,864,48,48,1.0,0.0,0.0,29,0.441497377850175,0.76500086400413,0.7840010080086479,0.750172350785419,经过处理的数据 / public-data surrogate; not author-run logs
IA-NSGA-III,4,1809039,19,912,48,48,1.0,0.0,0.0,34,0.44274216388235466,0.76500086400413,0.7856958976371211,0.750172350785419,经过处理的数据 / public-data surrogate; not author-run logs
IA-NSGA-III,4,1809039,20,960,48,48,1.0,0.0,0.0,45,0.44397065471634134,0.766207448339359,0.7856958976371211,0.750172350785419,经过处理的数据 / public-data surrogate; not author-run logs
IA-NSGA-III,4,1809039,21,1008,48,48,1.0,0.0,0.0,41,0.4522457046477588,0.7695345582247037,0.7908703937011365,0.7555625598171924,经过处理的数据 / public-data surrogate; not author-run logs
IA-NSGA-III,4,1809039,22,1056,48,48,1.0,0.0,0.0,43,0.4593806763651801,0.7695345582247037,0.7908703937011365,0.7678320063282444,经过处理的数据 / public-data surrogate; not author-run logs
IA-NSGA-III,4,1809039,23,1104,48,48,1.0,0.0,0.0,48,0.47316083116260416,0.7866210809377114,0.8011205980893612,0.7678320063282444,经过处理的数据 / public-data surrogate; not author-run logs
IA-NSGA-III,4,1809039,24,1152,48,48,1.0,0.0,0.0,48,0.47986572803336613,0.7965911249991753,0.8011205980893612,0.7686571504242228,经过处理的数据 / public-data surrogate; not author-run logs
IA-NSGA-III,4,1809039,25,1200,48,48,1.0,0.0,0.0,48,0.48049098343089736,0.7965911249991753,0.8011205980893612,0.7686571504242228,经过处理的数据 / public-data surrogate; not author-run logs
IA-NSGA-III,4,1809039,26,1248,48,48,1.0,0.0,0.0,48,0.4803982200353466,0.7965911249991753,0.8011205980893612,0.7651819562015643,经过处理的数据 / public-data surrogate; not author-run logs
IA-NSGA-III,4,1809039,27,1296,48,48,1.0,0.0,0.0,48,0.4828059280333421,0.7965911249991753,0.8052697757191392,0.7651819562015643,经过处理的数据 / public-data surrogate; not author-run logs
IA-NSGA-III,4,1809039,28,1344,48,48,1.0,0.0,0.0,48,0.4891247826176789,0.8084539476322543,0.8052697757191392,0.7651819562015643,经过处理的数据 / public-data surrogate; not author-run logs
IA-NSGA-III,4,1809039,29,1392,48,48,1.0,0.0,0.0,48,0.4975882154217064,0.8116108222423614,0.8199055799173542,0.7651819562015643,经过处理的数据 / public-data surrogate; not author-run logs
IA-NSGA-III,4,1809039,30,1440,48,48,1.0,0.0,0.0,48,0.4999763750383691,0.8116108222423614,0.8199055799173542,0.7674809769815951,经过处理的数据 / public-data surrogate; not author-run logs
IA-NSGA-III,5,1809040,1,48,48,47,0.9791666666666666,0.0027316826661427144,0.13112076797485028,13,0.2553905531354427,0.637289158123957,0.6051370179886334,0.7116788750216156,经过处理的数据 / public-data surrogate; not author-run logs
IA-NSGA-III,5,1809040,2,96,48,48,1.0,0.0,0.0,19,0.28258292280259334,0.6394871601117124,0.6676267121535207,0.7116788750216156,经过处理的数据 / public-data surrogate; not author-run logs
IA-NSGA-III,5,1809040,3,144,48,48,1.0,0.0,0.0,23,0.2947290700302332,0.6661299932617154,0.6676267121535207,0.7116788750216156,经过处理的数据 / public-data surrogate; not author-run logs
IA-NSGA-III,5,1809040,4,192,48,48,1.0,0.0,0.0,20,0.3093233442125871,0.6661299932617154,0.6754243973742173,0.7237971944632113,经过处理的数据 / public-data surrogate; not author-run logs
IA-NSGA-III,5,1809040,5,240,48,48,1.0,0.0,0.0,27,0.31873985440797603,0.6813693615996061,0.6754243973742173,0.7237971944632113,经过处理的数据 / public-data surrogate; not author-run logs
IA-NSGA-III,5,1809040,6,288,48,48,1.0,0.0,0.0,20,0.3224166749675627,0.6828623002580898,0.6754243973742173,0.7237971944632113,经过处理的数据 / public-data surrogate; not author-run logs
IA-NSGA-III,5,1809040,7,336,48,48,1.0,0.0,0.0,29,0.33167633171453154,0.6841617842696338,0.6926542813347906,0.7237971944632113,经过处理的数据 / public-data surrogate; not author-run logs
IA-NSGA-III,5,1809040,8,384,48,48,1.0,0.0,0.0,32,0.3461072195662691,0.708173482210702,0.6973464705266694,0.7237971944632113,经过处理的数据 / public-data surrogate; not author-run logs
IA-NSGA-III,5,1809040,9,432,48,48,1.0,0.0,0.0,36,0.35888054796274027,0.708173482210702,0.7156113448050657,0.7306663596144002,经过处理的数据 / public-data surrogate; not author-run logs
IA-NSGA-III,5,1809040,10,480,48,48,1.0,0.0,0.0,38,0.3715780572681966,0.7324138442501513,0.7156113448050657,0.7306663596144002,经过处理的数据 / public-data surrogate; not author-run logs
IA-NSGA-III,5,1809040,11,528,48,48,1.0,0.0,0.0,32,0.3855197895838536,0.7593098642629792,0.7156113448050657,0.7306826765998768,经过处理的数据 / public-data surrogate; not author-run logs
IA-NSGA-III,5,1809040,12,576,48,48,1.0,0.0,0.0,36,0.4041015071630245,0.7709263650257479,0.7403645692870068,0.7367365389248252,经过处理的数据 / public-data surrogate; not author-run logs
IA-NSGA-III,5,1809040,13,624,48,48,1.0,0.0,0.0,46,0.4060889072240974,0.7709263650257479,0.7403645692870068,0.7373760055127523,经过处理的数据 / public-data surrogate; not author-run logs
IA-NSGA-III,5,1809040,14,672,48,48,1.0,0.0,0.0,41,0.40844133861138254,0.7709263650257479,0.7403645692870068,0.7373760055127523,经过处理的数据 / public-data surrogate; not author-run logs
IA-NSGA-III,5,1809040,15,720,48,48,1.0,0.0,0.0,48,0.41052319112486163,0.7709263650257479,0.7403645692870068,0.7373760055127523,经过处理的数据 / public-data surrogate; not author-run logs
IA-NSGA-III,5,1809040,16,768,48,48,1.0,0.0,0.0,47,0.42287698960290754,0.7724306323138236,0.7577773478545414,0.7373760055127523,经过处理的数据 / public-data surrogate; not author-run logs
IA-NSGA-III,5,1809040,17,816,48,48,1.0,0.0,0.0,46,0.4315263046231615,0.7884651644924545,0.7577773478545414,0.7373760055127523,经过处理的数据 / public-data surrogate; not author-run logs
IA-NSGA-III,5,1809040,18,864,48,48,1.0,0.0,0.0,42,0.4350756724096138,0.7896739692424056,0.7577773478545414,0.7373760055127523,经过处理的数据 / public-data surrogate; not author-run logs
IA-NSGA-III,5,1809040,19,912,48,48,1.0,0.0,0.0,47,0.44573405640574326,0.7972855913515527,0.7577773478545414,0.7514563254569797,经过处理的数据 / public-data surrogate; not author-run logs
IA-NSGA-III,5,1809040,20,960,48,48,1.0,0.0,0.0,44,0.4509284473820179,0.8061075621425254,0.7577773478545414,0.7514563254569797,经过处理的数据 / public-data surrogate; not author-run logs
IA-NSGA-III,5,1809040,21,1008,48,48,1.0,0.0,0.0,48,0.45546590455213454,0.8061075621425254,0.7577773478545414,0.7608362576333162,经过处理的数据 / public-data surrogate; not author-run logs
IA-NSGA-III,5,1809040,22,1056,48,48,1.0,0.0,0.0,47,0.4562650295182754,0.8061075621425254,0.7577773478545414,0.7608362576333162,经过处理的数据 / public-data surrogate; not author-run logs
IA-NSGA-III,5,1809040,23,1104,48,48,1.0,0.0,0.0,48,0.46002902483755104,0.8061075621425254,0.7626790789930215,0.7608362576333162,经过处理的数据 / public-data surrogate; not author-run logs
IA-NSGA-III,5,1809040,24,1152,48,48,1.0,0.0,0.0,46,0.46113543615574104,0.8061075621425254,0.7626790789930215,0.7608362576333162,经过处理的数据 / public-data surrogate; not author-run logs
IA-NSGA-III,5,1809040,25,1200,48,48,1.0,0.0,0.0,48,0.464116584644281,0.8061075621425254,0.7668088156020905,0.7608362576333162,经过处理的数据 / public-data surrogate; not author-run logs
IA-NSGA-III,5,1809040,26,1248,48,48,1.0,0.0,0.0,48,0.4648365686972563,0.8061075621425254,0.7668088156020905,0.7608362576333162,经过处理的数据 / public-data surrogate; not author-run logs
IA-NSGA-III,5,1809040,27,1296,48,48,1.0,0.0,0.0,48,0.46585541974493133,0.806269121775319,0.7668088156020905,0.7608362576333162,经过处理的数据 / public-data surrogate; not author-run logs
IA-NSGA-III,5,1809040,28,1344,48,48,1.0,0.0,0.0,48,0.46857638705361115,0.8086816491154496,0.7668088156020905,0.7627323563600635,经过处理的数据 / public-data surrogate; not author-run logs
IA-NSGA-III,5,1809040,29,1392,48,48,1.0,0.0,0.0,48,0.4692425247452302,0.8086816491154496,0.7668088156020905,0.7627323563600635,经过处理的数据 / public-data surrogate; not author-run logs
IA-NSGA-III,5,1809040,30,1440,48,48,1.0,0.0,0.0,44,0.4703043493236086,0.8097685844778152,0.7668088156020905,0.7627323563600635,经过处理的数据 / public-data surrogate; not author-run logs
IA-NSGA-III,6,1809041,1,48,48,47,0.9791666666666666,4.625929269271485e-18,2.220446049250313e-16,11,0.26485543240752374,0.6876469128538772,0.5921951528044157,0.6968335879140143,经过处理的数据 / public-data surrogate; not author-run logs
IA-NSGA-III,6,1809041,2,96,48,48,1.0,0.0,0.0,11,0.27554191428460634,0.6876469128538772,0.6206825447204568,0.6968335879140143,经过处理的数据 / public-data surrogate; not author-run logs
IA-NSGA-III,6,1809041,3,144,48,48,1.0,0.0,0.0,19,0.28976955433320634,0.6876469128538772,0.6430216157564899,0.6979344097949501,经过处理的数据 / public-data surrogate; not author-run logs
IA-NSGA-III,6,1809041,4,192,48,48,1.0,0.0,0.0,17,0.33130581694736333,0.6876469128538772,0.7315244797290773,0.7003905585474531,经过处理的数据 / public-data surrogate; not author-run logs
IA-NSGA-III,6,1809041,5,240,48,48,1.0,0.0,0.0,20,0.33523653102769196,0.6909235422452098,0.7315244797290773,0.7015819404457865,经过处理的数据 / public-data surrogate; not author-run logs
IA-NSGA-III,6,1809041,6,288,48,48,1.0,0.0,0.0,29,0.3409209054319975,0.6912390123957141,0.7315244797290773,0.7025459924423388,经过处理的数据 / public-data surrogate; not author-run logs
IA-NSGA-III,6,1809041,7,336,48,48,1.0,0.0,0.0,21,0.36065068271004763,0.7144174016686726,0.7315244797290773,0.7261411152168413,经过处理的数据 / public-data surrogate; not author-run logs
IA-NSGA-III,6,1809041,8,384,48,48,1.0,0.0,0.0,22,0.3658080545402166,0.7177409912856395,0.7315244797290773,0.7261411152168413,经过处理的数据 / public-data surrogate; not author-run logs
IA-NSGA-III,6,1809041,9,432,48,48,1.0,0.0,0.0,23,0.3710629865262521,0.7177409912856395,0.7315244797290773,0.7261411152168413,经过处理的数据 / public-data surrogate; not author-run logs
IA-NSGA-III,6,1809041,10,480,48,48,1.0,0.0,0.0,26,0.3881039331195444,0.7516902269961794,0.7315244797290773,0.7308548785076194,经过处理的数据 / public-data surrogate; not author-run logs
IA-NSGA-III,6,1809041,11,528,48,48,1.0,0.0,0.0,30,0.3935590723222264,0.7563235757568365,0.7315244797290773,0.7308548785076194,经过处理的数据 / public-data surrogate; not author-run logs
IA-NSGA-III,6,1809041,12,576,48,48,1.0,0.0,0.0,28,0.39791200063022164,0.7563235757568365,0.740668625167223,0.7308548785076194,经过处理的数据 / public-data surrogate; not author-run logs
IA-NSGA-III,6,1809041,13,624,48,48,1.0,0.0,0.0,32,0.4043120115210307,0.7646317171967701,0.740668625167223,0.7344551588337227,经过处理的数据 / public-data surrogate; not author-run logs
IA-NSGA-III,6,1809041,14,672,48,48,1.0,0.0,0.0,25,0.40964406734195996,0.7646317171967701,0.7460732749101822,0.7344551588337227,经过处理的数据 / public-data surrogate; not author-run logs
IA-NSGA-III,6,1809041,15,720,48,48,1.0,0.0,0.0,31,0.41795367195559385,0.7753542510768863,0.7460732749101822,0.7344551588337227,经过处理的数据 / public-data surrogate; not author-run logs
IA-NSGA-III,6,1809041,16,768,48,48,1.0,0.0,0.0,27,0.4380447212493484,0.7910100475753855,0.7671828774235104,0.7371326918273803,经过处理的数据 / public-data surrogate; not author-run logs
IA-NSGA-III,6,1809041,17,816,48,48,1.0,0.0,0.0,30,0.4537773418877509,0.7910100475753855,0.7866395903823477,0.7534240397454143,经过处理的数据 / public-data surrogate; not author-run logs
IA-NSGA-III,6,1809041,18,864,48,48,1.0,0.0,0.0,33,0.4641333725331278,0.8082514104607607,0.7866395903823477,0.7534240397454143,经过处理的数据 / public-data surrogate; not author-run logs
IA-NSGA-III,6,1809041,19,912,48,48,1.0,0.0,0.0,48,0.4756525738739514,0.8310884848717967,0.7866395903823477,0.7534240397454143,经过处理的数据 / public-data surrogate; not author-run logs
IA-NSGA-III,6,1809041,20,960,48,48,1.0,0.0,0.0,48,0.4771523173908492,0.8310884848717967,0.7866395903823477,0.7536640730346491,经过处理的数据 / public-data surrogate; not author-run logs
IA-NSGA-III,6,1809041,21,1008,48,48,1.0,0.0,0.0,48,0.4788053176818504,0.8310884848717967,0.7866395903823477,0.7536640730346491,经过处理的数据 / public-data surrogate; not author-run logs
IA-NSGA-III,6,1809041,22,1056,48,48,1.0,0.0,0.0,48,0.4837314147998161,0.8310884848717967,0.7941220792016059,0.7536640730346491,经过处理的数据 / public-data surrogate; not author-run logs
IA-NSGA-III,6,1809041,23,1104,48,48,1.0,0.0,0.0,48,0.48511560381657826,0.8310884848717967,0.7941220792016059,0.7557488849838587,经过处理的数据 / public-data surrogate; not author-run logs
IA-NSGA-III,6,1809041,24,1152,48,48,1.0,0.0,0.0,48,0.48850237592027257,0.8310884848717967,0.7942617202202545,0.7597173664596892,经过处理的数据 / public-data surrogate; not author-run logs
IA-NSGA-III,6,1809041,25,1200,48,48,1.0,0.0,0.0,48,0.48980642355318904,0.8310884848717967,0.7942617202202545,0.7618293812743393,经过处理的数据 / public-data surrogate; not author-run logs
IA-NSGA-III,6,1809041,26,1248,48,48,1.0,0.0,0.0,48,0.4928602075923517,0.8310884848717967,0.7965044035052987,0.7618293812743393,经过处理的数据 / public-data surrogate; not author-run logs
IA-NSGA-III,6,1809041,27,1296,48,48,1.0,0.0,0.0,48,0.4932342056419615,0.8310884848717967,0.7965044035052987,0.7618293812743393,经过处理的数据 / public-data surrogate; not author-run logs
IA-NSGA-III,6,1809041,28,1344,48,48,1.0,0.0,0.0,47,0.505706032276747,0.8514789203954274,0.7965044035052987,0.764354531259697,经过处理的数据 / public-data surrogate; not author-run logs
IA-NSGA-III,6,1809041,29,1392,48,48,1.0,0.0,0.0,47,0.5076727723578541,0.8514789203954274,0.7965044035052987,0.764354531259697,经过处理的数据 / public-data surrogate; not author-run logs
IA-NSGA-III,6,1809041,30,1440,48,48,1.0,0.0,0.0,48,0.5078195185298332,0.8514789203954274,0.7951063174953313,0.7655428702472602,经过处理的数据 / public-data surrogate; not author-run logs
IA-NSGA-III,7,1809042,1,48,48,45,0.9375,6.0418109145014366e-05,0.0029000692389602456,12,0.23668760963490523,0.6178966354658083,0.6058034056018191,0.6684341777047224,经过处理的数据 / public-data surrogate; not author-run logs
IA-NSGA-III,7,1809042,2,96,48,48,1.0,0.0,0.0,8,0.2718675315504584,0.6435603207476082,0.6486683375714541,0.6798003298912083,经过处理的数据 / public-data surrogate; not author-run logs
IA-NSGA-III,7,1809042,3,144,48,48,1.0,0.0,0.0,15,0.2806391015188821,0.6435603207476082,0.6575582344962067,0.6814782573730779,经过处理的数据 / public-data surrogate; not author-run logs
IA-NSGA-III,7,1809042,4,192,48,48,1.0,0.0,0.0,17,0.30438001757661004,0.6633968558208293,0.6983536757712283,0.6844172882236461,经过处理的数据 / public-data surrogate; not author-run logs
IA-NSGA-III,7,1809042,5,240,48,48,1.0,0.0,0.0,20,0.3195541806035995,0.6757575331641675,0.6983536757712283,0.7097915936165451,经过处理的数据 / public-data surrogate; not author-run logs
IA-NSGA-III,7,1809042,6,288,48,48,1.0,0.0,0.0,24,0.333694078670453,0.7017668239212053,0.6983536757712283,0.7097915936165451,经过处理的数据 / public-data surrogate; not author-run logs
IA-NSGA-III,7,1809042,7,336,48,48,1.0,0.0,0.0,18,0.3447961706717685,0.7174756249006076,0.6983536757712283,0.7141060422037013,经过处理的数据 / public-data surrogate; not author-run logs
IA-NSGA-III,7,1809042,8,384,48,48,1.0,0.0,0.0,28,0.3515485439946272,0.7174756249006076,0.6983536757712283,0.7290641833108521,经过处理的数据 / public-data surrogate; not author-run logs
IA-NSGA-III,7,1809042,9,432,48,48,1.0,0.0,0.0,21,0.3649210105629247,0.7199278210324135,0.7152272518630038,0.7290641833108521,经过处理的数据 / public-data surrogate; not author-run logs
IA-NSGA-III,7,1809042,10,480,48,48,1.0,0.0,0.0,26,0.37485087033236164,0.7364465114813605,0.7152272518630038,0.7302817826588518,经过处理的数据 / public-data surrogate; not author-run logs
IA-NSGA-III,7,1809042,11,528,48,48,1.0,0.0,0.0,31,0.3790942370310098,0.7415071160321454,0.7152272518630038,0.7302817826588518,经过处理的数据 / public-data surrogate; not author-run logs
IA-NSGA-III,7,1809042,12,576,48,48,1.0,0.0,0.0,27,0.38339468942015326,0.7415071160321454,0.7152272518630038,0.7344239124861884,经过处理的数据 / public-data surrogate; not author-run logs
IA-NSGA-III,7,1809042,13,624,48,48,1.0,0.0,0.0,17,0.3861478168737298,0.7415071160321454,0.7152272518630038,0.7377530868743658,经过处理的数据 / public-data surrogate; not author-run logs
IA-NSGA-III,7,1809042,14,672,48,48,1.0,0.0,0.0,23,0.4017840848856577,0.7599235469794942,0.7252480813493035,0.7385517337137387,经过处理的数据 / public-data surrogate; not author-run logs
IA-NSGA-III,7,1809042,15,720,48,48,1.0,0.0,0.0,24,0.41383595214846436,0.7608440792551441,0.7393920019718879,0.7485602586874228,经过处理的数据 / public-data surrogate; not author-run logs
IA-NSGA-III,7,1809042,16,768,48,48,1.0,0.0,0.0,26,0.4256167919690812,0.7812216532743709,0.7393920019718879,0.7501181197268019,经过处理的数据 / public-data surrogate; not author-run logs
IA-NSGA-III,7,1809042,17,816,48,48,1.0,0.0,0.0,37,0.44607960215321596,0.7812216532743709,0.7767701501003245,0.7501181197268019,经过处理的数据 / public-data surrogate; not author-run logs
IA-NSGA-III,7,1809042,18,864,48,48,1.0,0.0,0.0,34,0.450242149933447,0.7825010652265098,0.7767701501003245,0.7555930035158983,经过处理的数据 / public-data surrogate; not author-run logs
IA-NSGA-III,7,1809042,19,912,48,48,1.0,0.0,0.0,39,0.45959750556299106,0.7999794719851292,0.7767701501003245,0.7555930035158983,经过处理的数据 / public-data surrogate; not author-run logs
IA-NSGA-III,7,1809042,20,960,48,48,1.0,0.0,0.0,36,0.46417493139904753,0.805868495778403,0.7767701501003245,0.7566597377223814,经过处理的数据 / public-data surrogate; not author-run logs
IA-NSGA-III,7,1809042,21,1008,48,48,1.0,0.0,0.0,46,0.46604309930516286,0.805868495778403,0.7767701501003245,0.7579642504132815,经过处理的数据 / public-data surrogate; not author-run logs
IA-NSGA-III,7,1809042,22,1056,48,48,1.0,0.0,0.0,42,0.46761032262731034,0.805868495778403,0.7767701501003245,0.7579642504132815,经过处理的数据 / public-data surrogate; not author-run logs
IA-NSGA-III,7,1809042,23,1104,48,48,1.0,0.0,0.0,43,0.4759677249828531,0.8165578984715383,0.7795150673834851,0.7579642504132815,经过处理的数据 / public-data surrogate; not author-run logs
IA-NSGA-III,7,1809042,24,1152,48,48,1.0,0.0,0.0,48,0.47936236171177704,0.8165578984715383,0.7863193144493241,0.7579642504132815,经过处理的数据 / public-data surrogate; not author-run logs
IA-NSGA-III,7,1809042,25,1200,48,48,1.0,0.0,0.0,48,0.4815247121061217,0.8148681907461438,0.78928909677445,0.7592735142727556,经过处理的数据 / public-data surrogate; not author-run logs
IA-NSGA-III,7,1809042,26,1248,48,48,1.0,0.0,0.0,45,0.4911386884248302,0.8317374361786027,0.78928909677445,0.7592735142727556,经过处理的数据 / public-data surrogate; not author-run logs
IA-NSGA-III,7,1809042,27,1296,48,48,1.0,0.0,0.0,45,0.492413042604384,0.8317374361786027,0.78936544293934,0.7592735142727556,经过处理的数据 / public-data surrogate; not author-run logs
IA-NSGA-III,7,1809042,28,1344,48,48,1.0,0.0,0.0,48,0.5024350723981628,0.844082299455496,0.7961008156397094,0.7592735142727556,经过处理的数据 / public-data surrogate; not author-run logs
IA-NSGA-III,7,1809042,29,1392,48,48,1.0,0.0,0.0,48,0.5109856605690618,0.844082299455496,0.8120855420001675,0.7592735142727556,经过处理的数据 / public-data surrogate; not author-run logs
IA-NSGA-III,7,1809042,30,1440,48,48,1.0,0.0,0.0,48,0.5169064742859358,0.8518522857617099,0.8120855420001675,0.7621453208813174,经过处理的数据 / public-data surrogate; not author-run logs
IA-NSGA-III,8,1809043,1,48,48,48,1.0,0.0,0.0,14,0.246682030964602,0.6508298991353925,0.6130441239770649,0.6625394110290875,经过处理的数据 / public-data surrogate; not author-run logs
IA-NSGA-III,8,1809043,2,96,48,48,1.0,0.0,0.0,19,0.2586881574311283,0.6508298991353925,0.6130441239770649,0.693370710789365,经过处理的数据 / public-data surrogate; not author-run logs
IA-NSGA-III,8,1809043,3,144,48,48,1.0,0.0,0.0,26,0.27391640000832546,0.6692617337849561,0.6296952013395591,0.693370710789365,经过处理的数据 / public-data surrogate; not author-run logs
IA-NSGA-III,8,1809043,4,192,48,48,1.0,0.0,0.0,28,0.28648710372498387,0.6909961681701212,0.6296952013395591,0.6980741561753289,经过处理的数据 / public-data surrogate; not author-run logs
IA-NSGA-III,8,1809043,5,240,48,48,1.0,0.0,0.0,26,0.31202528985201283,0.6909961681701212,0.7022120456427192,0.6980741561753289,经过处理的数据 / public-data surrogate; not author-run logs
IA-NSGA-III,8,1809043,6,288,48,48,1.0,0.0,0.0,30,0.33031969838283337,0.7095387714163758,0.7022120456427192,0.705657557429253,经过处理的数据 / public-data surrogate; not author-run logs
IA-NSGA-III,8,1809043,7,336,48,48,1.0,0.0,0.0,20,0.34626823239253535,0.7328846450959835,0.7101559418031315,0.7089882055092169,经过处理的数据 / public-data surrogate; not author-run logs
IA-NSGA-III,8,1809043,8,384,48,48,1.0,0.0,0.0,27,0.3535818559681354,0.7328846450959835,0.7101559418031315,0.7089882055092169,经过处理的数据 / public-data surrogate; not author-run logs
IA-NSGA-III,8,1809043,9,432,48,48,1.0,0.0,0.0,41,0.35706108576679385,0.7328846450959835,0.7101559418031315,0.7089882055092169,经过处理的数据 / public-data surrogate; not author-run logs
IA-NSGA-III,8,1809043,10,480,48,48,1.0,0.0,0.0,29,0.37873165385794727,0.7602664489413556,0.7180359650802476,0.7160784011355876,经过处理的数据 / public-data surrogate; not author-run logs
IA-NSGA-III,8,1809043,11,528,48,48,1.0,0.0,0.0,31,0.38217106960684255,0.7602664489413556,0.7180359650802476,0.7160784011355876,经过处理的数据 / public-data surrogate; not author-run logs
IA-NSGA-III,8,1809043,12,576,48,48,1.0,0.0,0.0,39,0.3966104357255339,0.7602664489413556,0.7462160416841368,0.7179036138050723,经过处理的数据 / public-data surrogate; not author-run logs
IA-NSGA-III,8,1809043,13,624,48,48,1.0,0.0,0.0,24,0.4007422007365463,0.7602664489413556,0.7462160416841368,0.7222012347101878,经过处理的数据 / public-data surrogate; not author-run logs
IA-NSGA-III,8,1809043,14,672,48,48,1.0,0.0,0.0,30,0.4042814216642801,0.7608861273282014,0.7482821891002058,0.7222012347101878,经过处理的数据 / public-data surrogate; not author-run logs
IA-NSGA-III,8,1809043,15,720,48,48,1.0,0.0,0.0,29,0.4298245849918664,0.7710654871842791,0.7883739575372561,0.725731912895268,经过处理的数据 / public-data surrogate; not author-run logs
IA-NSGA-III,8,1809043,16,768,48,48,1.0,0.0,0.0,35,0.43859714901959157,0.7878505348946448,0.7883739575372561,0.725731912895268,经过处理的数据 / public-data surrogate; not author-run logs
IA-NSGA-III,8,1809043,17,816,48,48,1.0,0.0,0.0,35,0.4413235117221581,0.7878505348946448,0.7883739575372561,0.725731912895268,经过处理的数据 / public-data surrogate; not author-run logs
IA-NSGA-III,8,1809043,18,864,48,48,1.0,0.0,0.0,44,0.44703576742668366,0.796620105117257,0.7883739575372561,0.7260101864425915,经过处理的数据 / public-data surrogate; not author-run logs
IA-NSGA-III,8,1809043,19,912,48,48,1.0,0.0,0.0,41,0.4563001767831192,0.796620105117257,0.7883739575372561,0.7413834447098271,经过处理的数据 / public-data surrogate; not author-run logs
IA-NSGA-III,8,1809043,20,960,48,48,1.0,0.0,0.0,36,0.4641422796274087,0.796620105117257,0.803085705208396,0.7413834447098271,经过处理的数据 / public-data surrogate; not author-run logs
IA-NSGA-III,8,1809043,21,1008,48,48,1.0,0.0,0.0,45,0.467337220950767,0.8005755526766131,0.803085705208396,0.7413834447098271,经过处理的数据 / public-data surrogate; not author-run logs
IA-NSGA-III,8,1809043,22,1056,48,48,1.0,0.0,0.0,44,0.4745694172382252,0.8126913631855978,0.803085705208396,0.7413834447098271,经过处理的数据 / public-data surrogate; not author-run logs
IA-NSGA-III,8,1809043,23,1104,48,48,1.0,0.0,0.0,48,0.4814230900012696,0.8218160432903713,0.803085705208396,0.7445558068511772,经过处理的数据 / public-data surrogate; not author-run logs
IA-NSGA-III,8,1809043,24,1152,48,48,1.0,0.0,0.0,45,0.4831314910073553,0.8231627377025285,0.803085705208396,0.7448305027463824,经过处理的数据 / public-data surrogate; not author-run logs
IA-NSGA-III,8,1809043,25,1200,48,48,1.0,0.0,0.0,43,0.4847427589490776,0.8231627377025285,0.803085705208396,0.7448305027463824,经过处理的数据 / public-data surrogate; not author-run logs
IA-NSGA-III,8,1809043,26,1248,48,48,1.0,0.0,0.0,44,0.48772560184328473,0.8246991407633276,0.803085705208396,0.7448305027463824,经过处理的数据 / public-data surrogate; not author-run logs
IA-NSGA-III,8,1809043,27,1296,48,48,1.0,0.0,0.0,45,0.49363338045227934,0.832785898345929,0.8042505437397327,0.7451623197994404,经过处理的数据 / public-data surrogate; not author-run logs
IA-NSGA-III,8,1809043,28,1344,48,48,1.0,0.0,0.0,48,0.5042947347058396,0.8488971467751186,0.8078493227470245,0.7451623197994404,经过处理的数据 / public-data surrogate; not author-run logs
IA-NSGA-III,8,1809043,29,1392,48,48,1.0,0.0,0.0,48,0.5048489598766273,0.8490887580688524,0.8078493227470245,0.7451623197994404,经过处理的数据 / public-data surrogate; not author-run logs
IA-NSGA-III,8,1809043,30,1440,48,48,1.0,0.0,0.0,48,0.5053077652111113,0.8490887580688524,0.8078493227470245,0.7456136186392828,经过处理的数据 / public-data surrogate; not author-run logs
IA-NSGA-III,9,1809044,1,48,48,48,1.0,0.0,0.0,15,0.24406601053548538,0.6365495708279219,0.5871345349101266,0.6892135066883623,经过处理的数据 / public-data surrogate; not author-run logs
IA-NSGA-III,9,1809044,2,96,48,48,1.0,0.0,0.0,14,0.26790542804587525,0.6494024384540676,0.6190204202580011,0.6923991601814105,经过处理的数据 / public-data surrogate; not author-run logs
IA-NSGA-III,9,1809044,3,144,48,48,1.0,0.0,0.0,16,0.27256037158880875,0.6494024384540676,0.6228842005170386,0.6923991601814105,经过处理的数据 / public-data surrogate; not author-run logs
IA-NSGA-III,9,1809044,4,192,48,48,1.0,0.0,0.0,23,0.28512567070439626,0.6494024384540676,0.6503762235397454,0.6923991601814105,经过处理的数据 / public-data surrogate; not author-run logs
IA-NSGA-III,9,1809044,5,240,48,48,1.0,0.0,0.0,26,0.29694441782700554,0.663698496383988,0.6503762235397454,0.7110249845313521,经过处理的数据 / public-data surrogate; not author-run logs
IA-NSGA-III,9,1809044,6,288,48,48,1.0,0.0,0.0,33,0.30080118600788047,0.6682272716833683,0.6503762235397454,0.7110249845313521,经过处理的数据 / public-data surrogate; not author-run logs
IA-NSGA-III,9,1809044,7,336,48,48,1.0,0.0,0.0,16,0.30978424020206996,0.6723576503759107,0.6540182338727526,0.7145999623165964,经过处理的数据 / public-data surrogate; not author-run logs
IA-NSGA-III,9,1809044,8,384,48,48,1.0,0.0,0.0,24,0.3262035697510339,0.6941023018381861,0.658932243318375,0.7290957167511084,经过处理的数据 / public-data surrogate; not author-run logs
IA-NSGA-III,9,1809044,9,432,48,48,1.0,0.0,0.0,18,0.3291621402168187,0.6941023018381861,0.658932243318375,0.7290957167511084,经过处理的数据 / public-data surrogate; not author-run logs
IA-NSGA-III,9,1809044,10,480,48,48,1.0,0.0,0.0,24,0.3515642944398752,0.7144945030854226,0.6821628835712004,0.7388992625576966,经过处理的数据 / public-data surrogate; not author-run logs
IA-NSGA-III,9,1809044,11,528,48,48,1.0,0.0,0.0,22,0.37477184511739153,0.7333841993548603,0.6998490170233678,0.7453420180024041,经过处理的数据 / public-data surrogate; not author-run logs
IA-NSGA-III,9,1809044,12,576,48,48,1.0,0.0,0.0,29,0.387312420303756,0.7333841993548603,0.7200031798582571,0.7529280746773397,经过处理的数据 / public-data surrogate; not author-run logs
IA-NSGA-III,9,1809044,13,624,48,48,1.0,0.0,0.0,31,0.38963616855872135,0.7333841993548603,0.7200031798582571,0.7529280746773397,经过处理的数据 / public-data surrogate; not author-run logs
IA-NSGA-III,9,1809044,14,672,48,48,1.0,0.0,0.0,35,0.3932545732696048,0.7395017762602836,0.7200031798582571,0.7529280746773397,经过处理的数据 / public-data surrogate; not author-run logs
IA-NSGA-III,9,1809044,15,720,48,48,1.0,0.0,0.0,34,0.40752286171743185,0.7459479095930729,0.7397354762957137,0.7529681833207973,经过处理的数据 / public-data surrogate; not author-run logs
IA-NSGA-III,9,1809044,16,768,48,48,1.0,0.0,0.0,31,0.4113386548254729,0.7506136581079883,0.7397354762957137,0.7546214975340728,经过处理的数据 / public-data surrogate; not author-run logs
IA-NSGA-III,9,1809044,17,816,48,48,1.0,0.0,0.0,40,0.4123427500548019,0.7506136581079883,0.7397354762957137,0.7546214975340728,经过处理的数据 / public-data surrogate; not author-run logs
IA-NSGA-III,9,1809044,18,864,48,48,1.0,0.0,0.0,47,0.4193982943062281,0.7616159369642533,0.7397354762957137,0.7575725850474881,经过处理的数据 / public-data surrogate; not author-run logs
IA-NSGA-III,9,1809044,19,912,48,48,1.0,0.0,0.0,35,0.4230699463234016,0.7651427353566488,0.7397354762957137,0.7575725850474881,经过处理的数据 / public-data surrogate; not author-run logs
IA-NSGA-III,9,1809044,20,960,48,48,1.0,0.0,0.0,35,0.42700055184613517,0.7651427353566488,0.7397354762957137,0.7649466421279925,经过处理的数据 / public-data surrogate; not author-run logs
IA-NSGA-III,9,1809044,21,1008,48,48,1.0,0.0,0.0,26,0.4321797469860326,0.7651427353566488,0.746870382908999,0.7649466421279925,经过处理的数据 / public-data surrogate; not author-run logs
IA-NSGA-III,9,1809044,22,1056,48,48,1.0,0.0,0.0,26,0.4471866542489526,0.7782639733999622,0.7622189869114128,0.7649466421279925,经过处理的数据 / public-data surrogate; not author-run logs
IA-NSGA-III,9,1809044,23,1104,48,48,1.0,0.0,0.0,32,0.45298397935124657,0.7853864479213001,0.7622189869114128,0.7675840160200935,经过处理的数据 / public-data surrogate; not author-run logs
IA-NSGA-III,9,1809044,24,1152,48,48,1.0,0.0,0.0,41,0.45918444714378137,0.7859524419960605,0.7707899492340803,0.7675840160200935,经过处理的数据 / public-data surrogate; not author-run logs
IA-NSGA-III,9,1809044,25,1200,48,48,1.0,0.0,0.0,27,0.465889751258788,0.7938858971660945,0.7707899492340803,0.7704204719496252,经过处理的数据 / public-data surrogate; not author-run logs
IA-NSGA-III,9,1809044,26,1248,48,48,1.0,0.0,0.0,30,0.4762237835894827,0.8084396702994345,0.7707899492340803,0.7749404717034554,经过处理的数据 / public-data surrogate; not author-run logs
IA-NSGA-III,9,1809044,27,1296,48,48,1.0,0.0,0.0,38,0.486456007298686,0.8177473671839616,0.7793947766073979,0.7749404717034554,经过处理的数据 / public-data surrogate; not author-run logs
IA-NSGA-III,9,1809044,28,1344,48,48,1.0,0.0,0.0,48,0.4879116795578065,0.8186592279741921,0.7793947766073979,0.7749404717034554,经过处理的数据 / public-data surrogate; not author-run logs
IA-NSGA-III,9,1809044,29,1392,48,48,1.0,0.0,0.0,48,0.48995703199001106,0.8186592279741921,0.7794907269341085,0.7749404717034554,经过处理的数据 / public-data surrogate; not author-run logs
IA-NSGA-III,9,1809044,30,1440,48,48,1.0,0.0,0.0,48,0.4903882669533505,0.8186592279741921,0.7794907269341085,0.7749404717034554,经过处理的数据 / public-data surrogate; not author-run logs
IA-NSGA-III,10,1809045,1,48,48,46,0.9583333333333334,0.0004280283429202077,0.020545360460169748,8,0.24439977828833562,0.61550545100285,0.591986786910175,0.702312611109579,经过处理的数据 / public-data surrogate; not author-run logs
IA-NSGA-III,10,1809045,2,96,48,48,1.0,0.0,0.0,11,0.26193838673469794,0.6336481960880664,0.6158293405279228,0.702312611109579,经过处理的数据 / public-data surrogate; not author-run logs
IA-NSGA-III,10,1809045,3,144,48,48,1.0,0.0,0.0,16,0.28271900270218675,0.657201284589821,0.6453840690345228,0.702312611109579,经过处理的数据 / public-data surrogate; not author-run logs
IA-NSGA-III,10,1809045,4,192,48,48,1.0,0.0,0.0,22,0.30525794501291575,0.6656266595828499,0.6955442920642035,0.702312611109579,经过处理的数据 / public-data surrogate; not author-run logs
IA-NSGA-III,10,1809045,5,240,48,48,1.0,0.0,0.0,28,0.32566254116278853,0.6838959182268715,0.7089777197520346,0.7162100089204404,经过处理的数据 / public-data surrogate; not author-run logs
IA-NSGA-III,10,1809045,6,288,48,48,1.0,0.0,0.0,35,0.3332019429688991,0.6951239146307877,0.7089777197520346,0.7162100089204404,经过处理的数据 / public-data surrogate; not author-run logs
IA-NSGA-III,10,1809045,7,336,48,48,1.0,0.0,0.0,30,0.3452167267714409,0.7086623224638595,0.7089777197520346,0.7162100089204404,经过处理的数据 / public-data surrogate; not author-run logs
IA-NSGA-III,10,1809045,8,384,48,48,1.0,0.0,0.0,22,0.3694959011071338,0.7086623224638595,0.7333523947238945,0.7426461961027335,经过处理的数据 / public-data surrogate; not author-run logs
IA-NSGA-III,10,1809045,9,432,48,48,1.0,0.0,0.0,28,0.38745283257609675,0.7363425936367851,0.7449789540138925,0.7479834260281394,经过处理的数据 / public-data surrogate; not author-run logs
IA-NSGA-III,10,1809045,10,480,48,48,1.0,0.0,0.0,35,0.3970672838801925,0.7475352008361733,0.7479714161925551,0.7479834260281394,经过处理的数据 / public-data surrogate; not author-run logs
IA-NSGA-III,10,1809045,11,528,48,48,1.0,0.0,0.0,39,0.40324171892143856,0.7475352008361733,0.7522016792831383,0.7479834260281394,经过处理的数据 / public-data surrogate; not author-run logs
IA-NSGA-III,10,1809045,12,576,48,48,1.0,0.0,0.0,39,0.4071589611466512,0.7475352008361733,0.7522016792831383,0.7524896375154049,经过处理的数据 / public-data surrogate; not author-run logs
IA-NSGA-III,10,1809045,13,624,48,48,1.0,0.0,0.0,38,0.42527175482628676,0.7896087901420419,0.7522016792831383,0.7524896375154049,经过处理的数据 / public-data surrogate; not author-run logs
IA-NSGA-III,10,1809045,14,672,48,48,1.0,0.0,0.0,45,0.42975418864018966,0.7896087901420419,0.7522016792831383,0.7524896375154049,经过处理的数据 / public-data surrogate; not author-run logs
IA-NSGA-III,10,1809045,15,720,48,48,1.0,0.0,0.0,48,0.44848611159460006,0.7896087901420419,0.7873507022811822,0.7524896375154049,经过处理的数据 / public-data surrogate; not author-run logs
IA-NSGA-III,10,1809045,16,768,48,48,1.0,0.0,0.0,48,0.4503699366340172,0.7896087901420419,0.7873507022811822,0.7524896375154049,经过处理的数据 / public-data surrogate; not author-run logs
IA-NSGA-III,10,1809045,17,816,48,48,1.0,0.0,0.0,36,0.4652676310188514,0.8080580328600596,0.7923971366754807,0.7524896375154049,经过处理的数据 / public-data surrogate; not author-run logs
IA-NSGA-III,10,1809045,18,864,48,48,1.0,0.0,0.0,40,0.467657113300418,0.8080580328600596,0.7923971366754807,0.7524896375154049,经过处理的数据 / public-data surrogate; not author-run logs
IA-NSGA-III,10,1809045,19,912,48,48,1.0,0.0,0.0,40,0.47898822613788594,0.832030401310195,0.7923971366754807,0.7524896375154049,经过处理的数据 / public-data surrogate; not author-run logs
IA-NSGA-III,10,1809045,20,960,48,48,1.0,0.0,0.0,37,0.4846097320971982,0.832030401310195,0.8014400625405609,0.7524896375154049,经过处理的数据 / public-data surrogate; not author-run logs
IA-NSGA-III,10,1809045,21,1008,48,48,1.0,0.0,0.0,44,0.496884119867807,0.8462770533820912,0.8100781928108537,0.7524896375154049,经过处理的数据 / public-data surrogate; not author-run logs
IA-NSGA-III,10,1809045,22,1056,48,48,1.0,0.0,0.0,48,0.5012067056000508,0.8462770533820912,0.81744203979359,0.7524896375154049,经过处理的数据 / public-data surrogate; not author-run logs
IA-NSGA-III,10,1809045,23,1104,48,48,1.0,0.0,0.0,48,0.5099897096851277,0.8462770533820912,0.8313017038753588,0.7524896375154049,经过处理的数据 / public-data surrogate; not author-run logs
IA-NSGA-III,10,1809045,24,1152,48,48,1.0,0.0,0.0,48,0.5144340450201164,0.8462770533820912,0.8336085022006935,0.7511282046196953,经过处理的数据 / public-data surrogate; not author-run logs
IA-NSGA-III,10,1809045,25,1200,48,48,1.0,0.0,0.0,48,0.5266692051948526,0.8462770533820912,0.8593333885593135,0.7511282046196953,经过处理的数据 / public-data surrogate; not author-run logs
IA-NSGA-III,10,1809045,26,1248,48,48,1.0,0.0,0.0,48,0.5329781246512427,0.8532167901912766,0.8593333885593135,0.7511282046196953,经过处理的数据 / public-data surrogate; not author-run logs
IA-NSGA-III,10,1809045,27,1296,48,48,1.0,0.0,0.0,48,0.5337609694819464,0.8532167901912766,0.8593333885593135,0.7511282046196953,经过处理的数据 / public-data surrogate; not author-run logs
IA-NSGA-III,10,1809045,28,1344,48,48,1.0,0.0,0.0,48,0.5364560579290674,0.8572634042322543,0.8577375187703317,0.7511282046196953,经过处理的数据 / public-data surrogate; not author-run logs
IA-NSGA-III,10,1809045,29,1392,48,48,1.0,0.0,0.0,48,0.5371830562223608,0.8572634042322543,0.8577375187703317,0.7511282046196953,经过处理的数据 / public-data surrogate; not author-run logs
IA-NSGA-III,10,1809045,30,1440,48,48,1.0,0.0,0.0,48,0.5380592205889695,0.8572634042322543,0.8577375187703317,0.7511282046196953,经过处理的数据 / public-data surrogate; not author-run logs
IA-NSGA-III,11,1809046,1,48,48,46,0.9583333333333334,9.25185853854297e-18,2.220446049250313e-16,18,0.23893673352587022,0.603187414335881,0.5843804194687018,0.7021213262356822,经过处理的数据 / public-data surrogate; not author-run logs
IA-NSGA-III,11,1809046,2,96,48,48,1.0,0.0,0.0,20,0.26175492679973794,0.6190722874155786,0.6295578128235048,0.7021213262356822,经过处理的数据 / public-data surrogate; not author-run logs
IA-NSGA-III,11,1809046,3,144,48,48,1.0,0.0,0.0,19,0.27139263706572925,0.6403814858003173,0.6295578128235048,0.7021213262356822,经过处理的数据 / public-data surrogate; not author-run logs
IA-NSGA-III,11,1809046,4,192,48,48,1.0,0.0,0.0,26,0.28980273884439034,0.681136537036828,0.6346696803769892,0.7021213262356822,经过处理的数据 / public-data surrogate; not author-run logs
IA-NSGA-III,11,1809046,5,240,48,48,1.0,0.0,0.0,33,0.3132405356736781,0.681136537036828,0.6911703034375425,0.7021213262356822,经过处理的数据 / public-data surrogate; not author-run logs
IA-NSGA-III,11,1809046,6,288,48,48,1.0,0.0,0.0,30,0.3179168238529866,0.681136537036828,0.6911703034375425,0.7035717399561251,经过处理的数据 / public-data surrogate; not author-run logs
IA-NSGA-III,11,1809046,7,336,48,48,1.0,0.0,0.0,26,0.3317760578563236,0.6849979388425452,0.7085892190087434,0.7159377449689956,经过处理的数据 / public-data surrogate; not author-run logs
IA-NSGA-III,11,1809046,8,384,48,48,1.0,0.0,0.0,28,0.33467301830791624,0.6849979388425452,0.7085892190087434,0.7159377449689956,经过处理的数据 / public-data surrogate; not author-run logs
IA-NSGA-III,11,1809046,9,432,48,48,1.0,0.0,0.0,34,0.343609534981667,0.6849979388425452,0.7133625176645254,0.7229257502226303,经过处理的数据 / public-data surrogate; not author-run logs
IA-NSGA-III,11,1809046,10,480,48,48,1.0,0.0,0.0,36,0.3466619179495341,0.6878039505698731,0.7133625176645254,0.7229257502226303,经过处理的数据 / public-data surrogate; not author-run logs
IA-NSGA-III,11,1809046,11,528,48,48,1.0,0.0,0.0,43,0.36120683176527235,0.7018719656155844,0.731528935657261,0.7229257502226303,经过处理的数据 / public-data surrogate; not author-run logs
IA-NSGA-III,11,1809046,12,576,48,48,1.0,0.0,0.0,43,0.375594053081893,0.7213061621967429,0.735402038848014,0.7237298575058367,经过处理的数据 / public-data surrogate; not author-run logs
IA-NSGA-III,11,1809046,13,624,48,48,1.0,0.0,0.0,47,0.40894724151084544,0.754454410548839,0.773092376800013,0.7277421459938545,经过处理的数据 / public-data surrogate; not author-run logs
IA-NSGA-III,11,1809046,14,672,48,48,1.0,0.0,0.0,48,0.41168617307626415,0.754454410548839,0.773092376800013,0.7280192371236234,经过处理的数据 / public-data surrogate; not author-run logs
IA-NSGA-III,11,1809046,15,720,48,48,1.0,0.0,0.0,44,0.4127905061728329,0.754454410548839,0.773092376800013,0.7280192371236234,经过处理的数据 / public-data surrogate; not author-run logs
IA-NSGA-III,11,1809046,16,768,48,48,1.0,0.0,0.0,42,0.41627782254449275,0.754454410548839,0.773092376800013,0.7311961997059062,经过处理的数据 / public-data surrogate; not author-run logs
IA-NSGA-III,11,1809046,17,816,48,48,1.0,0.0,0.0,48,0.43007779610924424,0.754454410548839,0.7985337089206298,0.7321252098822684,经过处理的数据 / public-data surrogate; not author-run logs
IA-NSGA-III,11,1809046,18,864,48,48,1.0,0.0,0.0,40,0.4328263160414012,0.755213138471262,0.7985337089206298,0.7331079940657032,经过处理的数据 / public-data surrogate; not author-run logs
IA-NSGA-III,11,1809046,19,912,48,48,1.0,0.0,0.0,48,0.44402793044355476,0.7802265908286226,0.7985337089206298,0.7331079940657032,经过处理的数据 / public-data surrogate; not author-run logs
IA-NSGA-III,11,1809046,20,960,48,48,1.0,0.0,0.0,36,0.4520634604176622,0.7802265908286226,0.8058150656097371,0.7358198154382952,经过处理的数据 / public-data surrogate; not author-run logs
IA-NSGA-III,11,1809046,21,1008,48,48,1.0,0.0,0.0,44,0.4581367988330097,0.7837731338582354,0.8058150656097371,0.7414541378758907,经过处理的数据 / public-data surrogate; not author-run logs
IA-NSGA-III,11,1809046,22,1056,48,48,1.0,0.0,0.0,48,0.46055019745820935,0.7837731338582354,0.8058150656097371,0.7454316512185519,经过处理的数据 / public-data surrogate; not author-run logs
IA-NSGA-III,11,1809046,23,1104,48,48,1.0,0.0,0.0,47,0.46212338038437073,0.7837731338582354,0.8058150656097371,0.7454316512185519,经过处理的数据 / public-data surrogate; not author-run logs
IA-NSGA-III,11,1809046,24,1152,48,48,1.0,0.0,0.0,48,0.4639357737538913,0.7837731338582354,0.8058150656097371,0.7454316512185519,经过处理的数据 / public-data surrogate; not author-run logs
IA-NSGA-III,11,1809046,25,1200,48,48,1.0,0.0,0.0,47,0.4656953980144286,0.7838950279921447,0.8071192247821272,0.7454316512185519,经过处理的数据 / public-data surrogate; not author-run logs
IA-NSGA-III,11,1809046,26,1248,48,48,1.0,0.0,0.0,48,0.47288462864671954,0.790617584099031,0.8142550494270695,0.7454316512185519,经过处理的数据 / public-data surrogate; not author-run logs
IA-NSGA-III,11,1809046,27,1296,48,48,1.0,0.0,0.0,48,0.4855583737729508,0.8013432953802664,0.8249482408001886,0.7477388650212882,经过处理的数据 / public-data surrogate; not author-run logs
IA-NSGA-III,11,1809046,28,1344,48,48,1.0,0.0,0.0,48,0.4857434202901605,0.8013432953802664,0.8249482408001886,0.7474242956395197,经过处理的数据 / public-data surrogate; not author-run logs
IA-NSGA-III,11,1809046,29,1392,48,48,1.0,0.0,0.0,48,0.48680580939582074,0.8013432953802664,0.8249482408001886,0.7474242956395197,经过处理的数据 / public-data surrogate; not author-run logs
IA-NSGA-III,11,1809046,30,1440,48,48,1.0,0.0,0.0,48,0.49848118188926827,0.812699514615329,0.8337996989348606,0.7489788785395849,经过处理的数据 / public-data surrogate; not author-run logs
IA-NSGA-III,12,1809047,1,48,48,47,0.9791666666666666,0.0003597390887134326,0.017267476258244763,9,0.24538184501281374,0.6554256853326913,0.5923330973891795,0.6437845149010791,经过处理的数据 / public-data surrogate; not author-run logs
IA-NSGA-III,12,1809047,2,96,48,48,1.0,0.0,0.0,15,0.25569446644642113,0.6554256853326913,0.5923330973891795,0.6757962962558183,经过处理的数据 / public-data surrogate; not author-run logs
IA-NSGA-III,12,1809047,3,144,48,48,1.0,0.0,0.0,18,0.27053678984209184,0.6634629531002839,0.6138130014528944,0.6798964292835706,经过处理的数据 / public-data surrogate; not author-run logs
IA-NSGA-III,12,1809047,4,192,48,48,1.0,0.0,0.0,22,0.28932219343940135,0.6634629531002839,0.6578594395756853,0.6798964292835706,经过处理的数据 / public-data surrogate; not author-run logs
IA-NSGA-III,12,1809047,5,240,48,48,1.0,0.0,0.0,22,0.30215819608789396,0.6824269689957244,0.6588396304952324,0.6908688395127983,经过处理的数据 / public-data surrogate; not author-run logs
IA-NSGA-III,12,1809047,6,288,48,48,1.0,0.0,0.0,31,0.321926648349225,0.6884642157453619,0.6967556005833714,0.7000016900618512,经过处理的数据 / public-data surrogate; not author-run logs
IA-NSGA-III,12,1809047,7,336,48,48,1.0,0.0,0.0,34,0.332811942154094,0.704434986243031,0.6967556005833714,0.7000016900618512,经过处理的数据 / public-data surrogate; not author-run logs
IA-NSGA-III,12,1809047,8,384,48,48,1.0,0.0,0.0,34,0.3360894186229923,0.704434986243031,0.6967556005833714,0.7038927849172016,经过处理的数据 / public-data surrogate; not author-run logs
IA-NSGA-III,12,1809047,9,432,48,48,1.0,0.0,0.0,45,0.3495702916301358,0.7156657057597832,0.6967556005833714,0.7287520448908453,经过处理的数据 / public-data surrogate; not author-run logs
IA-NSGA-III,12,1809047,10,480,48,48,1.0,0.0,0.0,36,0.3544033393289019,0.7187294754853557,0.6967556005833714,0.7287520448908453,经过处理的数据 / public-data surrogate; not author-run logs
IA-NSGA-III,12,1809047,11,528,48,48,1.0,0.0,0.0,27,0.3664787993015808,0.7277957470280523,0.7041058256996737,0.7368541810480648,经过处理的数据 / public-data surrogate; not author-run logs
IA-NSGA-III,12,1809047,12,576,48,48,1.0,0.0,0.0,20,0.3693127169636971,0.7277957470280523,0.7050187964219108,0.7368541810480648,经过处理的数据 / public-data surrogate; not author-run logs
IA-NSGA-III,12,1809047,13,624,48,48,1.0,0.0,0.0,26,0.37907230043077966,0.7277957470280523,0.7225161641648604,0.7368541810480648,经过处理的数据 / public-data surrogate; not author-run logs
IA-NSGA-III,12,1809047,14,672,48,48,1.0,0.0,0.0,25,0.3880685103002246,0.7450551217439043,0.7225161641648604,0.7368541810480648,经过处理的数据 / public-data surrogate; not author-run logs
IA-NSGA-III,12,1809047,15,720,48,48,1.0,0.0,0.0,33,0.3917232973686145,0.7494959486971771,0.7225161641648604,0.7368541810480648,经过处理的数据 / public-data surrogate; not author-run logs
IA-NSGA-III,12,1809047,16,768,48,48,1.0,0.0,0.0,29,0.4014840449179345,0.7641384076714082,0.7230484558847117,0.7368541810480648,经过处理的数据 / public-data surrogate; not author-run logs
IA-NSGA-III,12,1809047,17,816,48,48,1.0,0.0,0.0,24,0.41866296323851176,0.7677933151675344,0.7424413944925321,0.7460595425660549,经过处理的数据 / public-data surrogate; not author-run logs
IA-NSGA-III,12,1809047,18,864,48,48,1.0,0.0,0.0,35,0.4198693735798038,0.7677933151675344,0.7424413944925321,0.7460595425660549,经过处理的数据 / public-data surrogate; not author-run logs
IA-NSGA-III,12,1809047,19,912,48,48,1.0,0.0,0.0,46,0.4217975727588321,0.7687001601212216,0.7429090520309661,0.7460595425660549,经过处理的数据 / public-data surrogate; not author-run logs
IA-NSGA-III,12,1809047,20,960,48,48,1.0,0.0,0.0,26,0.43193794076359127,0.7859521428854475,0.7439768782830587,0.7460595425660549,经过处理的数据 / public-data surrogate; not author-run logs
IA-NSGA-III,12,1809047,21,1008,48,48,1.0,0.0,0.0,32,0.4355681987181053,0.7859521428854475,0.7489935909455113,0.7460595425660549,经过处理的数据 / public-data surrogate; not author-run logs
IA-NSGA-III,12,1809047,22,1056,48,48,1.0,0.0,0.0,36,0.439697643024087,0.7918880332039598,0.7489935909455113,0.7460595425660549,经过处理的数据 / public-data surrogate; not author-run logs
IA-NSGA-III,12,1809047,23,1104,48,48,1.0,0.0,0.0,41,0.4500439578052579,0.7918880332039598,0.7686531333968665,0.7460595425660549,经过处理的数据 / public-data surrogate; not author-run logs
IA-NSGA-III,12,1809047,24,1152,48,48,1.0,0.0,0.0,39,0.4590178543302825,0.8020004883343614,0.7686531333968665,0.7522577405417198,经过处理的数据 / public-data surrogate; not author-run logs
IA-NSGA-III,12,1809047,25,1200,48,48,1.0,0.0,0.0,41,0.4676669707369391,0.8129083450261162,0.7717743199926118,0.752309236689885,经过处理的数据 / public-data surrogate; not author-run logs
IA-NSGA-III,12,1809047,26,1248,48,48,1.0,0.0,0.0,45,0.46800311050885757,0.8129083450261162,0.7717743199926118,0.7524668647329722,经过处理的数据 / public-data surrogate; not author-run logs
IA-NSGA-III,12,1809047,27,1296,48,48,1.0,0.0,0.0,48,0.4690662728699092,0.8132610866827166,0.7717743199926118,0.7524668647329722,经过处理的数据 / public-data surrogate; not author-run logs
IA-NSGA-III,12,1809047,28,1344,48,48,1.0,0.0,0.0,46,0.47095539434880584,0.8132610866827166,0.7717743199926118,0.755123591699313,经过处理的数据 / public-data surrogate; not author-run logs
IA-NSGA-III,12,1809047,29,1392,48,48,1.0,0.0,0.0,48,0.4838931699266359,0.8264647097636866,0.7824436440561431,0.755123591699313,经过处理的数据 / public-data surrogate; not author-run logs
IA-NSGA-III,12,1809047,30,1440,48,48,1.0,0.0,0.0,48,0.4849054702823464,0.8264647097636866,0.7824436440561431,0.7567128883550518,经过处理的数据 / public-data surrogate; not author-run logs
IA-NSGA-III,13,1809048,1,48,48,47,0.9791666666666666,4.625929269271485e-18,2.220446049250313e-16,10,0.2456710422912869,0.6544106167386464,0.6224811512413622,0.6377292864091315,经过处理的数据 / public-data surrogate; not author-run logs
IA-NSGA-III,13,1809048,2,96,48,48,1.0,0.0,0.0,14,0.2578826227130733,0.677823749163767,0.6224811512413622,0.6470666128337415,经过处理的数据 / public-data surrogate; not author-run logs
IA-NSGA-III,13,1809048,3,144,48,48,1.0,0.0,0.0,20,0.2700900210941094,0.677823749163767,0.6224811512413622,0.6845999468761713,经过处理的数据 / public-data surrogate; not author-run logs
IA-NSGA-III,13,1809048,4,192,48,48,1.0,0.0,0.0,27,0.2932051381378642,0.693573408284169,0.6541480639039683,0.694736922128889,经过处理的数据 / public-data surrogate; not author-run logs
IA-NSGA-III,13,1809048,5,240,48,48,1.0,0.0,0.0,28,0.30856916271024554,0.693573408284169,0.6770853818260723,0.6968675938482042,经过处理的数据 / public-data surrogate; not author-run logs
IA-NSGA-III,13,1809048,6,288,48,48,1.0,0.0,0.0,24,0.3236633693816951,0.6980050489771855,0.68933436875835,0.7115189788171069,经过处理的数据 / public-data surrogate; not author-run logs
IA-NSGA-III,13,1809048,7,336,48,48,1.0,0.0,0.0,25,0.3360355492515634,0.6997169482233997,0.7116440711446983,0.7115189788171069,经过处理的数据 / public-data surrogate; not author-run logs
IA-NSGA-III,13,1809048,8,384,48,48,1.0,0.0,0.0,25,0.3547913146071513,0.7101696680494646,0.7440174918287126,0.7115189788171069,经过处理的数据 / public-data surrogate; not author-run logs
IA-NSGA-III,13,1809048,9,432,48,48,1.0,0.0,0.0,32,0.35992156734050407,0.7167688477215367,0.7440174918287126,0.7115189788171069,经过处理的数据 / public-data surrogate; not author-run logs
IA-NSGA-III,13,1809048,10,480,48,48,1.0,0.0,0.0,27,0.3704529731116463,0.7331380200529414,0.7440174918287126,0.7115189788171069,经过处理的数据 / public-data surrogate; not author-run logs
IA-NSGA-III,13,1809048,11,528,48,48,1.0,0.0,0.0,34,0.37249615017042714,0.7331380200529414,0.7440174918287126,0.7126669486088143,经过处理的数据 / public-data surrogate; not author-run logs
IA-NSGA-III,13,1809048,12,576,48,48,1.0,0.0,0.0,26,0.38162330586068516,0.7331380200529414,0.7522609961883225,0.720686432755547,经过处理的数据 / public-data surrogate; not author-run logs
IA-NSGA-III,13,1809048,13,624,48,48,1.0,0.0,0.0,27,0.3913290779586498,0.7331380200529414,0.7651906220383601,0.7254774304081948,经过处理的数据 / public-data surrogate; not author-run logs
IA-NSGA-III,13,1809048,14,672,48,48,1.0,0.0,0.0,28,0.40884468767419474,0.7648938481403528,0.7651906220383601,0.7334263146335324,经过处理的数据 / public-data surrogate; not author-run logs
IA-NSGA-III,13,1809048,15,720,48,48,1.0,0.0,0.0,39,0.4110639261888386,0.7648938481403528,0.7656172157014689,0.7334263146335324,经过处理的数据 / public-data surrogate; not author-run logs
IA-NSGA-III,13,1809048,16,768,48,48,1.0,0.0,0.0,38,0.4147389032913921,0.7648938481403528,0.7656172157014689,0.7350639178896351,经过处理的数据 / public-data surrogate; not author-run logs
IA-NSGA-III,13,1809048,17,816,48,48,1.0,0.0,0.0,37,0.4209259570452578,0.7648938481403528,0.7757196609955055,0.7350639178896351,经过处理的数据 / public-data surrogate; not author-run logs
IA-NSGA-III,13,1809048,18,864,48,48,1.0,0.0,0.0,48,0.4216245982798079,0.7648938481403528,0.7757196609955055,0.7350639178896351,经过处理的数据 / public-data surrogate; not author-run logs
IA-NSGA-III,13,1809048,19,912,48,48,1.0,0.0,0.0,35,0.424708739290108,0.7648938481403528,0.7757196609955055,0.7350639178896351,经过处理的数据 / public-data surrogate; not author-run logs
IA-NSGA-III,13,1809048,20,960,48,48,1.0,0.0,0.0,30,0.4385280851759655,0.7770080656708924,0.7889749899963158,0.737808929098038,经过处理的数据 / public-data surrogate; not author-run logs
IA-NSGA-III,13,1809048,21,1008,48,48,1.0,0.0,0.0,36,0.4525056532590758,0.7938472886512419,0.7979867923922783,0.7382701326246435,经过处理的数据 / public-data surrogate; not author-run logs
IA-NSGA-III,13,1809048,22,1056,48,48,1.0,0.0,0.0,40,0.46059838208924353,0.7938472886512419,0.8164075409841595,0.7382701326246435,经过处理的数据 / public-data surrogate; not author-run logs
IA-NSGA-III,13,1809048,23,1104,48,48,1.0,0.0,0.0,43,0.4654080013009322,0.7938472886512419,0.8164075409841595,0.7385296638553003,经过处理的数据 / public-data surrogate; not author-run logs
IA-NSGA-III,13,1809048,24,1152,48,48,1.0,0.0,0.0,46,0.4716388472577998,0.8031081996338746,0.8164075409841595,0.7385296638553003,经过处理的数据 / public-data surrogate; not author-run logs
IA-NSGA-III,13,1809048,25,1200,48,48,1.0,0.0,0.0,48,0.478016838315826,0.8093318560043886,0.8164075409841595,0.7421996777904944,经过处理的数据 / public-data surrogate; not author-run logs
IA-NSGA-III,13,1809048,26,1248,48,48,1.0,0.0,0.0,48,0.4809484056571375,0.8093318560043886,0.8191852270599851,0.7421996777904944,经过处理的数据 / public-data surrogate; not author-run logs
IA-NSGA-III,13,1809048,27,1296,48,48,1.0,0.0,0.0,48,0.48275477984894194,0.8093318560043886,0.8191852270599851,0.7421996777904944,经过处理的数据 / public-data surrogate; not author-run logs
IA-NSGA-III,13,1809048,28,1344,48,48,1.0,0.0,0.0,48,0.48703750326045087,0.8118156593954144,0.8191852270599851,0.7456007956346916,经过处理的数据 / public-data surrogate; not author-run logs
IA-NSGA-III,13,1809048,29,1392,48,48,1.0,0.0,0.0,48,0.49101170219642853,0.8118156593954144,0.8265618266020955,0.7456007956346916,经过处理的数据 / public-data surrogate; not author-run logs
IA-NSGA-III,13,1809048,30,1440,48,48,1.0,0.0,0.0,48,0.4922872852433626,0.8181422180710296,0.8183093758561647,0.747307428067723,经过处理的数据 / public-data surrogate; not author-run logs
IA-NSGA-III,14,1809049,1,48,48,46,0.9583333333333334,9.25185853854297e-18,2.220446049250313e-16,13,0.2623711780139115,0.6764517268671609,0.6044716376087369,0.6995338003138913,经过处理的数据 / public-data surrogate; not author-run logs
IA-NSGA-III,14,1809049,2,96,48,48,1.0,0.0,0.0,16,0.2810595023825933,0.6764517268671609,0.6549181279337246,0.6995338003138913,经过处理的数据 / public-data surrogate; not author-run logs
IA-NSGA-III,14,1809049,3,144,48,48,1.0,0.0,0.0,16,0.29520719916768967,0.6764517268671609,0.6549181279337246,0.7197961094601515,经过处理的数据 / public-data surrogate; not author-run logs
IA-NSGA-III,14,1809049,4,192,48,48,1.0,0.0,0.0,19,0.31510552418523086,0.6764517268671609,0.6549181279337246,0.7473871422768894,经过处理的数据 / public-data surrogate; not author-run logs
IA-NSGA-III,14,1809049,5,240,48,48,1.0,0.0,0.0,27,0.3270265938284026,0.6926362237345153,0.666906420949162,0.7473871422768894,经过处理的数据 / public-data surrogate; not author-run logs
IA-NSGA-III,14,1809049,6,288,48,48,1.0,0.0,0.0,32,0.33478467144640417,0.697285268916083,0.6826888460354817,0.7473871422768894,经过处理的数据 / public-data surrogate; not author-run logs
IA-NSGA-III,14,1809049,7,336,48,48,1.0,0.0,0.0,25,0.3399168555138491,0.697285268916083,0.6826888460354817,0.7473871422768894,经过处理的数据 / public-data surrogate; not author-run logs
IA-NSGA-III,14,1809049,8,384,48,48,1.0,0.0,0.0,23,0.34791015778941414,0.7062241163753947,0.6826888460354817,0.7473871422768894,经过处理的数据 / public-data surrogate; not author-run logs
IA-NSGA-III,14,1809049,9,432,48,48,1.0,0.0,0.0,23,0.3695552533247374,0.7422355448289164,0.6880499854583225,0.7528462707180099,经过处理的数据 / public-data surrogate; not author-run logs
IA-NSGA-III,14,1809049,10,480,48,48,1.0,0.0,0.0,25,0.37662132866058684,0.7422355448289164,0.6942578983873424,0.7577240616266975,经过处理的数据 / public-data surrogate; not author-run logs
IA-NSGA-III,14,1809049,11,528,48,48,1.0,0.0,0.0,36,0.38879199299987544,0.7538583648398651,0.7070183997493963,0.7577240616266975,经过处理的数据 / public-data surrogate; not author-run logs
IA-NSGA-III,14,1809049,12,576,48,48,1.0,0.0,0.0,29,0.40535338311319885,0.7538583648398651,0.7428430323316982,0.7577240616266975,经过处理的数据 / public-data surrogate; not author-run logs
IA-NSGA-III,14,1809049,13,624,48,48,1.0,0.0,0.0,24,0.4120395200360261,0.7539209076015907,0.7428430323316982,0.7577240616266975,经过处理的数据 / public-data surrogate; not author-run logs
IA-NSGA-III,14,1809049,14,672,48,48,1.0,0.0,0.0,32,0.4163613988061171,0.7583620538482868,0.7428430323316982,0.7577240616266975,经过处理的数据 / public-data surrogate; not author-run logs
IA-NSGA-III,14,1809049,15,720,48,48,1.0,0.0,0.0,38,0.43531318670981833,0.7604112142034546,0.7815181812706182,0.7577240616266975,经过处理的数据 / public-data surrogate; not author-run logs
IA-NSGA-III,14,1809049,16,768,48,48,1.0,0.0,0.0,36,0.4422126325330758,0.7667340196718679,0.7815181812706182,0.7577240616266975,经过处理的数据 / public-data surrogate; not author-run logs
IA-NSGA-III,14,1809049,17,816,48,48,1.0,0.0,0.0,48,0.44697733881904556,0.7678007955079273,0.7859232127359482,0.7621246819476291,经过处理的数据 / public-data surrogate; not author-run logs
IA-NSGA-III,14,1809049,18,864,48,48,1.0,0.0,0.0,37,0.4503406975857841,0.7678007955079273,0.7859232127359482,0.7647765448911338,经过处理的数据 / public-data surrogate; not author-run logs
IA-NSGA-III,14,1809049,19,912,48,48,1.0,0.0,0.0,46,0.45419156164409163,0.772044114750832,0.7861859140972989,0.7647765448911338,经过处理的数据 / public-data surrogate; not author-run logs
IA-NSGA-III,14,1809049,20,960,48,48,1.0,0.0,0.0,48,0.46049983638971953,0.7789047897661625,0.7861859140972989,0.7657709322926671,经过处理的数据 / public-data surrogate; not author-run logs
IA-NSGA-III,14,1809049,21,1008,48,48,1.0,0.0,0.0,45,0.4640761046165509,0.7818495580946031,0.7883842517304827,0.7657709322926671,经过处理的数据 / public-data surrogate; not author-run logs
IA-NSGA-III,14,1809049,22,1056,48,48,1.0,0.0,0.0,45,0.47603826490904144,0.7818495580946031,0.8074139679292568,0.767980388890138,经过处理的数据 / public-data surrogate; not author-run logs
IA-NSGA-III,14,1809049,23,1104,48,48,1.0,0.0,0.0,43,0.4797028779933745,0.7865035197134606,0.8074139679292568,0.767980388890138,经过处理的数据 / public-data surrogate; not author-run logs
IA-NSGA-III,14,1809049,24,1152,48,48,1.0,0.0,0.0,48,0.4805122367477812,0.7865035197134606,0.8074139679292568,0.767980388890138,经过处理的数据 / public-data surrogate; not author-run logs
IA-NSGA-III,14,1809049,25,1200,48,48,1.0,0.0,0.0,48,0.4851835908887714,0.7968178046623595,0.8038719620917404,0.767980388890138,经过处理的数据 / public-data surrogate; not author-run logs
IA-NSGA-III,14,1809049,26,1248,48,48,1.0,0.0,0.0,48,0.48925270860500253,0.7968178046623595,0.8091054394958523,0.767980388890138,经过处理的数据 / public-data surrogate; not author-run logs
IA-NSGA-III,14,1809049,27,1296,48,48,1.0,0.0,0.0,48,0.49609249512542375,0.8020521499701994,0.8145606140538901,0.767980388890138,经过处理的数据 / public-data surrogate; not author-run logs
IA-NSGA-III,14,1809049,28,1344,48,48,1.0,0.0,0.0,48,0.5115124636095472,0.8046638166909219,0.8398266047869003,0.7694455976617132,经过处理的数据 / public-data surrogate; not author-run logs
IA-NSGA-III,14,1809049,29,1392,48,48,1.0,0.0,0.0,48,0.5135149073012757,0.8079695109689109,0.8398266047869003,0.7682627013293523,经过处理的数据 / public-data surrogate; not author-run logs
IA-NSGA-III,14,1809049,30,1440,48,48,1.0,0.0,0.0,48,0.5148470244215984,0.8089362893870113,0.8398266047869003,0.7694299861815227,经过处理的数据 / public-data surrogate; not author-run logs
IA-NSGA-III,15,1809050,1,48,48,48,1.0,0.0,0.0,10,0.23843487958575016,0.6028428790806746,0.5807594975756114,0.7131703467071664,经过处理的数据 / public-data surrogate; not author-run logs
IA-NSGA-III,15,1809050,2,96,48,48,1.0,0.0,0.0,17,0.26589762642782855,0.6393621719617113,0.6254294897163627,0.7131703467071664,经过处理的数据 / public-data surrogate; not author-run logs
IA-NSGA-III,15,1809050,3,144,48,48,1.0,0.0,0.0,17,0.2741203705234898,0.6393621719617113,0.6312205056704047,0.7131703467071664,经过处理的数据 / public-data surrogate; not author-run logs
IA-NSGA-III,15,1809050,4,192,48,48,1.0,0.0,0.0,25,0.2787130412771086,0.6418428904526174,0.6312205056704047,0.7131703467071664,经过处理的数据 / public-data surrogate; not author-run logs
IA-NSGA-III,15,1809050,5,240,48,48,1.0,0.0,0.0,17,0.3225192450115044,0.6441783931773671,0.7406490353142342,0.7131703467071664,经过处理的数据 / public-data surrogate; not author-run logs
IA-NSGA-III,15,1809050,6,288,48,48,1.0,0.0,0.0,14,0.33605972696118364,0.6632568052831533,0.7406490353142342,0.7131703467071664,经过处理的数据 / public-data surrogate; not author-run logs
IA-NSGA-III,15,1809050,7,336,48,48,1.0,0.0,0.0,21,0.34618073153689327,0.6826892711549452,0.7406490353142342,0.7137343478596805,经过处理的数据 / public-data surrogate; not author-run logs
IA-NSGA-III,15,1809050,8,384,48,48,1.0,0.0,0.0,31,0.35738124110434527,0.6991107427775393,0.7459539351403635,0.7191158440153987,经过处理的数据 / public-data surrogate; not author-run logs
IA-NSGA-III,15,1809050,9,432,48,48,1.0,0.0,0.0,36,0.36809545026234725,0.7202879834968129,0.7459539351403635,0.7191158440153987,经过处理的数据 / public-data surrogate; not author-run logs
IA-NSGA-III,15,1809050,10,480,48,48,1.0,0.0,0.0,37,0.37159031894376093,0.7202879834968129,0.7459539351403635,0.7191158440153987,经过处理的数据 / public-data surrogate; not author-run logs
IA-NSGA-III,15,1809050,11,528,48,48,1.0,0.0,0.0,32,0.383557084369293,0.7326917722102172,0.7459539351403635,0.7247965398175295,经过处理的数据 / public-data surrogate; not author-run logs
IA-NSGA-III,15,1809050,12,576,48,48,1.0,0.0,0.0,36,0.38982937990781885,0.7428736329981965,0.7459539351403635,0.7247965398175295,经过处理的数据 / public-data surrogate; not author-run logs
IA-NSGA-III,15,1809050,13,624,48,48,1.0,0.0,0.0,34,0.404174173796591,0.7428736329981965,0.7608184417178516,0.7347917527742076,经过处理的数据 / public-data surrogate; not author-run logs
IA-NSGA-III,15,1809050,14,672,48,48,1.0,0.0,0.0,38,0.4076541108585692,0.7448052107862901,0.7608184417178516,0.7390885800296213,经过处理的数据 / public-data surrogate; not author-run logs
IA-NSGA-III,15,1809050,15,720,48,48,1.0,0.0,0.0,42,0.4251977498997039,0.7487990390809983,0.798015020138665,0.7390885800296213,经过处理的数据 / public-data surrogate; not author-run logs
IA-NSGA-III,15,1809050,16,768,48,48,1.0,0.0,0.0,40,0.43479187823253085,0.7487990390809983,0.8166262700473468,0.7390885800296213,经过处理的数据 / public-data surrogate; not author-run logs
IA-NSGA-III,15,1809050,17,816,48,48,1.0,0.0,0.0,38,0.44201432366907817,0.7536647118856878,0.8166262700473468,0.7456890643328324,经过处理的数据 / public-data surrogate; not author-run logs
IA-NSGA-III,15,1809050,18,864,48,48,1.0,0.0,0.0,37,0.45535342779876053,0.7757245489066045,0.8166262700473468,0.7456890643328324,经过处理的数据 / public-data surrogate; not author-run logs
IA-NSGA-III,15,1809050,19,912,48,48,1.0,0.0,0.0,48,0.46075619186868444,0.7757245489066045,0.8240346952212231,0.7456890643328324,经过处理的数据 / public-data surrogate; not author-run logs
IA-NSGA-III,15,1809050,20,960,48,48,1.0,0.0,0.0,48,0.46174974184739637,0.7757245489066045,0.8240346952212231,0.7456890643328324,经过处理的数据 / public-data surrogate; not author-run logs
IA-NSGA-III,15,1809050,21,1008,48,48,1.0,0.0,0.0,48,0.4636435122840049,0.7757245489066045,0.8240346952212231,0.7456890643328324,经过处理的数据 / public-data surrogate; not author-run logs
IA-NSGA-III,15,1809050,22,1056,48,48,1.0,0.0,0.0,48,0.465399511878824,0.7757245489066045,0.8246199468135648,0.7456890643328324,经过处理的数据 / public-data surrogate; not author-run logs
IA-NSGA-III,15,1809050,23,1104,48,48,1.0,0.0,0.0,48,0.4725453243641091,0.7757245489066045,0.8246199468135648,0.7572548488144469,经过处理的数据 / public-data surrogate; not author-run logs
IA-NSGA-III,15,1809050,24,1152,48,48,1.0,0.0,0.0,48,0.47866646397969803,0.7847170666543085,0.8267063421991835,0.7572548488144469,经过处理的数据 / public-data surrogate; not author-run logs
IA-NSGA-III,15,1809050,25,1200,48,48,1.0,0.0,0.0,48,0.487480140221735,0.7847170666543085,0.8463094500947506,0.7572548488144469,经过处理的数据 / public-data surrogate; not author-run logs
IA-NSGA-III,15,1809050,26,1248,48,48,1.0,0.0,0.0,48,0.48874527498841747,0.7847170666543085,0.8463094500947506,0.7572548488144469,经过处理的数据 / public-data surrogate; not author-run logs
IA-NSGA-III,15,1809050,27,1296,48,48,1.0,0.0,0.0,48,0.4891467854540701,0.7847170666543085,0.8463094500947506,0.7572548488144469,经过处理的数据 / public-data surrogate; not author-run logs
IA-NSGA-III,15,1809050,28,1344,48,48,1.0,0.0,0.0,48,0.4904665563547177,0.78678381647321,0.8463094500947506,0.7540424740883218,经过处理的数据 / public-data surrogate; not author-run logs
IA-NSGA-III,15,1809050,29,1392,48,48,1.0,0.0,0.0,48,0.5059496533383805,0.8112961665664212,0.8463094500947506,0.7600173257149847,经过处理的数据 / public-data surrogate; not author-run logs
IA-NSGA-III,15,1809050,30,1440,48,48,1.0,0.0,0.0,48,0.5141300583288462,0.8235794349143555,0.8463094500947506,0.761447280181617,经过处理的数据 / public-data surrogate; not author-run logs
IA-NSGA-III,16,1809051,1,48,48,47,0.9791666666666666,0.0020232300599438793,0.09711504287730621,14,0.24640428903571535,0.6208880704446418,0.6089400846302728,0.683617971339658,经过处理的数据 / public-data surrogate; not author-run logs
IA-NSGA-III,16,1809051,2,96,48,48,1.0,0.0,0.0,9,0.2536247990449747,0.6208880704446418,0.6089400846302728,0.6881123361988828,经过处理的数据 / public-data surrogate; not author-run logs
IA-NSGA-III,16,1809051,3,144,48,48,1.0,0.0,0.0,15,0.2909972815526041,0.6560067856174887,0.6808461645631868,0.6881123361988828,经过处理的数据 / public-data surrogate; not author-run logs
IA-NSGA-III,16,1809051,4,192,48,48,1.0,0.0,0.0,23,0.3043809049379886,0.6592306230195144,0.6865547994384461,0.7113962718369203,经过处理的数据 / public-data surrogate; not author-run logs
IA-NSGA-III,16,1809051,5,240,48,48,1.0,0.0,0.0,11,0.318786474810659,0.6699982146708879,0.6865547994384461,0.7113962718369203,经过处理的数据 / public-data surrogate; not author-run logs
IA-NSGA-III,16,1809051,6,288,48,48,1.0,0.0,0.0,22,0.3212916646038084,0.6699982146708879,0.6912069569356478,0.7113962718369203,经过处理的数据 / public-data surrogate; not author-run logs
IA-NSGA-III,16,1809051,7,336,48,48,1.0,0.0,0.0,22,0.3514349853206145,0.6992328700499386,0.7208705760200603,0.7274349573123975,经过处理的数据 / public-data surrogate; not author-run logs
IA-NSGA-III,16,1809051,8,384,48,48,1.0,0.0,0.0,28,0.3550091841491731,0.699665396116419,0.7208705760200603,0.7281815835198886,经过处理的数据 / public-data surrogate; not author-run logs
IA-NSGA-III,16,1809051,9,432,48,48,1.0,0.0,0.0,28,0.35902193607630634,0.699665396116419,0.7239757907841311,0.7281815835198886,经过处理的数据 / public-data surrogate; not author-run logs
IA-NSGA-III,16,1809051,10,480,48,48,1.0,0.0,0.0,26,0.36763802197524437,0.7123465109083906,0.7239757907841311,0.7281815835198886,经过处理的数据 / public-data surrogate; not author-run logs
IA-NSGA-III,16,1809051,11,528,48,48,1.0,0.0,0.0,30,0.3724985620371593,0.7123465109083906,0.728784008714629,0.7315491337812403,经过处理的数据 / public-data surrogate; not author-run logs
IA-NSGA-III,16,1809051,12,576,48,48,1.0,0.0,0.0,28,0.37360439852070626,0.7123465109083906,0.728784008714629,0.7315491337812403,经过处理的数据 / public-data surrogate; not author-run logs
IA-NSGA-III,16,1809051,13,624,48,48,1.0,0.0,0.0,34,0.39697970217747414,0.7278843856397124,0.7657252120800117,0.7315491337812403,经过处理的数据 / public-data surrogate; not author-run logs
IA-NSGA-III,16,1809051,14,672,48,48,1.0,0.0,0.0,37,0.4022636158649148,0.7278843856397124,0.7719729417302952,0.7365730937887377,经过处理的数据 / public-data surrogate; not author-run logs
IA-NSGA-III,16,1809051,15,720,48,48,1.0,0.0,0.0,42,0.403016624803723,0.7278843856397124,0.7719729417302952,0.7365730937887377,经过处理的数据 / public-data surrogate; not author-run logs
IA-NSGA-III,16,1809051,16,768,48,48,1.0,0.0,0.0,48,0.409995349842294,0.7378243052013344,0.7719729417302952,0.7365730937887377,经过处理的数据 / public-data surrogate; not author-run logs
IA-NSGA-III,16,1809051,17,816,48,48,1.0,0.0,0.0,39,0.4174530810688502,0.749306407606323,0.7719729417302952,0.7365730937887377,经过处理的数据 / public-data surrogate; not author-run logs
IA-NSGA-III,16,1809051,18,864,48,48,1.0,0.0,0.0,42,0.4215869921613383,0.7568188096307186,0.7719729417302952,0.7365730937887377,经过处理的数据 / public-data surrogate; not author-run logs
IA-NSGA-III,16,1809051,19,912,48,48,1.0,0.0,0.0,48,0.4324702871081283,0.7734315708669541,0.777133808606555,0.7365730937887377,经过处理的数据 / public-data surrogate; not author-run logs
IA-NSGA-III,16,1809051,20,960,48,48,1.0,0.0,0.0,48,0.4502565369998627,0.7967985899707676,0.788548120259859,0.7365730937887377,经过处理的数据 / public-data surrogate; not author-run logs
IA-NSGA-III,16,1809051,21,1008,48,48,1.0,0.0,0.0,48,0.4509252915653918,0.7967985899707676,0.788548120259859,0.7365730937887377,经过处理的数据 / public-data surrogate; not author-run logs
IA-NSGA-III,16,1809051,22,1056,48,48,1.0,0.0,0.0,42,0.460091177891752,0.7967985899707676,0.8015557017953864,0.7400292084774003,经过处理的数据 / public-data surrogate; not author-run logs
IA-NSGA-III,16,1809051,23,1104,48,48,1.0,0.0,0.0,44,0.4615002959593578,0.7967985899707676,0.8015557017953864,0.7400292084774003,经过处理的数据 / public-data surrogate; not author-run logs
IA-NSGA-III,16,1809051,24,1152,48,48,1.0,0.0,0.0,35,0.4647030360674975,0.8000411207497609,0.8015557017953864,0.7400292084774003,经过处理的数据 / public-data surrogate; not author-run logs
IA-NSGA-III,16,1809051,25,1200,48,48,1.0,0.0,0.0,48,0.46801252487321,0.8046373099179446,0.8015557017953864,0.7400292084774003,经过处理的数据 / public-data surrogate; not author-run logs
IA-NSGA-III,16,1809051,26,1248,48,48,1.0,0.0,0.0,48,0.4796617070804122,0.8178323048218997,0.8116546476022659,0.7400292084774003,经过处理的数据 / public-data surrogate; not author-run logs
IA-NSGA-III,16,1809051,27,1296,48,48,1.0,0.0,0.0,48,0.4806646495665393,0.8178323048218997,0.8116546476022659,0.7400292084774003,经过处理的数据 / public-data surrogate; not author-run logs
IA-NSGA-III,16,1809051,28,1344,48,48,1.0,0.0,0.0,48,0.48355873305260433,0.8178323048218997,0.8116546476022659,0.7435858135806935,经过处理的数据 / public-data surrogate; not author-run logs
IA-NSGA-III,16,1809051,29,1392,48,48,1.0,0.0,0.0,48,0.4883092602364598,0.8268543502185811,0.8116546476022659,0.7435858135806935,经过处理的数据 / public-data surrogate; not author-run logs
IA-NSGA-III,16,1809051,30,1440,48,48,1.0,0.0,0.0,48,0.48934757423660924,0.8270716035134559,0.8116546476022659,0.7435858135806935,经过处理的数据 / public-data surrogate; not author-run logs
IA-NSGA-III,17,1809052,1,48,48,47,0.9791666666666666,0.0002248486482170122,0.010792735114416585,7,0.24246286753436377,0.6172691628268245,0.6048325003491749,0.6701634491023437,经过处理的数据 / public-data surrogate; not author-run logs
IA-NSGA-III,17,1809052,2,96,48,48,1.0,0.0,0.0,8,0.2673832369479517,0.6720887648887426,0.6054028025342697,0.6701634491023437,经过处理的数据 / public-data surrogate; not author-run logs
IA-NSGA-III,17,1809052,3,144,48,48,1.0,0.0,0.0,13,0.2846531780490711,0.6720887648887426,0.6289307336259076,0.6914081800679496,经过处理的数据 / public-data surrogate; not author-run logs
IA-NSGA-III,17,1809052,4,192,48,48,1.0,0.0,0.0,21,0.3004421908852946,0.6765187588481045,0.6483733305504841,0.7094200394908757,经过处理的数据 / public-data surrogate; not author-run logs
IA-NSGA-III,17,1809052,5,240,48,48,1.0,0.0,0.0,19,0.3078099674503135,0.6765187588481045,0.662313325299691,0.7094200394908757,经过处理的数据 / public-data surrogate; not author-run logs
IA-NSGA-III,17,1809052,6,288,48,48,1.0,0.0,0.0,21,0.3262986124011863,0.7002207797656281,0.6726000000050318,0.7104716790633188,经过处理的数据 / public-data surrogate; not author-run logs
IA-NSGA-III,17,1809052,7,336,48,48,1.0,0.0,0.0,27,0.3343732659936595,0.7002207797656281,0.6809638800673287,0.7221139656627164,经过处理的数据 / public-data surrogate; not author-run logs
IA-NSGA-III,17,1809052,8,384,48,48,1.0,0.0,0.0,30,0.34795075733469205,0.7172970270757684,0.6903112281125671,0.7221139656627164,经过处理的数据 / public-data surrogate; not author-run logs
IA-NSGA-III,17,1809052,9,432,48,48,1.0,0.0,0.0,31,0.35364214572103225,0.7183394139705904,0.6972820482470652,0.7221139656627164,经过处理的数据 / public-data surrogate; not author-run logs
IA-NSGA-III,17,1809052,10,480,48,48,1.0,0.0,0.0,32,0.36433333311049154,0.7247791590247114,0.7105608752669154,0.7221139656627164,经过处理的数据 / public-data surrogate; not author-run logs
IA-NSGA-III,17,1809052,11,528,48,48,1.0,0.0,0.0,26,0.3746238035621856,0.7440534590682499,0.7117255024015587,0.7228205231753299,经过处理的数据 / public-data surrogate; not author-run logs
IA-NSGA-III,17,1809052,12,576,48,48,1.0,0.0,0.0,22,0.3985843911782982,0.7496119726061546,0.7471894224656886,0.7296709011105288,经过处理的数据 / public-data surrogate; not author-run logs
IA-NSGA-III,17,1809052,13,624,48,48,1.0,0.0,0.0,28,0.4005734364126886,0.7496119726061546,0.7471894224656886,0.7296709011105288,经过处理的数据 / public-data surrogate; not author-run logs
IA-NSGA-III,17,1809052,14,672,48,48,1.0,0.0,0.0,42,0.41453304173753763,0.7641122819164956,0.7637331569183439,0.7296709011105288,经过处理的数据 / public-data surrogate; not author-run logs
IA-NSGA-III,17,1809052,15,720,48,48,1.0,0.0,0.0,36,0.4321336743639589,0.7850928163889023,0.7722239737969074,0.7296709011105288,经过处理的数据 / public-data surrogate; not author-run logs
IA-NSGA-III,17,1809052,16,768,48,48,1.0,0.0,0.0,37,0.4347537280721615,0.7850928163889023,0.7722239737969074,0.7316013841376081,经过处理的数据 / public-data surrogate; not author-run logs
IA-NSGA-III,17,1809052,17,816,48,48,1.0,0.0,0.0,36,0.44041961589407197,0.7850928163889023,0.7809034194608895,0.7326251840056439,经过处理的数据 / public-data surrogate; not author-run logs
IA-NSGA-III,17,1809052,18,864,48,48,1.0,0.0,0.0,44,0.44208774455951794,0.7850928163889023,0.7809034194608895,0.7326251840056439,经过处理的数据 / public-data surrogate; not author-run logs
IA-NSGA-III,17,1809052,19,912,48,48,1.0,0.0,0.0,47,0.4572718019212719,0.8039419566100047,0.7922589109751164,0.7326251840056439,经过处理的数据 / public-data surrogate; not author-run logs
IA-NSGA-III,17,1809052,20,960,48,48,1.0,0.0,0.0,48,0.46118613005691156,0.805496043628891,0.7922589109751164,0.7357417224680993,经过处理的数据 / public-data surrogate; not author-run logs
IA-NSGA-III,17,1809052,21,1008,48,48,1.0,0.0,0.0,48,0.46929423529605474,0.8085808634330419,0.8039797381331157,0.7357417224680993,经过处理的数据 / public-data surrogate; not author-run logs
IA-NSGA-III,17,1809052,22,1056,48,48,1.0,0.0,0.0,48,0.47344628525512994,0.8146252866060789,0.8039797381331157,0.7357417224680993,经过处理的数据 / public-data surrogate; not author-run logs
IA-NSGA-III,17,1809052,23,1104,48,48,1.0,0.0,0.0,41,0.4759924913051833,0.8171881225917794,0.8043548904642787,0.7357417224680993,经过处理的数据 / public-data surrogate; not author-run logs
IA-NSGA-III,17,1809052,24,1152,48,48,1.0,0.0,0.0,48,0.4894326548965383,0.8171881225917794,0.8273008308050622,0.7395922954782761,经过处理的数据 / public-data surrogate; not author-run logs
IA-NSGA-III,17,1809052,25,1200,48,48,1.0,0.0,0.0,48,0.4901129649300799,0.8171881225917794,0.8273008308050622,0.7395922954782761,经过处理的数据 / public-data surrogate; not author-run logs
IA-NSGA-III,17,1809052,26,1248,48,48,1.0,0.0,0.0,48,0.49275150572951737,0.8171881225917794,0.8292464435071449,0.7395922954782761,经过处理的数据 / public-data surrogate; not author-run logs
IA-NSGA-III,17,1809052,27,1296,48,48,1.0,0.0,0.0,48,0.49911199978234255,0.8228799933340516,0.8345267688528195,0.7395922954782761,经过处理的数据 / public-data surrogate; not author-run logs
IA-NSGA-III,17,1809052,28,1344,48,48,1.0,0.0,0.0,48,0.49990081388126406,0.8228799933340516,0.8345267688528195,0.7395922954782761,经过处理的数据 / public-data surrogate; not author-run logs
IA-NSGA-III,17,1809052,29,1392,48,48,1.0,0.0,0.0,48,0.5052385740528833,0.8330187765680148,0.8328730451535813,0.7399193673718496,经过处理的数据 / public-data surrogate; not author-run logs
IA-NSGA-III,17,1809052,30,1440,48,48,1.0,0.0,0.0,48,0.5064491823340969,0.8330187765680148,0.8344796590702572,0.7399193673718496,经过处理的数据 / public-data surrogate; not author-run logs
IA-NSGA-III,18,1809053,1,48,48,48,1.0,0.0,0.0,13,0.24262513417044496,0.6177411139059475,0.6078361630990051,0.6759402951682536,经过处理的数据 / public-data surrogate; not author-run logs
IA-NSGA-III,18,1809053,2,96,48,48,1.0,0.0,0.0,11,0.26418713773815555,0.6598402671942208,0.6078361630990051,0.6809315495153129,经过处理的数据 / public-data surrogate; not author-run logs
IA-NSGA-III,18,1809053,3,144,48,48,1.0,0.0,0.0,22,0.2724243754559641,0.6619614499060171,0.6273000598947548,0.6809315495153129,经过处理的数据 / public-data surrogate; not author-run logs
IA-NSGA-III,18,1809053,4,192,48,48,1.0,0.0,0.0,19,0.2749891579639844,0.6619614499060171,0.6273000598947548,0.6809315495153129,经过处理的数据 / public-data surrogate; not author-run logs
IA-NSGA-III,18,1809053,5,240,48,48,1.0,0.0,0.0,29,0.2893589802843425,0.6741875174887259,0.6301211841759468,0.7050385801164382,经过处理的数据 / public-data surrogate; not author-run logs
IA-NSGA-III,18,1809053,6,288,48,48,1.0,0.0,0.0,28,0.30360964594274503,0.6776321789542604,0.6546669570243117,0.7050385801164382,经过处理的数据 / public-data surrogate; not author-run logs
IA-NSGA-III,18,1809053,7,336,48,48,1.0,0.0,0.0,30,0.32279085924704504,0.6934942137170234,0.6546669570243117,0.7450362860677355,经过处理的数据 / public-data surrogate; not author-run logs
IA-NSGA-III,18,1809053,8,384,48,48,1.0,0.0,0.0,29,0.3423906155180141,0.7413518437110547,0.6546669570243117,0.7450362860677355,经过处理的数据 / public-data surrogate; not author-run logs
IA-NSGA-III,18,1809053,9,432,48,48,1.0,0.0,0.0,31,0.3534090938208283,0.7413518437110547,0.6704316389947534,0.7450362860677355,经过处理的数据 / public-data surrogate; not author-run logs
IA-NSGA-III,18,1809053,10,480,48,48,1.0,0.0,0.0,16,0.36888918264856135,0.7413518437110547,0.6918685153032749,0.7450362860677355,经过处理的数据 / public-data surrogate; not author-run logs
IA-NSGA-III,18,1809053,11,528,48,48,1.0,0.0,0.0,16,0.398140198798147,0.7801258489220675,0.7092372344431469,0.7450362860677355,经过处理的数据 / public-data surrogate; not author-run logs
IA-NSGA-III,18,1809053,12,576,48,48,1.0,0.0,0.0,17,0.4008658321325226,0.7801258489220675,0.7092372344431469,0.7450362860677355,经过处理的数据 / public-data surrogate; not author-run logs
IA-NSGA-III,18,1809053,13,624,48,48,1.0,0.0,0.0,12,0.4132393237561799,0.7947125489089892,0.7150845398205042,0.7450362860677355,经过处理的数据 / public-data surrogate; not author-run logs
IA-NSGA-III,18,1809053,14,672,48,48,1.0,0.0,0.0,18,0.423433335814047,0.8028354051806736,0.7192152552134957,0.7521233781410027,经过处理的数据 / public-data surrogate; not author-run logs
IA-NSGA-III,18,1809053,15,720,48,48,1.0,0.0,0.0,26,0.4435279935267533,0.818085567927664,0.7385588866318804,0.7521233781410027,经过处理的数据 / public-data surrogate; not author-run logs
IA-NSGA-III,18,1809053,16,768,48,48,1.0,0.0,0.0,38,0.45333314488286247,0.8208461316332838,0.7533062666933688,0.7521233781410027,经过处理的数据 / public-data surrogate; not author-run logs
IA-NSGA-III,18,1809053,17,816,48,48,1.0,0.0,0.0,31,0.46011110985281756,0.8208461316332838,0.7574605706941678,0.7567380088274237,经过处理的数据 / public-data surrogate; not author-run logs
IA-NSGA-III,18,1809053,18,864,48,48,1.0,0.0,0.0,39,0.4631372468952115,0.8250022217017386,0.7574605706941678,0.7567380088274237,经过处理的数据 / public-data surrogate; not author-run logs
IA-NSGA-III,18,1809053,19,912,48,48,1.0,0.0,0.0,39,0.46980226808560904,0.8292105794642265,0.762614021157536,0.7567380088274237,经过处理的数据 / public-data surrogate; not author-run logs
IA-NSGA-III,18,1809053,20,960,48,48,1.0,0.0,0.0,44,0.47101520620438714,0.8306406994057582,0.762614021157536,0.7567380088274237,经过处理的数据 / public-data surrogate; not author-run logs
IA-NSGA-III,18,1809053,21,1008,48,48,1.0,0.0,0.0,48,0.47782181572155913,0.8306406994057582,0.773686508697912,0.7567380088274237,经过处理的数据 / public-data surrogate; not author-run logs
IA-NSGA-III,18,1809053,22,1056,48,48,1.0,0.0,0.0,48,0.48381327717472095,0.834287320402935,0.773686508697912,0.7614949743565188,经过处理的数据 / public-data surrogate; not author-run logs
IA-NSGA-III,18,1809053,23,1104,48,48,1.0,0.0,0.0,47,0.484718684250938,0.834287320402935,0.773686508697912,0.7614949743565188,经过处理的数据 / public-data surrogate; not author-run logs
IA-NSGA-III,18,1809053,24,1152,48,48,1.0,0.0,0.0,48,0.48889082425328256,0.8415494577593551,0.773686508697912,0.7614949743565188,经过处理的数据 / public-data surrogate; not author-run logs
IA-NSGA-III,18,1809053,25,1200,48,48,1.0,0.0,0.0,48,0.4902179096678031,0.8428988078212327,0.7733196076227875,0.7614949743565188,经过处理的数据 / public-data surrogate; not author-run logs
IA-NSGA-III,18,1809053,26,1248,48,48,1.0,0.0,0.0,48,0.4947192079217948,0.8428988078212327,0.7806811628807329,0.7614949743565188,经过处理的数据 / public-data surrogate; not author-run logs
IA-NSGA-III,18,1809053,27,1296,48,48,1.0,0.0,0.0,47,0.4954042746672812,0.8428988078212327,0.7806811628807329,0.7614949743565188,经过处理的数据 / public-data surrogate; not author-run logs
IA-NSGA-III,18,1809053,28,1344,48,48,1.0,0.0,0.0,48,0.5007766355241166,0.8489158585850255,0.7806811628807329,0.7653103780216886,经过处理的数据 / public-data surrogate; not author-run logs
IA-NSGA-III,18,1809053,29,1392,48,48,1.0,0.0,0.0,48,0.49808368411532117,0.848989942411525,0.7747447099753522,0.7653103780216886,经过处理的数据 / public-data surrogate; not author-run logs
IA-NSGA-III,18,1809053,30,1440,48,48,1.0,0.0,0.0,48,0.4983466336279607,0.8489158585850255,0.7747447099753522,0.7653103780216886,经过处理的数据 / public-data surrogate; not author-run logs
IA-NSGA-III,19,1809054,1,48,48,47,0.9791666666666666,8.196280999171746e-05,0.003934214879602438,18,0.25208119486733066,0.6441522429362327,0.587420668387228,0.6978453037142971,经过处理的数据 / public-data surrogate; not author-run logs
IA-NSGA-III,19,1809054,2,96,48,48,1.0,0.0,0.0,18,0.26102100939693773,0.6441522429362327,0.600992162515299,0.6978453037142971,经过处理的数据 / public-data surrogate; not author-run logs
IA-NSGA-III,19,1809054,3,144,48,48,1.0,0.0,0.0,18,0.2711936231086263,0.6549524926294396,0.6125514010483504,0.7020528361396632,经过处理的数据 / public-data surrogate; not author-run logs
IA-NSGA-III,19,1809054,4,192,48,48,1.0,0.0,0.0,18,0.2928094934783041,0.6688260842462158,0.6418499762655435,0.7148454565934926,经过处理的数据 / public-data surrogate; not author-run logs
IA-NSGA-III,19,1809054,5,240,48,48,1.0,0.0,0.0,26,0.29664652432386046,0.6688260842462158,0.6418499762655435,0.7148454565934926,经过处理的数据 / public-data surrogate; not author-run logs
IA-NSGA-III,19,1809054,6,288,48,48,1.0,0.0,0.0,25,0.32655764283760347,0.7171987136241386,0.6730157570159594,0.7148454565934926,经过处理的数据 / public-data surrogate; not author-run logs
IA-NSGA-III,19,1809054,7,336,48,48,1.0,0.0,0.0,29,0.33641210850441516,0.7171987136241386,0.68424913836352,0.7164299094274198,经过处理的数据 / public-data surrogate; not author-run logs
IA-NSGA-III,19,1809054,8,384,48,48,1.0,0.0,0.0,34,0.34575966877962083,0.7356685247452248,0.68424913836352,0.7164299094274198,经过处理的数据 / public-data surrogate; not author-run logs
IA-NSGA-III,19,1809054,9,432,48,48,1.0,0.0,0.0,29,0.3644767055502286,0.7356685247452248,0.7234151528763195,0.7164299094274198,经过处理的数据 / public-data surrogate; not author-run logs
IA-NSGA-III,19,1809054,10,480,48,48,1.0,0.0,0.0,21,0.3926055108955422,0.7456828211342328,0.7604933089524697,0.7253678934977904,经过处理的数据 / public-data surrogate; not author-run logs
IA-NSGA-III,19,1809054,11,528,48,48,1.0,0.0,0.0,28,0.39771078927189124,0.745884118536523,0.7645326674296803,0.7253678934977904,经过处理的数据 / public-data surrogate; not author-run logs
IA-NSGA-III,19,1809054,12,576,48,48,1.0,0.0,0.0,28,0.403021589961565,0.745884118536523,0.7645326674296803,0.7253678934977904,经过处理的数据 / public-data surrogate; not author-run logs
IA-NSGA-III,19,1809054,13,624,48,48,1.0,0.0,0.0,21,0.41369565457856927,0.7658066070804818,0.7645326674296803,0.7253678934977904,经过处理的数据 / public-data surrogate; not author-run logs
IA-NSGA-III,19,1809054,14,672,48,48,1.0,0.0,0.0,25,0.42858281367059875,0.7724468090002669,0.7843681624597945,0.7253678934977904,经过处理的数据 / public-data surrogate; not author-run logs
IA-NSGA-III,19,1809054,15,720,48,48,1.0,0.0,0.0,29,0.43755275282470596,0.7818195819969999,0.7843681624597945,0.7311862357491681,经过处理的数据 / public-data surrogate; not author-run logs
IA-NSGA-III,19,1809054,16,768,48,48,1.0,0.0,0.0,38,0.44392481777056536,0.7818195819969999,0.7843681624597945,0.7459383956437738,经过处理的数据 / public-data surrogate; not author-run logs
IA-NSGA-III,19,1809054,17,816,48,48,1.0,0.0,0.0,37,0.44556852097678545,0.7818195819969999,0.7843681624597945,0.7459383956437738,经过处理的数据 / public-data surrogate; not author-run logs
IA-NSGA-III,19,1809054,18,864,48,48,1.0,0.0,0.0,40,0.45515407173002037,0.7881299662190547,0.7928794578156971,0.7459383956437738,经过处理的数据 / public-data surrogate; not author-run logs
IA-NSGA-III,19,1809054,19,912,48,48,1.0,0.0,0.0,48,0.45657522577297416,0.7881299662190547,0.7928794578156971,0.7459383956437738,经过处理的数据 / public-data surrogate; not author-run logs
IA-NSGA-III,19,1809054,20,960,48,48,1.0,0.0,0.0,40,0.461783692599802,0.7966601288387517,0.7928794578156971,0.7459383956437738,经过处理的数据 / public-data surrogate; not author-run logs
IA-NSGA-III,19,1809054,21,1008,48,48,1.0,0.0,0.0,46,0.46412739994336005,0.7966601288387517,0.7928794578156971,0.7482728334397039,经过处理的数据 / public-data surrogate; not author-run logs
IA-NSGA-III,19,1809054,22,1056,48,48,1.0,0.0,0.0,43,0.46565440516209,0.7966601288387517,0.7928794578156971,0.7482728334397039,经过处理的数据 / public-data surrogate; not author-run logs
IA-NSGA-III,19,1809054,23,1104,48,48,1.0,0.0,0.0,45,0.4718940067437721,0.8002408420906478,0.7928794578156971,0.7549648265092351,经过处理的数据 / public-data surrogate; not author-run logs
IA-NSGA-III,19,1809054,24,1152,48,48,1.0,0.0,0.0,42,0.48097261277140396,0.8154514323188022,0.7928794578156971,0.7549648265092351,经过处理的数据 / public-data surrogate; not author-run logs
IA-NSGA-III,19,1809054,25,1200,48,48,1.0,0.0,0.0,43,0.48249063955027777,0.8154514323188022,0.7928794578156971,0.7549648265092351,经过处理的数据 / public-data surrogate; not author-run logs
IA-NSGA-III,19,1809054,26,1248,48,48,1.0,0.0,0.0,48,0.4862415026604269,0.8154514323188022,0.7996839484649654,0.7549648265092351,经过处理的数据 / public-data surrogate; not author-run logs
IA-NSGA-III,19,1809054,27,1296,48,48,1.0,0.0,0.0,48,0.4915140581349101,0.8154514323188022,0.801177311696096,0.7611668199085252,经过处理的数据 / public-data surrogate; not author-run logs
IA-NSGA-III,19,1809054,28,1344,48,48,1.0,0.0,0.0,48,0.4918008306084583,0.8154514323188022,0.801177311696096,0.7611668199085252,经过处理的数据 / public-data surrogate; not author-run logs
IA-NSGA-III,19,1809054,29,1392,48,48,1.0,0.0,0.0,48,0.4949105112209199,0.8205773011489277,0.801177311696096,0.7611668199085252,经过处理的数据 / public-data surrogate; not author-run logs
IA-NSGA-III,19,1809054,30,1440,48,48,1.0,0.0,0.0,48,0.4955591578764378,0.8205773011489277,0.801177311696096,0.7611668199085252,经过处理的数据 / public-data surrogate; not author-run logs
IA-NSGA-III,20,1809055,1,48,48,47,0.9791666666666666,4.625929269271485e-18,2.220446049250313e-16,14,0.2566168667855883,0.6463561358419663,0.6018067810941501,0.6992684475977707,经过处理的数据 / public-data surrogate; not author-run logs
IA-NSGA-III,20,1809055,2,96,48,48,1.0,0.0,0.0,17,0.26211819587715457,0.6463561358419663,0.6039534993779999,0.6992684475977707,经过处理的数据 / public-data surrogate; not author-run logs
IA-NSGA-III,20,1809055,3,144,48,48,1.0,0.0,0.0,13,0.29783782056818286,0.6976181166879434,0.6273158795148877,0.7149279007242662,经过处理的数据 / public-data surrogate; not author-run logs
IA-NSGA-III,20,1809055,4,192,48,48,1.0,0.0,0.0,14,0.30934315561454456,0.714012354008744,0.6273158795148877,0.7149279007242662,经过处理的数据 / public-data surrogate; not author-run logs
IA-NSGA-III,20,1809055,5,240,48,48,1.0,0.0,0.0,20,0.32177107003544664,0.714012354008744,0.6538068492713737,0.7149279007242662,经过处理的数据 / public-data surrogate; not author-run logs
IA-NSGA-III,20,1809055,6,288,48,48,1.0,0.0,0.0,22,0.338421477777245,0.7199987316266037,0.6765135194016911,0.7149279007242662,经过处理的数据 / public-data surrogate; not author-run logs
IA-NSGA-III,20,1809055,7,336,48,48,1.0,0.0,0.0,26,0.3477866741968349,0.7388832147254766,0.6765135194016911,0.7149279007242662,经过处理的数据 / public-data surrogate; not author-run logs
IA-NSGA-III,20,1809055,8,384,48,48,1.0,0.0,0.0,26,0.3517361464385305,0.7402023617524468,0.6783889601529065,0.7149279007242662,经过处理的数据 / public-data surrogate; not author-run logs
IA-NSGA-III,20,1809055,9,432,48,48,1.0,0.0,0.0,23,0.37469936175792146,0.7419631993517115,0.723151286764072,0.7149279007242662,经过处理的数据 / public-data surrogate; not author-run logs
IA-NSGA-III,20,1809055,10,480,48,48,1.0,0.0,0.0,31,0.38617538785544686,0.763510974754449,0.723151286764072,0.7149279007242662,经过处理的数据 / public-data surrogate; not author-run logs
IA-NSGA-III,20,1809055,11,528,48,48,1.0,0.0,0.0,34,0.40367238887379453,0.7752111000840649,0.733919108230727,0.7342434115821678,经过处理的数据 / public-data surrogate; not author-run logs
IA-NSGA-III,20,1809055,12,576,48,48,1.0,0.0,0.0,38,0.41472243854213986,0.7752111000840649,0.7568724585538978,0.7342434115821678,经过处理的数据 / public-data surrogate; not author-run logs
IA-NSGA-III,20,1809055,13,624,48,48,1.0,0.0,0.0,33,0.42212359848118575,0.7816906716729438,0.7579840371500026,0.7358014407414988,经过处理的数据 / public-data surrogate; not author-run logs
IA-NSGA-III,20,1809055,14,672,48,48,1.0,0.0,0.0,30,0.4303712858071879,0.7819760232112486,0.7703239155080822,0.7358014407414988,经过处理的数据 / public-data surrogate; not author-run logs
IA-NSGA-III,20,1809055,15,720,48,48,1.0,0.0,0.0,23,0.4385209189670978,0.7931762318306278,0.7703239155080822,0.7358014407414988,经过处理的数据 / public-data surrogate; not author-run logs
IA-NSGA-III,20,1809055,16,768,48,48,1.0,0.0,0.0,27,0.46050756747367877,0.8265529675515653,0.7734164097330097,0.7442244164231401,经过处理的数据 / public-data surrogate; not author-run logs
IA-NSGA-III,20,1809055,17,816,48,48,1.0,0.0,0.0,37,0.46406379475497306,0.8265529675515653,0.7780304136120152,0.7442244164231401,经过处理的数据 / public-data surrogate; not author-run logs
IA-NSGA-III,20,1809055,18,864,48,48,1.0,0.0,0.0,44,0.47121578499513195,0.8265529675515653,0.7847315087221136,0.7454692376951537,经过处理的数据 / public-data surrogate; not author-run logs
IA-NSGA-III,20,1809055,19,912,48,48,1.0,0.0,0.0,43,0.47244427615099205,0.8265529675515653,0.7847315087221136,0.7454692376951537,经过处理的数据 / public-data surrogate; not author-run logs
IA-NSGA-III,20,1809055,20,960,48,48,1.0,0.0,0.0,30,0.4791179857380034,0.8357092223999922,0.7847315087221136,0.7454692376951537,经过处理的数据 / public-data surrogate; not author-run logs
IA-NSGA-III,20,1809055,21,1008,48,48,1.0,0.0,0.0,36,0.48810991981183305,0.8357092223999922,0.7939528705922722,0.7512768785333547,经过处理的数据 / public-data surrogate; not author-run logs
IA-NSGA-III,20,1809055,22,1056,48,48,1.0,0.0,0.0,46,0.48876756112521413,0.8357092223999922,0.7939528705922722,0.7512768785333547,经过处理的数据 / public-data surrogate; not author-run logs
IA-NSGA-III,20,1809055,23,1104,48,48,1.0,0.0,0.0,45,0.49458934641671753,0.8357092223999922,0.8026343910515084,0.7512768785333547,经过处理的数据 / public-data surrogate; not author-run logs
IA-NSGA-III,20,1809055,24,1152,48,48,1.0,0.0,0.0,46,0.4980223145326624,0.8403483309782462,0.8026343910515084,0.7512768785333547,经过处理的数据 / public-data surrogate; not author-run logs
IA-NSGA-III,20,1809055,25,1200,48,48,1.0,0.0,0.0,48,0.5013790878798857,0.8438363374297182,0.8026343910515084,0.7520625781522521,经过处理的数据 / public-data surrogate; not author-run logs
IA-NSGA-III,20,1809055,26,1248,48,48,1.0,0.0,0.0,48,0.5103015163546887,0.8438363374297182,0.8155373157639089,0.7546835662129658,经过处理的数据 / public-data surrogate; not author-run logs
IA-NSGA-III,20,1809055,27,1296,48,48,1.0,0.0,0.0,48,0.5175280649708084,0.8516838275114081,0.8155373157639089,0.7590606889109421,经过处理的数据 / public-data surrogate; not author-run logs
IA-NSGA-III,20,1809055,28,1344,48,48,1.0,0.0,0.0,48,0.5197567364191151,0.8516838275114081,0.8168720243653376,0.7588097676595351,经过处理的数据 / public-data surrogate; not author-run logs
IA-NSGA-III,20,1809055,29,1392,48,48,1.0,0.0,0.0,48,0.5293479964873519,0.8582532684301419,0.8279717051698349,0.7588097676595351,经过处理的数据 / public-data surrogate; not author-run logs
IA-NSGA-III,20,1809055,30,1440,48,48,1.0,0.0,0.0,48,0.529669390911387,0.8582532684301419,0.8279717051698349,0.7588097676595351,经过处理的数据 / public-data surrogate; not author-run logs
IA-NSGA-III,21,1809056,1,48,48,46,0.9583333333333334,0.0007463202594754822,0.03582337245482292,13,0.25727850679426395,0.654745808360533,0.6033801747862292,0.7027031620573143,经过处理的数据 / public-data surrogate; not author-run logs
IA-NSGA-III,21,1809056,2,96,48,48,1.0,0.0,0.0,14,0.29331631438549605,0.654745808360533,0.7064838915984338,0.7027031620573143,经过处理的数据 / public-data surrogate; not author-run logs
IA-NSGA-III,21,1809056,3,144,48,48,1.0,0.0,0.0,22,0.3010086050452527,0.654745808360533,0.7064838915984338,0.7027031620573143,经过处理的数据 / public-data surrogate; not author-run logs
IA-NSGA-III,21,1809056,4,192,48,48,1.0,0.0,0.0,28,0.3222378247659137,0.6867361127376296,0.7167512108851124,0.7077839053278834,经过处理的数据 / public-data surrogate; not author-run logs
IA-NSGA-III,21,1809056,5,240,48,48,1.0,0.0,0.0,32,0.3284054949512994,0.6867361127376296,0.7167512108851124,0.7077839053278834,经过处理的数据 / public-data surrogate; not author-run logs
IA-NSGA-III,21,1809056,6,288,48,48,1.0,0.0,0.0,36,0.33652766416270685,0.6867361127376296,0.7167512108851124,0.7220675096263468,经过处理的数据 / public-data surrogate; not author-run logs
IA-NSGA-III,21,1809056,7,336,48,48,1.0,0.0,0.0,36,0.353560253672426,0.71130849648328,0.7192766863867087,0.7220675096263468,经过处理的数据 / public-data surrogate; not author-run logs
IA-NSGA-III,21,1809056,8,384,48,48,1.0,0.0,0.0,21,0.36854250767569535,0.7312992666453191,0.7192766863867087,0.7309585127690015,经过处理的数据 / public-data surrogate; not author-run logs
IA-NSGA-III,21,1809056,9,432,48,48,1.0,0.0,0.0,29,0.37192490377294973,0.7312992666453191,0.7192766863867087,0.7309585127690015,经过处理的数据 / public-data surrogate; not author-run logs
IA-NSGA-III,21,1809056,10,480,48,48,1.0,0.0,0.0,24,0.3739165491692451,0.7312992666453191,0.7192766863867087,0.7309585127690015,经过处理的数据 / public-data surrogate; not author-run logs
IA-NSGA-III,21,1809056,11,528,48,48,1.0,0.0,0.0,25,0.38420790318960757,0.7410779239664538,0.7288093510851946,0.7310953161072098,经过处理的数据 / public-data surrogate; not author-run logs
IA-NSGA-III,21,1809056,12,576,48,48,1.0,0.0,0.0,38,0.3909039202693063,0.7501642084112913,0.7288093510851946,0.7310953161072098,经过处理的数据 / public-data surrogate; not author-run logs
IA-NSGA-III,21,1809056,13,624,48,48,1.0,0.0,0.0,38,0.41329312523746825,0.7961140919614846,0.7288093510851946,0.7310953161072098,经过处理的数据 / public-data surrogate; not author-run logs
IA-NSGA-III,21,1809056,14,672,48,48,1.0,0.0,0.0,25,0.42461800308091535,0.7961140919614846,0.7505965726205428,0.73318502740008,经过处理的数据 / public-data surrogate; not author-run logs
IA-NSGA-III,21,1809056,15,720,48,48,1.0,0.0,0.0,35,0.4405222129453931,0.7961140919614846,0.7795316448663903,0.73318502740008,经过处理的数据 / public-data surrogate; not author-run logs
IA-NSGA-III,21,1809056,16,768,48,48,1.0,0.0,0.0,31,0.4447563676600119,0.7961140919614846,0.7795316448663903,0.7378426383154613,经过处理的数据 / public-data surrogate; not author-run logs
IA-NSGA-III,21,1809056,17,816,48,48,1.0,0.0,0.0,33,0.44874571346524084,0.7995357804612225,0.7795316448663903,0.7385435295124639,经过处理的数据 / public-data surrogate; not author-run logs
IA-NSGA-III,21,1809056,18,864,48,48,1.0,0.0,0.0,39,0.4581125467749865,0.8159912313671864,0.7795316448663903,0.7385435295124639,经过处理的数据 / public-data surrogate; not author-run logs
IA-NSGA-III,21,1809056,19,912,48,48,1.0,0.0,0.0,44,0.46518871048843213,0.8207759075207856,0.7862613234968836,0.7385435295124639,经过处理的数据 / public-data surrogate; not author-run logs
IA-NSGA-III,21,1809056,20,960,48,48,1.0,0.0,0.0,48,0.46922094229011135,0.8207759075207856,0.7910227616874047,0.7399699792114578,经过处理的数据 / public-data surrogate; not author-run logs
IA-NSGA-III,21,1809056,21,1008,48,48,1.0,0.0,0.0,47,0.4709099176060758,0.8207759075207856,0.7910227616874047,0.7399699792114578,经过处理的数据 / public-data surrogate; not author-run logs
IA-NSGA-III,21,1809056,22,1056,48,48,1.0,0.0,0.0,48,0.47502710366243056,0.8281176819265238,0.7910227616874047,0.7399699792114578,经过处理的数据 / public-data surrogate; not author-run logs
IA-NSGA-III,21,1809056,23,1104,48,48,1.0,0.0,0.0,41,0.47758547888747616,0.8282547997179633,0.7910227616874047,0.7399699792114578,经过处理的数据 / public-data surrogate; not author-run logs
IA-NSGA-III,21,1809056,24,1152,48,48,1.0,0.0,0.0,48,0.47839198294967855,0.8282547997179633,0.7910227616874047,0.7399699792114578,经过处理的数据 / public-data surrogate; not author-run logs
IA-NSGA-III,21,1809056,25,1200,48,48,1.0,0.0,0.0,48,0.48867908747903577,0.8376426753051148,0.7992942399994595,0.7425171446788285,经过处理的数据 / public-data surrogate; not author-run logs
IA-NSGA-III,21,1809056,26,1248,48,48,1.0,0.0,0.0,48,0.49665385145059054,0.8376426753051148,0.8152022651995651,0.7425171446788285,经过处理的数据 / public-data surrogate; not author-run logs
IA-NSGA-III,21,1809056,27,1296,48,48,1.0,0.0,0.0,48,0.49720586570912406,0.8376426753051148,0.8152022651995651,0.7425171446788285,经过处理的数据 / public-data surrogate; not author-run logs
IA-NSGA-III,21,1809056,28,1344,48,48,1.0,0.0,0.0,48,0.49916637832327726,0.8383918228415754,0.8152022651995651,0.7438554698923602,经过处理的数据 / public-data surrogate; not author-run logs
IA-NSGA-III,21,1809056,29,1392,48,48,1.0,0.0,0.0,48,0.5020528840698801,0.8431164206019146,0.8152022651995651,0.7438554698923602,经过处理的数据 / public-data surrogate; not author-run logs
IA-NSGA-III,21,1809056,30,1440,48,48,1.0,0.0,0.0,48,0.5025490075561942,0.8431164206019146,0.8152022651995651,0.7438554698923602,经过处理的数据 / public-data surrogate; not author-run logs
IA-NSGA-III,22,1809057,1,48,48,48,1.0,0.0,0.0,15,0.23649549360519836,0.596367588846499,0.5930358566609975,0.6918347408855224,经过处理的数据 / public-data surrogate; not author-run logs
IA-NSGA-III,22,1809057,2,96,48,48,1.0,0.0,0.0,20,0.252547347050528,0.6346353015501893,0.5930358566609975,0.6956777042756357,经过处理的数据 / public-data surrogate; not author-run logs
IA-NSGA-III,22,1809057,3,144,48,48,1.0,0.0,0.0,21,0.27896369194010817,0.6346353015501893,0.6556443621607755,0.7019727567437171,经过处理的数据 / public-data surrogate; not author-run logs
IA-NSGA-III,22,1809057,4,192,48,48,1.0,0.0,0.0,32,0.2838420240258562,0.6346353015501893,0.6568104667685859,0.7038928985839328,经过处理的数据 / public-data surrogate; not author-run logs
IA-NSGA-III,22,1809057,5,240,48,48,1.0,0.0,0.0,30,0.3065942601691852,0.6539345987270286,0.6865380649942744,0.7038928985839328,经过处理的数据 / public-data surrogate; not author-run logs
IA-NSGA-III,22,1809057,6,288,48,48,1.0,0.0,0.0,25,0.30909037718090404,0.6539345987270286,0.6865380649942744,0.7038928985839328,经过处理的数据 / public-data surrogate; not author-run logs
IA-NSGA-III,22,1809057,7,336,48,48,1.0,0.0,0.0,26,0.32752032181369034,0.67859025689036,0.6865380649942744,0.7265629539811764,经过处理的数据 / public-data surrogate; not author-run logs
IA-NSGA-III,22,1809057,8,384,48,48,1.0,0.0,0.0,23,0.34803403486222895,0.67859025689036,0.7305245711335592,0.7265629539811764,经过处理的数据 / public-data surrogate; not author-run logs
IA-NSGA-III,22,1809057,9,432,48,48,1.0,0.0,0.0,20,0.3585050056966507,0.6894186911962893,0.7305245711335592,0.7333040329926982,经过处理的数据 / public-data surrogate; not author-run logs
IA-NSGA-III,22,1809057,10,480,48,48,1.0,0.0,0.0,29,0.3723125144712286,0.7182448649142218,0.7305245711335592,0.7333040329926982,经过处理的数据 / public-data surrogate; not author-run logs
IA-NSGA-III,22,1809057,11,528,48,48,1.0,0.0,0.0,27,0.3866046498273243,0.7182448649142218,0.7549116787990289,0.7421834106498781,经过处理的数据 / public-data surrogate; not author-run logs
IA-NSGA-III,22,1809057,12,576,48,48,1.0,0.0,0.0,33,0.40384661138567823,0.7506363157060244,0.7549116787990289,0.7421834106498781,经过处理的数据 / public-data surrogate; not author-run logs
IA-NSGA-III,22,1809057,13,624,48,48,1.0,0.0,0.0,36,0.40882858715267567,0.7506363157060244,0.7606089500533221,0.7422727628182217,经过处理的数据 / public-data surrogate; not author-run logs
IA-NSGA-III,22,1809057,14,672,48,48,1.0,0.0,0.0,34,0.4167134470647989,0.7506363157060244,0.7715963666766177,0.7434508464807195,经过处理的数据 / public-data surrogate; not author-run logs
IA-NSGA-III,22,1809057,15,720,48,48,1.0,0.0,0.0,29,0.4199199905354366,0.7506363157060244,0.7715963666766177,0.7434508464807195,经过处理的数据 / public-data surrogate; not author-run logs
IA-NSGA-III,22,1809057,16,768,48,48,1.0,0.0,0.0,31,0.43329651291428817,0.7709419928373104,0.7715963666766177,0.7434508464807195,经过处理的数据 / public-data surrogate; not author-run logs
IA-NSGA-III,22,1809057,17,816,48,48,1.0,0.0,0.0,38,0.4340523358173383,0.7709419928373104,0.7715963666766177,0.7439560935801794,经过处理的数据 / public-data surrogate; not author-run logs
IA-NSGA-III,22,1809057,18,864,48,48,1.0,0.0,0.0,42,0.43577037932865725,0.7709419928373104,0.7723085862893591,0.7439560935801794,经过处理的数据 / public-data surrogate; not author-run logs
IA-NSGA-III,22,1809057,19,912,48,48,1.0,0.0,0.0,43,0.44433236827638867,0.7835062281552658,0.7747501618512026,0.7439560935801794,经过处理的数据 / public-data surrogate; not author-run logs
IA-NSGA-III,22,1809057,20,960,48,48,1.0,0.0,0.0,44,0.45834020960897703,0.7975221124974442,0.7820561712438521,0.747254277204823,经过处理的数据 / public-data surrogate; not author-run logs
IA-NSGA-III,22,1809057,21,1008,48,48,1.0,0.0,0.0,48,0.4692531392899941,0.7975221124974442,0.8006021519355958,0.747254277204823,经过处理的数据 / public-data surrogate; not author-run logs
IA-NSGA-III,22,1809057,22,1056,48,48,1.0,0.0,0.0,46,0.47170814315051673,0.7975221124974442,0.8006021519355958,0.7498406859429121,经过处理的数据 / public-data surrogate; not author-run logs
IA-NSGA-III,22,1809057,23,1104,48,48,1.0,0.0,0.0,42,0.47584802419860894,0.7975221124974442,0.8074945030142026,0.7498406859429121,经过处理的数据 / public-data surrogate; not author-run logs
IA-NSGA-III,22,1809057,24,1152,48,48,1.0,0.0,0.0,35,0.47729872218803837,0.7975221124974442,0.8074945030142026,0.7498406859429121,经过处理的数据 / public-data surrogate; not author-run logs
IA-NSGA-III,22,1809057,25,1200,48,48,1.0,0.0,0.0,32,0.48176431028033373,0.8024452583698705,0.8074945030142026,0.7530610948899129,经过处理的数据 / public-data surrogate; not author-run logs
IA-NSGA-III,22,1809057,26,1248,48,48,1.0,0.0,0.0,40,0.49477530997966984,0.8185917245104259,0.8164557431662315,0.7530610948899129,经过处理的数据 / public-data surrogate; not author-run logs
IA-NSGA-III,22,1809057,27,1296,48,48,1.0,0.0,0.0,46,0.4968049806678459,0.8185917245104259,0.817986377687315,0.7530610948899129,经过处理的数据 / public-data surrogate; not author-run logs
IA-NSGA-III,22,1809057,28,1344,48,48,1.0,0.0,0.0,48,0.49949529508396195,0.8185917245104259,0.8214840185637287,0.7530610948899129,经过处理的数据 / public-data surrogate; not author-run logs
IA-NSGA-III,22,1809057,29,1392,48,48,1.0,0.0,0.0,48,0.5066072574699464,0.8252227032631042,0.8254071576585703,0.7534298771830732,经过处理的数据 / public-data surrogate; not author-run logs
IA-NSGA-III,22,1809057,30,1440,48,48,1.0,0.0,0.0,48,0.5064912141354553,0.8263022889112955,0.8254071576585703,0.7513030236279907,经过处理的数据 / public-data surrogate; not author-run logs
IA-NSGA-III,23,1809058,1,48,48,48,1.0,0.0,0.0,7,0.23517447777462852,0.6029177655498962,0.6292810589852157,0.6386995290087242,经过处理的数据 / public-data surrogate; not author-run logs
IA-NSGA-III,23,1809058,2,96,48,48,1.0,0.0,0.0,12,0.24474875981324945,0.626221285249114,0.6292810589852157,0.6440867506600824,经过处理的数据 / public-data surrogate; not author-run logs
IA-NSGA-III,23,1809058,3,144,48,48,1.0,0.0,0.0,16,0.28121496560107306,0.634662368789897,0.6941325354881344,0.6764812640045674,经过处理的数据 / public-data surrogate; not author-run logs
IA-NSGA-III,23,1809058,4,192,48,48,1.0,0.0,0.0,6,0.3217664842035416,0.677939434464417,0.7181868089225968,0.6764812640045674,经过处理的数据 / public-data surrogate; not author-run logs
IA-NSGA-III,23,1809058,5,240,48,48,1.0,0.0,0.0,9,0.33218434617904113,0.677939434464417,0.7186143085618212,0.7010366475461408,经过处理的数据 / public-data surrogate; not author-run logs
IA-NSGA-III,23,1809058,6,288,48,48,1.0,0.0,0.0,12,0.3442611879411618,0.677939434464417,0.7345419450744012,0.7150705197251715,经过处理的数据 / public-data surrogate; not author-run logs
IA-NSGA-III,23,1809058,7,336,48,48,1.0,0.0,0.0,16,0.34641548915788845,0.677939434464417,0.7345419450744012,0.7150705197251715,经过处理的数据 / public-data surrogate; not author-run logs
IA-NSGA-III,23,1809058,8,384,48,48,1.0,0.0,0.0,25,0.3578083915754182,0.7065602697883072,0.7345419450744012,0.7150705197251715,经过处理的数据 / public-data surrogate; not author-run logs
IA-NSGA-III,23,1809058,9,432,48,48,1.0,0.0,0.0,34,0.3653066196223886,0.7185799516681528,0.7345419450744012,0.7150705197251715,经过处理的数据 / public-data surrogate; not author-run logs
IA-NSGA-III,23,1809058,10,480,48,48,1.0,0.0,0.0,33,0.3891065685237992,0.7395800681141945,0.7524548957889698,0.7260150747447117,经过处理的数据 / public-data surrogate; not author-run logs
IA-NSGA-III,23,1809058,11,528,48,48,1.0,0.0,0.0,42,0.4017725830664405,0.7395800681141945,0.7761584151764551,0.7260150747447117,经过处理的数据 / public-data surrogate; not author-run logs
IA-NSGA-III,23,1809058,12,576,48,48,1.0,0.0,0.0,43,0.40963811827827856,0.7497659502008314,0.7771643525184849,0.7260150747447117,经过处理的数据 / public-data surrogate; not author-run logs
IA-NSGA-III,23,1809058,13,624,48,48,1.0,0.0,0.0,43,0.41292115901207455,0.7521337780403251,0.7771643525184849,0.7260150747447117,经过处理的数据 / public-data surrogate; not author-run logs
IA-NSGA-III,23,1809058,14,672,48,48,1.0,0.0,0.0,37,0.4148017278448729,0.7521337780403251,0.7771643525184849,0.7260150747447117,经过处理的数据 / public-data surrogate; not author-run logs
IA-NSGA-III,23,1809058,15,720,48,48,1.0,0.0,0.0,38,0.4194955083632974,0.7573112223434424,0.7786229069399531,0.7260150747447117,经过处理的数据 / public-data surrogate; not author-run logs
IA-NSGA-III,23,1809058,16,768,48,48,1.0,0.0,0.0,38,0.4402861108243304,0.7791832812125953,0.7927951551803958,0.7314345518222202,经过处理的数据 / public-data surrogate; not author-run logs
IA-NSGA-III,23,1809058,17,816,48,48,1.0,0.0,0.0,29,0.44640392783665794,0.7878489051396356,0.7927951551803958,0.7314345518222202,经过处理的数据 / public-data surrogate; not author-run logs
IA-NSGA-III,23,1809058,18,864,48,48,1.0,0.0,0.0,34,0.45456757360953515,0.7934980897305525,0.7929522665566535,0.7414858335306278,经过处理的数据 / public-data surrogate; not author-run logs
IA-NSGA-III,23,1809058,19,912,48,48,1.0,0.0,0.0,33,0.4610273399994297,0.7970278103903057,0.7929522665566535,0.7464486708033193,经过处理的数据 / public-data surrogate; not author-run logs
IA-NSGA-III,23,1809058,20,960,48,48,1.0,0.0,0.0,40,0.46812775674892,0.7970278103903057,0.806879794280019,0.7464486708033193,经过处理的数据 / public-data surrogate; not author-run logs
IA-NSGA-III,23,1809058,21,1008,48,48,1.0,0.0,0.0,42,0.4707065470701355,0.7990344968385421,0.806879794280019,0.7464486708033193,经过处理的数据 / public-data surrogate; not author-run logs
IA-NSGA-III,23,1809058,22,1056,48,48,1.0,0.0,0.0,44,0.4867915791829416,0.823685567107341,0.814704276307564,0.7464486708033193,经过处理的数据 / public-data surrogate; not author-run logs
IA-NSGA-III,23,1809058,23,1104,48,48,1.0,0.0,0.0,48,0.48984576866407603,0.823685567107341,0.8178805598237477,0.7464486708033193,经过处理的数据 / public-data surrogate; not author-run logs
IA-NSGA-III,23,1809058,24,1152,48,48,1.0,0.0,0.0,48,0.49269267762217883,0.8283411148705482,0.8205637996453325,0.7395331184497002,经过处理的数据 / public-data surrogate; not author-run logs
IA-NSGA-III,23,1809058,25,1200,48,48,1.0,0.0,0.0,48,0.4964606503153829,0.8283411148705482,0.8249113402318323,0.7395331184497002,经过处理的数据 / public-data surrogate; not author-run logs
IA-NSGA-III,23,1809058,26,1248,48,48,1.0,0.0,0.0,48,0.5035511172764153,0.8313871219845088,0.8368687228691407,0.7395331184497002,经过处理的数据 / public-data surrogate; not author-run logs
IA-NSGA-III,23,1809058,27,1296,48,48,1.0,0.0,0.0,48,0.5083933488964543,0.8313871219845088,0.8368687228691407,0.7465811518848565,经过处理的数据 / public-data surrogate; not author-run logs
IA-NSGA-III,23,1809058,28,1344,48,48,1.0,0.0,0.0,48,0.5090915638552357,0.8313871219845088,0.835114678451178,0.7465811518848565,经过处理的数据 / public-data surrogate; not author-run logs
IA-NSGA-III,23,1809058,29,1392,48,48,1.0,0.0,0.0,48,0.5078170645232591,0.8313044524034492,0.835114678451178,0.7431911453435351,经过处理的数据 / public-data surrogate; not author-run logs
IA-NSGA-III,23,1809058,30,1440,48,48,1.0,0.0,0.0,48,0.5130932623178734,0.8341650791584195,0.8399940131862647,0.7452119311319166,经过处理的数据 / public-data surrogate; not author-run logs
IA-NSGA-III,24,1809059,1,48,48,47,0.9791666666666666,4.625929269271485e-18,2.220446049250313e-16,12,0.2503866250519157,0.628420881142848,0.5834179719275442,0.7191249341807215,经过处理的数据 / public-data surrogate; not author-run logs
IA-NSGA-III,24,1809059,2,96,48,48,1.0,0.0,0.0,22,0.26067542129574844,0.628420881142848,0.615446821366188,0.7191249341807215,经过处理的数据 / public-data surrogate; not author-run logs
IA-NSGA-III,24,1809059,3,144,48,48,1.0,0.0,0.0,20,0.2748401021520701,0.6541532901452329,0.615446821366188,0.7191249341807215,经过处理的数据 / public-data surrogate; not author-run logs
IA-NSGA-III,24,1809059,4,192,48,48,1.0,0.0,0.0,26,0.2878875621452592,0.6541532901452329,0.6431309801103448,0.7191249341807215,经过处理的数据 / public-data surrogate; not author-run logs
IA-NSGA-III,24,1809059,5,240,48,48,1.0,0.0,0.0,31,0.3136127282239728,0.6716207677152337,0.6908050311030258,0.7191249341807215,经过处理的数据 / public-data surrogate; not author-run logs
IA-NSGA-III,24,1809059,6,288,48,48,1.0,0.0,0.0,23,0.3216317547809031,0.6718425542452623,0.698346026064292,0.7191249341807215,经过处理的数据 / public-data surrogate; not author-run logs
IA-NSGA-III,24,1809059,7,336,48,48,1.0,0.0,0.0,25,0.3309141268062679,0.6894714716820365,0.698346026064292,0.7191249341807215,经过处理的数据 / public-data surrogate; not author-run logs
IA-NSGA-III,24,1809059,8,384,48,48,1.0,0.0,0.0,26,0.34129434432837397,0.6894714716820365,0.7160127545180978,0.7191249341807215,经过处理的数据 / public-data surrogate; not author-run logs
IA-NSGA-III,24,1809059,9,432,48,48,1.0,0.0,0.0,37,0.3589444150145644,0.7245277069222117,0.7186140921977312,0.7191249341807215,经过处理的数据 / public-data surrogate; not author-run logs
IA-NSGA-III,24,1809059,10,480,48,48,1.0,0.0,0.0,43,0.36394693711932946,0.7245277069222117,0.7252484544527673,0.7191249341807215,经过处理的数据 / public-data surrogate; not author-run logs
IA-NSGA-III,24,1809059,11,528,48,48,1.0,0.0,0.0,38,0.391234471290626,0.7368040329673224,0.7726777694294513,0.7191249341807215,经过处理的数据 / public-data surrogate; not author-run logs
IA-NSGA-III,24,1809059,12,576,48,48,1.0,0.0,0.0,33,0.39422095393079665,0.7368040329673224,0.7726777694294513,0.7191249341807215,经过处理的数据 / public-data surrogate; not author-run logs
IA-NSGA-III,24,1809059,13,624,48,48,1.0,0.0,0.0,22,0.4033975462002096,0.7370953582331672,0.7822745652603245,0.721269310246209,经过处理的数据 / public-data surrogate; not author-run logs
IA-NSGA-III,24,1809059,14,672,48,48,1.0,0.0,0.0,33,0.41318729577943797,0.7554862005013119,0.7822745652603245,0.721269310246209,经过处理的数据 / public-data surrogate; not author-run logs
IA-NSGA-III,24,1809059,15,720,48,48,1.0,0.0,0.0,36,0.4213858405418877,0.7574028738002081,0.796569159543677,0.721269310246209,经过处理的数据 / public-data surrogate; not author-run logs
IA-NSGA-III,24,1809059,16,768,48,48,1.0,0.0,0.0,30,0.4259375478685267,0.7601303790272862,0.796569159543677,0.721269310246209,经过处理的数据 / public-data surrogate; not author-run logs
IA-NSGA-III,24,1809059,17,816,48,48,1.0,0.0,0.0,40,0.4270335363524138,0.7601303790272862,0.796569159543677,0.721269310246209,经过处理的数据 / public-data surrogate; not author-run logs
IA-NSGA-III,24,1809059,18,864,48,48,1.0,0.0,0.0,31,0.4434880410668194,0.775790489067309,0.8144721850746859,0.721269310246209,经过处理的数据 / public-data surrogate; not author-run logs
IA-NSGA-III,24,1809059,19,912,48,48,1.0,0.0,0.0,43,0.4448658381393158,0.775790489067309,0.8144721850746859,0.721269310246209,经过处理的数据 / public-data surrogate; not author-run logs
IA-NSGA-III,24,1809059,20,960,48,48,1.0,0.0,0.0,33,0.44614366490684465,0.775790489067309,0.8144721850746859,0.721269310246209,经过处理的数据 / public-data surrogate; not author-run logs
IA-NSGA-III,24,1809059,21,1008,48,48,1.0,0.0,0.0,37,0.4542824620881721,0.7848510989853632,0.8144721850746859,0.7257850034808264,经过处理的数据 / public-data surrogate; not author-run logs
IA-NSGA-III,24,1809059,22,1056,48,48,1.0,0.0,0.0,40,0.4582004051593176,0.7848510989853632,0.8190083105839354,0.7257850034808264,经过处理的数据 / public-data surrogate; not author-run logs
IA-NSGA-III,24,1809059,23,1104,48,48,1.0,0.0,0.0,41,0.4687955152524451,0.7989781352051267,0.8190083105839354,0.7301940343529993,经过处理的数据 / public-data surrogate; not author-run logs
IA-NSGA-III,24,1809059,24,1152,48,48,1.0,0.0,0.0,38,0.47454615176461107,0.7989781352051267,0.8190083105839354,0.7380880432163628,经过处理的数据 / public-data surrogate; not author-run logs
IA-NSGA-III,24,1809059,25,1200,48,48,1.0,0.0,0.0,34,0.4788104914583948,0.8054379989623975,0.8190083105839354,0.7380880432163628,经过处理的数据 / public-data surrogate; not author-run logs
IA-NSGA-III,24,1809059,26,1248,48,48,1.0,0.0,0.0,44,0.4799339717186838,0.8054379989623975,0.8190083105839354,0.7380880432163628,经过处理的数据 / public-data surrogate; not author-run logs
IA-NSGA-III,24,1809059,27,1296,48,48,1.0,0.0,0.0,34,0.4983347408048805,0.8136021698998821,0.8491160146522558,0.7380880432163628,经过处理的数据 / public-data surrogate; not author-run logs
IA-NSGA-III,24,1809059,28,1344,48,48,1.0,0.0,0.0,48,0.5000935331422489,0.8136021698998821,0.8491160146522558,0.7380880432163628,经过处理的数据 / public-data surrogate; not author-run logs
IA-NSGA-III,24,1809059,29,1392,48,48,1.0,0.0,0.0,48,0.5032836631507862,0.8170341959736261,0.8491160146522558,0.7380880432163628,经过处理的数据 / public-data surrogate; not author-run logs
IA-NSGA-III,24,1809059,30,1440,48,48,1.0,0.0,0.0,48,0.5080389262543195,0.8243903823966178,0.8491160146522558,0.7380880432163628,经过处理的数据 / public-data surrogate; not author-run logs
IA-NSGA-III,25,1809060,1,48,48,48,1.0,0.0,0.0,8,0.2621283145797967,0.6333560624631144,0.6524256211482268,0.6820241733859064,经过处理的数据 / public-data surrogate; not author-run logs
IA-NSGA-III,25,1809060,2,96,48,48,1.0,0.0,0.0,13,0.27740281825799806,0.654730353872925,0.6524256211482268,0.6820241733859064,经过处理的数据 / public-data surrogate; not author-run logs
IA-NSGA-III,25,1809060,3,144,48,48,1.0,0.0,0.0,16,0.29014675352916214,0.654730353872925,0.6524256211482268,0.7132183668628242,经过处理的数据 / public-data surrogate; not author-run logs
IA-NSGA-III,25,1809060,4,192,48,48,1.0,0.0,0.0,24,0.32038607783270373,0.6810307086439729,0.6963863202042226,0.7132183668628242,经过处理的数据 / public-data surrogate; not author-run logs
IA-NSGA-III,25,1809060,5,240,48,48,1.0,0.0,0.0,25,0.33152497189572594,0.7020023311483923,0.6963863202042226,0.7132183668628242,经过处理的数据 / public-data surrogate; not author-run logs
IA-NSGA-III,25,1809060,6,288,48,48,1.0,0.0,0.0,26,0.34286935210005065,0.7020023311483923,0.711690448839353,0.7132183668628242,经过处理的数据 / public-data surrogate; not author-run logs
IA-NSGA-III,25,1809060,7,336,48,48,1.0,0.0,0.0,29,0.35403552259703264,0.7171061061217165,0.711690448839353,0.7259273323681416,经过处理的数据 / public-data surrogate; not author-run logs
IA-NSGA-III,25,1809060,8,384,48,48,1.0,0.0,0.0,22,0.3589393084348175,0.7171061061217165,0.7120604851487503,0.7259273323681416,经过处理的数据 / public-data surrogate; not author-run logs
IA-NSGA-III,25,1809060,9,432,48,48,1.0,0.0,0.0,27,0.3635059688472164,0.7174951801471712,0.7162756256487477,0.7259273323681416,经过处理的数据 / public-data surrogate; not author-run logs
IA-NSGA-III,25,1809060,10,480,48,48,1.0,0.0,0.0,20,0.37594629750340064,0.7252930303399315,0.731616590108451,0.7273211708325591,经过处理的数据 / public-data surrogate; not author-run logs
IA-NSGA-III,25,1809060,11,528,48,48,1.0,0.0,0.0,21,0.3899281807284255,0.748720040052619,0.7322297250136183,0.7273211708325591,经过处理的数据 / public-data surrogate; not author-run logs
IA-NSGA-III,25,1809060,12,576,48,48,1.0,0.0,0.0,26,0.40265261633712623,0.7537310199719794,0.7505797260226997,0.7273211708325591,经过处理的数据 / public-data surrogate; not author-run logs
IA-NSGA-III,25,1809060,13,624,48,48,1.0,0.0,0.0,26,0.43385098740532857,0.8068368653049519,0.7620244158163904,0.7273211708325591,经过处理的数据 / public-data surrogate; not author-run logs
IA-NSGA-III,25,1809060,14,672,48,48,1.0,0.0,0.0,30,0.44527248308015277,0.8068368653049519,0.7748607958500153,0.7389671465960767,经过处理的数据 / public-data surrogate; not author-run logs
IA-NSGA-III,25,1809060,15,720,48,48,1.0,0.0,0.0,27,0.4511316880331056,0.8068368653049519,0.7748607958500153,0.7460038298456433,经过处理的数据 / public-data surrogate; not author-run logs
IA-NSGA-III,25,1809060,16,768,48,48,1.0,0.0,0.0,31,0.4526698144734264,0.8068368653049519,0.7748607958500153,0.7460038298456433,经过处理的数据 / public-data surrogate; not author-run logs
IA-NSGA-III,25,1809060,17,816,48,48,1.0,0.0,0.0,30,0.4583901719558678,0.8068368653049519,0.7802066578265429,0.7460038298456433,经过处理的数据 / public-data surrogate; not author-run logs
IA-NSGA-III,25,1809060,18,864,48,48,1.0,0.0,0.0,34,0.46152761619145216,0.8079037346939794,0.7802066578265429,0.7467100801478006,经过处理的数据 / public-data surrogate; not author-run logs
IA-NSGA-III,25,1809060,19,912,48,48,1.0,0.0,0.0,46,0.4630596651427692,0.8079037346939794,0.7802066578265429,0.7467100801478006,经过处理的数据 / public-data surrogate; not author-run logs
IA-NSGA-III,25,1809060,20,960,48,48,1.0,0.0,0.0,47,0.4676707631906625,0.8079037346939794,0.7859343224287517,0.7467100801478006,经过处理的数据 / public-data surrogate; not author-run logs
IA-NSGA-III,25,1809060,21,1008,48,48,1.0,0.0,0.0,43,0.4812019909996513,0.8246865652809566,0.7859343224287517,0.7551426787896459,经过处理的数据 / public-data surrogate; not author-run logs
IA-NSGA-III,25,1809060,22,1056,48,48,1.0,0.0,0.0,48,0.48183842770727614,0.8246865652809566,0.7859343224287517,0.7551426787896459,经过处理的数据 / public-data surrogate; not author-run logs
IA-NSGA-III,25,1809060,23,1104,48,48,1.0,0.0,0.0,48,0.48242431464709934,0.8246865652809566,0.7859343224287517,0.7551426787896459,经过处理的数据 / public-data surrogate; not author-run logs
IA-NSGA-III,25,1809060,24,1152,48,48,1.0,0.0,0.0,48,0.48740431839776377,0.8260364867685395,0.793626252487499,0.7551426787896459,经过处理的数据 / public-data surrogate; not author-run logs
IA-NSGA-III,25,1809060,25,1200,48,48,1.0,0.0,0.0,48,0.4903043780481491,0.8260364867685395,0.7970238634136303,0.7551426787896459,经过处理的数据 / public-data surrogate; not author-run logs
IA-NSGA-III,25,1809060,26,1248,48,48,1.0,0.0,0.0,48,0.4935221133717288,0.8260364867685395,0.8023863550941985,0.7551426787896459,经过处理的数据 / public-data surrogate; not author-run logs
IA-NSGA-III,25,1809060,27,1296,48,48,1.0,0.0,0.0,48,0.4982125348457759,0.8260364867685395,0.8023863550941985,0.7628629945975595,经过处理的数据 / public-data surrogate; not author-run logs
IA-NSGA-III,25,1809060,28,1344,48,48,1.0,0.0,0.0,48,0.49966666476023525,0.8263531101230761,0.8023863550941985,0.7628629945975595,经过处理的数据 / public-data surrogate; not author-run logs
IA-NSGA-III,25,1809060,29,1392,48,48,1.0,0.0,0.0,48,0.5131879641069057,0.8466545135999781,0.8079636618925881,0.7628629945975595,经过处理的数据 / public-data surrogate; not author-run logs
IA-NSGA-III,25,1809060,30,1440,48,48,1.0,0.0,0.0,48,0.5149876234150129,0.8466545135999781,0.8103920342709966,0.7628629945975595,经过处理的数据 / public-data surrogate; not author-run logs
IA-NSGA-III,26,1809061,1,48,48,47,0.9791666666666666,4.625929269271485e-18,2.220446049250313e-16,15,0.24151767458168538,0.6296958756324877,0.5948581727252102,0.672607624773766,经过处理的数据 / public-data surrogate; not author-run logs
IA-NSGA-III,26,1809061,2,96,48,48,1.0,0.0,0.0,20,0.2632359772151981,0.6296958756324877,0.6476814707317047,0.672607624773766,经过处理的数据 / public-data surrogate; not author-run logs
IA-NSGA-III,26,1809061,3,144,48,48,1.0,0.0,0.0,19,0.2774992104107116,0.6491480051437546,0.6476814707317047,0.6873626162709313,经过处理的数据 / public-data surrogate; not author-run logs
IA-NSGA-III,26,1809061,4,192,48,48,1.0,0.0,0.0,32,0.3089057574765087,0.688838190773495,0.6955792094382003,0.6933597090077489,经过处理的数据 / public-data surrogate; not author-run logs
IA-NSGA-III,26,1809061,5,240,48,48,1.0,0.0,0.0,27,0.3181565086652864,0.688838190773495,0.6955792094382003,0.7131606694698862,经过处理的数据 / public-data surrogate; not author-run logs
IA-NSGA-III,26,1809061,6,288,48,48,1.0,0.0,0.0,34,0.3241218733356939,0.6987505685614214,0.6955792094382003,0.715923129766263,经过处理的数据 / public-data surrogate; not author-run logs
IA-NSGA-III,26,1809061,7,336,48,48,1.0,0.0,0.0,17,0.342029638873891,0.6987505685614214,0.7019820778679985,0.7166366134878069,经过处理的数据 / public-data surrogate; not author-run logs
IA-NSGA-III,26,1809061,8,384,48,48,1.0,0.0,0.0,17,0.3477919733736982,0.6987505685614214,0.7019820778679985,0.7368233306632116,经过处理的数据 / public-data surrogate; not author-run logs
IA-NSGA-III,26,1809061,9,432,48,48,1.0,0.0,0.0,11,0.3520079667213274,0.6987505685614214,0.7019820778679985,0.7368233306632116,经过处理的数据 / public-data surrogate; not author-run logs
IA-NSGA-III,26,1809061,10,480,48,48,1.0,0.0,0.0,20,0.3620937964266682,0.7049679741664604,0.7221110832834748,0.7368233306632116,经过处理的数据 / public-data surrogate; not author-run logs
IA-NSGA-III,26,1809061,11,528,48,48,1.0,0.0,0.0,31,0.37118925823262117,0.7049679741664604,0.7296314459802883,0.7447128262699687,经过处理的数据 / public-data surrogate; not author-run logs
IA-NSGA-III,26,1809061,12,576,48,48,1.0,0.0,0.0,24,0.38764629606915346,0.7404154845186971,0.7296314459802883,0.7447128262699687,经过处理的数据 / public-data surrogate; not author-run logs
IA-NSGA-III,26,1809061,13,624,48,48,1.0,0.0,0.0,31,0.4024987175697252,0.7404154845186971,0.7490312090120215,0.7447128262699687,经过处理的数据 / public-data surrogate; not author-run logs
IA-NSGA-III,26,1809061,14,672,48,48,1.0,0.0,0.0,28,0.4067607898189124,0.7434775640541748,0.7500555242126261,0.7447128262699687,经过处理的数据 / public-data surrogate; not author-run logs
IA-NSGA-III,26,1809061,15,720,48,48,1.0,0.0,0.0,27,0.4098477014455072,0.7472892919617468,0.7500555242126261,0.7447128262699687,经过处理的数据 / public-data surrogate; not author-run logs
IA-NSGA-III,26,1809061,16,768,48,48,1.0,0.0,0.0,19,0.41505439334089983,0.7485482130897123,0.7536829387204376,0.7447128262699687,经过处理的数据 / public-data surrogate; not author-run logs
IA-NSGA-III,26,1809061,17,816,48,48,1.0,0.0,0.0,21,0.4254725416747195,0.7652602974223073,0.7536829387204376,0.7469691531756579,经过处理的数据 / public-data surrogate; not author-run logs
IA-NSGA-III,26,1809061,18,864,48,48,1.0,0.0,0.0,32,0.4328805119417025,0.7656817232213139,0.764108971269971,0.7503292205204398,经过处理的数据 / public-data surrogate; not author-run logs
IA-NSGA-III,26,1809061,19,912,48,48,1.0,0.0,0.0,40,0.43860121400795476,0.7713974725467607,0.7660125580870912,0.75274074187536,经过处理的数据 / public-data surrogate; not author-run logs
IA-NSGA-III,26,1809061,20,960,48,48,1.0,0.0,0.0,48,0.4451721929748344,0.7713974725467607,0.77960700218985,0.75274074187536,经过处理的数据 / public-data surrogate; not author-run logs
IA-NSGA-III,26,1809061,21,1008,48,48,1.0,0.0,0.0,48,0.44843145910540916,0.7729169917163004,0.7823992286746411,0.7529118967476159,经过处理的数据 / public-data surrogate; not author-run logs
IA-NSGA-III,26,1809061,22,1056,48,48,1.0,0.0,0.0,48,0.45670220508476045,0.786552773445958,0.7834851472711994,0.7529118967476159,经过处理的数据 / public-data surrogate; not author-run logs
IA-NSGA-III,26,1809061,23,1104,48,48,1.0,0.0,0.0,45,0.4626986347304749,0.7904561711921354,0.7834851472711994,0.7610151198509538,经过处理的数据 / public-data surrogate; not author-run logs
IA-NSGA-III,26,1809061,24,1152,48,48,1.0,0.0,0.0,43,0.4675491331993697,0.7904561711921354,0.7926753824114143,0.7610151198509538,经过处理的数据 / public-data surrogate; not author-run logs
IA-NSGA-III,26,1809061,25,1200,48,48,1.0,0.0,0.0,41,0.47137662611742503,0.7907312688739733,0.7926753824114143,0.7689026184985108,经过处理的数据 / public-data surrogate; not author-run logs
IA-NSGA-III,26,1809061,26,1248,48,48,1.0,0.0,0.0,48,0.4750211278637223,0.7907312688739733,0.7988106787953544,0.7689026184985108,经过处理的数据 / public-data surrogate; not author-run logs
IA-NSGA-III,26,1809061,27,1296,48,48,1.0,0.0,0.0,48,0.4858061991649683,0.7907312688739733,0.8143190694164373,0.7736026013968303,经过处理的数据 / public-data surrogate; not author-run logs
IA-NSGA-III,26,1809061,28,1344,48,48,1.0,0.0,0.0,48,0.48755560530127817,0.7912953489063692,0.8143190694164373,0.7736026013968303,经过处理的数据 / public-data surrogate; not author-run logs
IA-NSGA-III,26,1809061,29,1392,48,48,1.0,0.0,0.0,48,0.49018778471475,0.7946195542880875,0.8143190694164373,0.7736026013968303,经过处理的数据 / public-data surrogate; not author-run logs
IA-NSGA-III,26,1809061,30,1440,48,48,1.0,0.0,0.0,48,0.4962987051625224,0.8022260259374612,0.8175118654349753,0.7736026013968303,经过处理的数据 / public-data surrogate; not author-run logs
IA-NSGA-III,27,1809062,1,48,48,48,1.0,0.0,0.0,12,0.2468284279759699,0.6283210631301106,0.5832431430319013,0.7128001676972027,经过处理的数据 / public-data surrogate; not author-run logs
IA-NSGA-III,27,1809062,2,96,48,48,1.0,0.0,0.0,12,0.2625807117200849,0.6283210631301106,0.6161026822495591,0.7128001676972027,经过处理的数据 / public-data surrogate; not author-run logs
IA-NSGA-III,27,1809062,3,144,48,48,1.0,0.0,0.0,19,0.2760818932047645,0.6391855781219127,0.6303751266276741,0.7128001676972027,经过处理的数据 / public-data surrogate; not author-run logs
IA-NSGA-III,27,1809062,4,192,48,48,1.0,0.0,0.0,19,0.29263446974530477,0.6764948916538288,0.6303751266276741,0.7128001676972027,经过处理的数据 / public-data surrogate; not author-run logs
IA-NSGA-III,27,1809062,5,240,48,48,1.0,0.0,0.0,22,0.30275244170175963,0.6764948916538288,0.649923780155574,0.7136540360558525,经过处理的数据 / public-data surrogate; not author-run logs
IA-NSGA-III,27,1809062,6,288,48,48,1.0,0.0,0.0,26,0.3243335728644121,0.6893367221411744,0.6838823127227557,0.7142508995270236,经过处理的数据 / public-data surrogate; not author-run logs
IA-NSGA-III,27,1809062,7,336,48,48,1.0,0.0,0.0,32,0.34840988702169434,0.7039497147716274,0.7052757207300102,0.7392609464995055,经过处理的数据 / public-data surrogate; not author-run logs
IA-NSGA-III,27,1809062,8,384,48,48,1.0,0.0,0.0,26,0.3569505337610678,0.7140343529654923,0.7052757207300102,0.7392609464995055,经过处理的数据 / public-data surrogate; not author-run logs
IA-NSGA-III,27,1809062,9,432,48,48,1.0,0.0,0.0,33,0.36090961620211376,0.7140343529654923,0.7052757207300102,0.7392609464995055,经过处理的数据 / public-data surrogate; not author-run logs
IA-NSGA-III,27,1809062,10,480,48,48,1.0,0.0,0.0,31,0.38543206952171466,0.7406622089900735,0.7250309142912605,0.7416277326386006,经过处理的数据 / public-data surrogate; not author-run logs
IA-NSGA-III,27,1809062,11,528,48,48,1.0,0.0,0.0,29,0.39335885535444515,0.7406622089900735,0.7250309142912605,0.7553450887458765,经过处理的数据 / public-data surrogate; not author-run logs
IA-NSGA-III,27,1809062,12,576,48,48,1.0,0.0,0.0,27,0.40097465178562985,0.7406622089900735,0.7374335797186138,0.7578232230580235,经过处理的数据 / public-data surrogate; not author-run logs
IA-NSGA-III,27,1809062,13,624,48,48,1.0,0.0,0.0,34,0.4107964015386207,0.7536408882201813,0.7418265834138693,0.7578232230580235,经过处理的数据 / public-data surrogate; not author-run logs
IA-NSGA-III,27,1809062,14,672,48,48,1.0,0.0,0.0,33,0.4225030930739039,0.7545371161821641,0.7583988318944089,0.7578232230580235,经过处理的数据 / public-data surrogate; not author-run logs
IA-NSGA-III,27,1809062,15,720,48,48,1.0,0.0,0.0,41,0.43242267775266174,0.7630169511657249,0.767278900287705,0.7578232230580235,经过处理的数据 / public-data surrogate; not author-run logs
IA-NSGA-III,27,1809062,16,768,48,48,1.0,0.0,0.0,39,0.4347467300668818,0.7630169511657249,0.767278900287705,0.7596334324022616,经过处理的数据 / public-data surrogate; not author-run logs
IA-NSGA-III,27,1809062,17,816,48,48,1.0,0.0,0.0,39,0.4521212809555666,0.786972783513282,0.7726729345258609,0.763493476249001,经过处理的数据 / public-data surrogate; not author-run logs
IA-NSGA-III,27,1809062,18,864,48,48,1.0,0.0,0.0,45,0.45814283746407786,0.786972783513282,0.7823444925624264,0.763493476249001,经过处理的数据 / public-data surrogate; not author-run logs
IA-NSGA-III,27,1809062,19,912,48,48,1.0,0.0,0.0,48,0.45943825737060784,0.786972783513282,0.7823444925624264,0.763493476249001,经过处理的数据 / public-data surrogate; not author-run logs
IA-NSGA-III,27,1809062,20,960,48,48,1.0,0.0,0.0,48,0.4765557874974686,0.8098750270533788,0.7916775554120457,0.763493476249001,经过处理的数据 / public-data surrogate; not author-run logs
IA-NSGA-III,27,1809062,21,1008,48,48,1.0,0.0,0.0,48,0.48139736254204274,0.8098750270533788,0.7964522077289389,0.763493476249001,经过处理的数据 / public-data surrogate; not author-run logs
IA-NSGA-III,27,1809062,22,1056,48,48,1.0,0.0,0.0,48,0.4854624783669087,0.8147704448721101,0.7964522077289389,0.763493476249001,经过处理的数据 / public-data surrogate; not author-run logs
IA-NSGA-III,27,1809062,23,1104,48,48,1.0,0.0,0.0,48,0.4988281069671916,0.831987731133281,0.8022373785545198,0.7660564278321136,经过处理的数据 / public-data surrogate; not author-run logs
IA-NSGA-III,27,1809062,24,1152,48,48,1.0,0.0,0.0,39,0.5018752823586544,0.831987731133281,0.8022373785545198,0.7699064438037662,经过处理的数据 / public-data surrogate; not author-run logs
IA-NSGA-III,27,1809062,25,1200,48,48,1.0,0.0,0.0,40,0.5064287505728367,0.831987731133281,0.8075198368249439,0.7699064438037662,经过处理的数据 / public-data surrogate; not author-run logs
IA-NSGA-III,27,1809062,26,1248,48,48,1.0,0.0,0.0,48,0.5126258145773072,0.831987731133281,0.821590066938618,0.7657586689139649,经过处理的数据 / public-data surrogate; not author-run logs
IA-NSGA-III,27,1809062,27,1296,48,48,1.0,0.0,0.0,48,0.5155379831573685,0.831987731133281,0.8272160303583861,0.7647997661940787,经过处理的数据 / public-data surrogate; not author-run logs
IA-NSGA-III,27,1809062,28,1344,48,48,1.0,0.0,0.0,48,0.5168270203423887,0.831987731133281,0.8272160303583861,0.7659511314847494,经过处理的数据 / public-data surrogate; not author-run logs
IA-NSGA-III,27,1809062,29,1392,48,48,1.0,0.0,0.0,48,0.5179386816682484,0.831987731133281,0.8272160303583861,0.7659511314847494,经过处理的数据 / public-data surrogate; not author-run logs
IA-NSGA-III,27,1809062,30,1440,48,48,1.0,0.0,0.0,48,0.5275458216962661,0.8458667579698788,0.8272160303583861,0.7684379047819248,经过处理的数据 / public-data surrogate; not author-run logs
IA-NSGA-III,28,1809063,1,48,48,47,0.9791666666666666,4.625929269271485e-18,2.220446049250313e-16,6,0.24834044043776146,0.6547133712793656,0.5967638983715533,0.676885129855457,经过处理的数据 / public-data surrogate; not author-run logs
IA-NSGA-III,28,1809063,2,96,48,48,1.0,0.0,0.0,12,0.2729857953355181,0.6594675343818313,0.6252828075580785,0.7150715936249467,经过处理的数据 / public-data surrogate; not author-run logs
IA-NSGA-III,28,1809063,3,144,48,48,1.0,0.0,0.0,16,0.28502839516211453,0.6594675343818313,0.6404540115439533,0.7193104523740872,经过处理的数据 / public-data surrogate; not author-run logs
IA-NSGA-III,28,1809063,4,192,48,48,1.0,0.0,0.0,26,0.2974857001353628,0.6599542407338806,0.6585706449528117,0.727642974986729,经过处理的数据 / public-data surrogate; not author-run logs
IA-NSGA-III,28,1809063,5,240,48,48,1.0,0.0,0.0,24,0.313135817041992,0.6839151646535128,0.6585706449528117,0.730567393621406,经过处理的数据 / public-data surrogate; not author-run logs
IA-NSGA-III,28,1809063,6,288,48,48,1.0,0.0,0.0,27,0.32119030271918053,0.6992340385512299,0.6585706449528117,0.730567393621406,经过处理的数据 / public-data surrogate; not author-run logs
IA-NSGA-III,28,1809063,7,336,48,48,1.0,0.0,0.0,32,0.3434058685066247,0.7022817360059356,0.6998452532068142,0.7331914079848468,经过处理的数据 / public-data surrogate; not author-run logs
IA-NSGA-III,28,1809063,8,384,48,48,1.0,0.0,0.0,23,0.35836041339019153,0.7169751530810251,0.6998452532068142,0.7478559201351954,经过处理的数据 / public-data surrogate; not author-run logs
IA-NSGA-III,28,1809063,9,432,48,48,1.0,0.0,0.0,38,0.3615193834986864,0.721861421520472,0.6998452532068142,0.7478559201351954,经过处理的数据 / public-data surrogate; not author-run logs
IA-NSGA-III,28,1809063,10,480,48,48,1.0,0.0,0.0,41,0.379615851983091,0.7225698664959119,0.7340364988312147,0.7478559201351954,经过处理的数据 / public-data surrogate; not author-run logs
IA-NSGA-III,28,1809063,11,528,48,48,1.0,0.0,0.0,35,0.3962817697820878,0.7225698664959119,0.764451221790569,0.7541859200971549,经过处理的数据 / public-data surrogate; not author-run logs
IA-NSGA-III,28,1809063,12,576,48,48,1.0,0.0,0.0,38,0.40327436423751256,0.7344618164926606,0.764451221790569,0.7541859200971549,经过处理的数据 / public-data surrogate; not author-run logs
IA-NSGA-III,28,1809063,13,624,48,48,1.0,0.0,0.0,40,0.40608439914643985,0.7344618164926606,0.764451221790569,0.7541859200971549,经过处理的数据 / public-data surrogate; not author-run logs
IA-NSGA-III,28,1809063,14,672,48,48,1.0,0.0,0.0,42,0.4180843050738694,0.7590474544718747,0.764451221790569,0.7541859200971549,经过处理的数据 / public-data surrogate; not author-run logs
IA-NSGA-III,28,1809063,15,720,48,48,1.0,0.0,0.0,46,0.42973187561399084,0.773710857502174,0.764451221790569,0.7541938796866774,经过处理的数据 / public-data surrogate; not author-run logs
IA-NSGA-III,28,1809063,16,768,48,48,1.0,0.0,0.0,43,0.4326436085868556,0.773710857502174,0.764451221790569,0.7541938796866774,经过处理的数据 / public-data surrogate; not author-run logs
IA-NSGA-III,28,1809063,17,816,48,48,1.0,0.0,0.0,43,0.4510773481254541,0.773710857502174,0.7997175792644969,0.7593686920433999,经过处理的数据 / public-data surrogate; not author-run logs
IA-NSGA-III,28,1809063,18,864,48,48,1.0,0.0,0.0,39,0.46540685780556235,0.7990381143555813,0.7997175792644969,0.7593686920433999,经过处理的数据 / public-data surrogate; not author-run logs
IA-NSGA-III,28,1809063,19,912,48,48,1.0,0.0,0.0,42,0.4674249093537612,0.7990381143555813,0.7997175792644969,0.7593686920433999,经过处理的数据 / public-data surrogate; not author-run logs
IA-NSGA-III,28,1809063,20,960,48,48,1.0,0.0,0.0,48,0.47513062479326973,0.8012701369217416,0.8109353305020766,0.7598077030666124,经过处理的数据 / public-data surrogate; not author-run logs
IA-NSGA-III,28,1809063,21,1008,48,48,1.0,0.0,0.0,48,0.4826715307582259,0.8118176209872123,0.8119438576928698,0.7614767563407623,经过处理的数据 / public-data surrogate; not author-run logs
IA-NSGA-III,28,1809063,22,1056,48,48,1.0,0.0,0.0,48,0.48413788093136684,0.8118176209872123,0.8119438576928698,0.7614767563407623,经过处理的数据 / public-data surrogate; not author-run logs
IA-NSGA-III,28,1809063,23,1104,48,48,1.0,0.0,0.0,48,0.48565599959905104,0.8118176209872123,0.8119438576928698,0.7614767563407623,经过处理的数据 / public-data surrogate; not author-run logs
IA-NSGA-III,28,1809063,24,1152,48,48,1.0,0.0,0.0,48,0.4964247324487371,0.8264783599088874,0.8119438576928698,0.7624335990079364,经过处理的数据 / public-data surrogate; not author-run logs
IA-NSGA-III,28,1809063,25,1200,48,48,1.0,0.0,0.0,48,0.4977353342749295,0.8264783599088874,0.8119438576928698,0.7624335990079364,经过处理的数据 / public-data surrogate; not author-run logs
IA-NSGA-III,28,1809063,26,1248,48,48,1.0,0.0,0.0,48,0.5051426538186203,0.8264783599088874,0.822486378316963,0.7644547937623625,经过处理的数据 / public-data surrogate; not author-run logs
IA-NSGA-III,28,1809063,27,1296,48,48,1.0,0.0,0.0,48,0.5079746968815743,0.8298519688166148,0.822486378316963,0.7644547937623625,经过处理的数据 / public-data surrogate; not author-run logs
IA-NSGA-III,28,1809063,28,1344,48,48,1.0,0.0,0.0,48,0.5108737069322076,0.8298519688166148,0.8256265606871959,0.7644547937623625,经过处理的数据 / public-data surrogate; not author-run logs
IA-NSGA-III,28,1809063,29,1392,48,48,1.0,0.0,0.0,48,0.5171081649618157,0.84114895200435,0.8256265606871959,0.7644547937623625,经过处理的数据 / public-data surrogate; not author-run logs
IA-NSGA-III,28,1809063,30,1440,48,48,1.0,0.0,0.0,48,0.5206290588658984,0.8470464406625017,0.8256265606871959,0.7644547937623625,经过处理的数据 / public-data surrogate; not author-run logs
IA-NSGA-III,29,1809064,1,48,48,48,1.0,0.0,0.0,13,0.248124224619106,0.6211259903567777,0.6469011232004995,0.6504548500734924,经过处理的数据 / public-data surrogate; not author-run logs
IA-NSGA-III,29,1809064,2,96,48,48,1.0,0.0,0.0,13,0.27656286680654046,0.6715924920633104,0.6469011232004995,0.6819193596226056,经过处理的数据 / public-data surrogate; not author-run logs
IA-NSGA-III,29,1809064,3,144,48,48,1.0,0.0,0.0,11,0.28492891085079436,0.6715924920633104,0.6469011232004995,0.6819193596226056,经过处理的数据 / public-data surrogate; not author-run logs
IA-NSGA-III,29,1809064,4,192,48,48,1.0,0.0,0.0,18,0.3106671791045158,0.7113812865431214,0.6628389464045206,0.6914868604631257,经过处理的数据 / public-data surrogate; not author-run logs
IA-NSGA-III,29,1809064,5,240,48,48,1.0,0.0,0.0,15,0.32978412958436354,0.7113812865431214,0.6628389464045206,0.7349648952820689,经过处理的数据 / public-data surrogate; not author-run logs
IA-NSGA-III,29,1809064,6,288,48,48,1.0,0.0,0.0,17,0.3413334925245382,0.7113812865431214,0.6795382240661654,0.7349648952820689,经过处理的数据 / public-data surrogate; not author-run logs
IA-NSGA-III,29,1809064,7,336,48,48,1.0,0.0,0.0,25,0.35447048533747255,0.7113812865431214,0.6989620776622542,0.7415991394037891,经过处理的数据 / public-data surrogate; not author-run logs
IA-NSGA-III,29,1809064,8,384,48,48,1.0,0.0,0.0,24,0.3572128081215933,0.7113812865431214,0.6989620776622542,0.7415991394037891,经过处理的数据 / public-data surrogate; not author-run logs
IA-NSGA-III,29,1809064,9,432,48,48,1.0,0.0,0.0,33,0.36879552213428424,0.7256074477026392,0.6989620776622542,0.7486229472848785,经过处理的数据 / public-data surrogate; not author-run logs
IA-NSGA-III,29,1809064,10,480,48,48,1.0,0.0,0.0,32,0.3748684344923025,0.7349349704498587,0.6989620776622542,0.7486229472848785,经过处理的数据 / public-data surrogate; not author-run logs
IA-NSGA-III,29,1809064,11,528,48,48,1.0,0.0,0.0,32,0.39004484915242343,0.7377193061463554,0.7237389517044821,0.7486229472848785,经过处理的数据 / public-data surrogate; not author-run logs
IA-NSGA-III,29,1809064,12,576,48,48,1.0,0.0,0.0,43,0.4048826007096904,0.7630667203739026,0.7302141220421706,0.7495911677017981,经过处理的数据 / public-data surrogate; not author-run logs
IA-NSGA-III,29,1809064,13,624,48,48,1.0,0.0,0.0,36,0.4319233123856507,0.7630667203739026,0.7834025582605404,0.7495911677017981,经过处理的数据 / public-data surrogate; not author-run logs
IA-NSGA-III,29,1809064,14,672,48,48,1.0,0.0,0.0,42,0.43561422478662526,0.7630667203739026,0.7849485814148024,0.7525437618154813,经过处理的数据 / public-data surrogate; not author-run logs
IA-NSGA-III,29,1809064,15,720,48,48,1.0,0.0,0.0,48,0.4480815079868586,0.7670883457600013,0.8016133293221618,0.7525437618154813,经过处理的数据 / public-data surrogate; not author-run logs
IA-NSGA-III,29,1809064,16,768,48,48,1.0,0.0,0.0,45,0.4500055345771601,0.7670883457600013,0.8016864835242681,0.7525437618154813,经过处理的数据 / public-data surrogate; not author-run logs
IA-NSGA-III,29,1809064,17,816,48,48,1.0,0.0,0.0,47,0.4510698336251957,0.7670883457600013,0.8016864835242681,0.7525437618154813,经过处理的数据 / public-data surrogate; not author-run logs
IA-NSGA-III,29,1809064,18,864,48,48,1.0,0.0,0.0,48,0.452094962577686,0.7670883457600013,0.8016864835242681,0.7525437618154813,经过处理的数据 / public-data surrogate; not author-run logs
IA-NSGA-III,29,1809064,19,912,48,48,1.0,0.0,0.0,40,0.458214828449614,0.7733488994136195,0.8016864835242681,0.7564342432244766,经过处理的数据 / public-data surrogate; not author-run logs
IA-NSGA-III,29,1809064,20,960,48,48,1.0,0.0,0.0,43,0.4618539991243697,0.7733488994136195,0.8035735780208064,0.7585829544143088,经过处理的数据 / public-data surrogate; not author-run logs
IA-NSGA-III,29,1809064,21,1008,48,48,1.0,0.0,0.0,43,0.4628616492061785,0.7733488994136195,0.8035735780208064,0.7585829544143088,经过处理的数据 / public-data surrogate; not author-run logs
IA-NSGA-III,29,1809064,22,1056,48,48,1.0,0.0,0.0,41,0.46405217056105996,0.7733488994136195,0.8035735780208064,0.7585829544143088,经过处理的数据 / public-data surrogate; not author-run logs
IA-NSGA-III,29,1809064,23,1104,48,48,1.0,0.0,0.0,47,0.46620812388705,0.7751175628951777,0.8035735780208064,0.75934555829681,经过处理的数据 / public-data surrogate; not author-run logs
IA-NSGA-III,29,1809064,24,1152,48,48,1.0,0.0,0.0,44,0.4740281476564484,0.7896727729009341,0.803672631594099,0.75934555829681,经过处理的数据 / public-data surrogate; not author-run logs
IA-NSGA-III,29,1809064,25,1200,48,48,1.0,0.0,0.0,48,0.48456317205149824,0.8093670777154578,0.803672631594099,0.75934555829681,经过处理的数据 / public-data surrogate; not author-run logs
IA-NSGA-III,29,1809064,26,1248,48,48,1.0,0.0,0.0,48,0.487421968649814,0.8117694289238957,0.8035735780208064,0.75934555829681,经过处理的数据 / public-data surrogate; not author-run logs
IA-NSGA-III,29,1809064,27,1296,48,48,1.0,0.0,0.0,48,0.5017193299266476,0.8190580493024251,0.8237679933067854,0.75934555829681,经过处理的数据 / public-data surrogate; not author-run logs
IA-NSGA-III,29,1809064,28,1344,48,48,1.0,0.0,0.0,48,0.5052362832763964,0.8231855066069629,0.8237679933067854,0.75934555829681,经过处理的数据 / public-data surrogate; not author-run logs
IA-NSGA-III,29,1809064,29,1392,48,48,1.0,0.0,0.0,48,0.5195105278259449,0.8492696828716743,0.8237679933067854,0.75934555829681,经过处理的数据 / public-data surrogate; not author-run logs
IA-NSGA-III,29,1809064,30,1440,48,48,1.0,0.0,0.0,48,0.5209930530880656,0.8492696828716743,0.8237679933067854,0.7628476983098857,经过处理的数据 / public-data surrogate; not author-run logs
IA-NSGA-III,30,1809065,1,48,48,47,0.9791666666666666,4.625929269271485e-18,2.220446049250313e-16,14,0.2402053449623232,0.6016253481932271,0.6352895995669018,0.6647138793286163,经过处理的数据 / public-data surrogate; not author-run logs
IA-NSGA-III,30,1809065,2,96,48,48,1.0,0.0,0.0,16,0.2718753109165578,0.638190565367471,0.6590474147914498,0.68127761490304,经过处理的数据 / public-data surrogate; not author-run logs
IA-NSGA-III,30,1809065,3,144,48,48,1.0,0.0,0.0,20,0.28000673760946293,0.644644760664075,0.6660314111323457,0.6819960569343171,经过处理的数据 / public-data surrogate; not author-run logs
IA-NSGA-III,30,1809065,4,192,48,48,1.0,0.0,0.0,20,0.30140078852710833,0.6776372419183246,0.6660314111323457,0.7024370249469989,经过处理的数据 / public-data surrogate; not author-run logs
IA-NSGA-III,30,1809065,5,240,48,48,1.0,0.0,0.0,22,0.30853409482628535,0.6848264528208656,0.6660314111323457,0.7066112329832134,经过处理的数据 / public-data surrogate; not author-run logs
IA-NSGA-III,30,1809065,6,288,48,48,1.0,0.0,0.0,28,0.3199020480571666,0.6914629469563851,0.6719741537549587,0.713482596600602,经过处理的数据 / public-data surrogate; not author-run logs
IA-NSGA-III,30,1809065,7,336,48,48,1.0,0.0,0.0,35,0.3341587213346535,0.7188038418694355,0.6719741537549587,0.7233464134034636,经过处理的数据 / public-data surrogate; not author-run logs
IA-NSGA-III,30,1809065,8,384,48,48,1.0,0.0,0.0,39,0.3412279735731933,0.7241399253228693,0.6773496258987171,0.7233464134034636,经过处理的数据 / public-data surrogate; not author-run logs
IA-NSGA-III,30,1809065,9,432,48,48,1.0,0.0,0.0,42,0.34816637519775184,0.7241399253228693,0.6847085700675131,0.7233464134034636,经过处理的数据 / public-data surrogate; not author-run logs
IA-NSGA-III,30,1809065,10,480,48,48,1.0,0.0,0.0,29,0.3714196078598541,0.740949096186055,0.721215441179052,0.7233464134034636,经过处理的数据 / public-data surrogate; not author-run logs
IA-NSGA-III,30,1809065,11,528,48,48,1.0,0.0,0.0,36,0.3743148194001086,0.740949096186055,0.721215441179052,0.7242737460870738,经过处理的数据 / public-data surrogate; not author-run logs
IA-NSGA-III,30,1809065,12,576,48,48,1.0,0.0,0.0,37,0.39353950083863737,0.7472824305057494,0.7563220750368437,0.7242737460870738,经过处理的数据 / public-data surrogate; not author-run logs
IA-NSGA-III,30,1809065,13,624,48,48,1.0,0.0,0.0,36,0.3979138823869123,0.7482873126458605,0.7563220750368437,0.7242737460870738,经过处理的数据 / public-data surrogate; not author-run logs
IA-NSGA-III,30,1809065,14,672,48,48,1.0,0.0,0.0,38,0.4149322362388071,0.769723281623373,0.7678747796106901,0.7242737460870738,经过处理的数据 / public-data surrogate; not author-run logs
IA-NSGA-III,30,1809065,15,720,48,48,1.0,0.0,0.0,32,0.42001225570647915,0.769723281623373,0.7678747796106901,0.7318496463972572,经过处理的数据 / public-data surrogate; not author-run logs
IA-NSGA-III,30,1809065,16,768,48,48,1.0,0.0,0.0,31,0.422895947499793,0.769723281623373,0.7688194907020505,0.7318496463972572,经过处理的数据 / public-data surrogate; not author-run logs
IA-NSGA-III,30,1809065,17,816,48,48,1.0,0.0,0.0,34,0.42970263615118365,0.780496622667749,0.7688194907020505,0.7318496463972572,经过处理的数据 / public-data surrogate; not author-run logs
IA-NSGA-III,30,1809065,18,864,48,48,1.0,0.0,0.0,35,0.44372774655703506,0.793485397744044,0.7797419254860031,0.7363603946406334,经过处理的数据 / public-data surrogate; not author-run logs
IA-NSGA-III,30,1809065,19,912,48,48,1.0,0.0,0.0,37,0.4450774362497592,0.793485397744044,0.7797419254860031,0.7363603946406334,经过处理的数据 / public-data surrogate; not author-run logs
IA-NSGA-III,30,1809065,20,960,48,48,1.0,0.0,0.0,40,0.44844997946285786,0.793485397744044,0.7797419254860031,0.7400693100111204,经过处理的数据 / public-data surrogate; not author-run logs
IA-NSGA-III,30,1809065,21,1008,48,48,1.0,0.0,0.0,44,0.44986234448937273,0.793485397744044,0.7800884135989814,0.7400693100111204,经过处理的数据 / public-data surrogate; not author-run logs
IA-NSGA-III,30,1809065,22,1056,48,48,1.0,0.0,0.0,45,0.462598830930153,0.7953762972597662,0.7992795306016404,0.7420200356033348,经过处理的数据 / public-data surrogate; not author-run logs
IA-NSGA-III,30,1809065,23,1104,48,48,1.0,0.0,0.0,46,0.4688558360536365,0.805498767910838,0.7992795306016404,0.7420200356033348,经过处理的数据 / public-data surrogate; not author-run logs
IA-NSGA-III,30,1809065,24,1152,48,48,1.0,0.0,0.0,48,0.47147775590772134,0.8089175519442402,0.7992795306016404,0.7420200356033348,经过处理的数据 / public-data surrogate; not author-run logs
IA-NSGA-III,30,1809065,25,1200,48,48,1.0,0.0,0.0,48,0.4767832915778562,0.815818034532691,0.7992795306016404,0.7420200356033348,经过处理的数据 / public-data surrogate; not author-run logs
IA-NSGA-III,30,1809065,26,1248,48,48,1.0,0.0,0.0,48,0.47789108609827247,0.815818034532691,0.7992795306016404,0.7420200356033348,经过处理的数据 / public-data surrogate; not author-run logs
IA-NSGA-III,30,1809065,27,1296,48,48,1.0,0.0,0.0,48,0.4821714637009983,0.815818034532691,0.8047087599666427,0.7446512596840631,经过处理的数据 / public-data surrogate; not author-run logs
IA-NSGA-III,30,1809065,28,1344,48,48,1.0,0.0,0.0,48,0.4861310713425998,0.8162772119965573,0.8047087599666427,0.7513985659716576,经过处理的数据 / public-data surrogate; not author-run logs
IA-NSGA-III,30,1809065,29,1392,48,48,1.0,0.0,0.0,48,0.49236006147317585,0.821294534643441,0.8106804574910796,0.7513985659716576,经过处理的数据 / public-data surrogate; not author-run logs
IA-NSGA-III,30,1809065,30,1440,48,48,1.0,0.0,0.0,48,0.4956646368232205,0.8268821822665855,0.8106804574910796,0.7513985659716576,经过处理的数据 / public-data surrogate; not author-run logs
NSGA-III,1,1909036,1,48,48,12,0.25,0.15688605457771432,0.5820237920247964,3,0.1910163563622032,0.580341143501488,0.5372613840831069,0.6303874872713645,经过处理的数据 / public-data surrogate; not author-run logs
NSGA-III,1,1909036,2,96,48,32,0.6666666666666666,0.006274519830283001,0.04115655459219525,7,0.21310224938494218,0.5980313458610447,0.5653163052651036,0.6422758334395277,经过处理的数据 / public-data surrogate; not author-run logs
NSGA-III,1,1909036,3,144,48,48,1.0,0.0,0.0,12,0.2197372748397287,0.5980313458610447,0.5845434228045018,0.6422758334395277,经过处理的数据 / public-data surrogate; not author-run logs
NSGA-III,1,1909036,4,192,48,48,1.0,0.0,0.0,14,0.233605768769371,0.6024533988750287,0.5985418495299093,0.6657615435627637,经过处理的数据 / public-data surrogate; not author-run logs
NSGA-III,1,1909036,5,240,48,48,1.0,0.0,0.0,13,0.2533723485900549,0.6150409607511742,0.6368765948088313,0.6657615435627637,经过处理的数据 / public-data surrogate; not author-run logs
NSGA-III,1,1909036,6,288,48,48,1.0,0.0,0.0,23,0.26354312604421243,0.6158828658710709,0.6601713538407208,0.6780817535564061,经过处理的数据 / public-data surrogate; not author-run logs
NSGA-III,1,1909036,7,336,48,48,1.0,0.0,0.0,16,0.26969901764693516,0.6235762121204466,0.6601713538407208,0.6780817535564061,经过处理的数据 / public-data surrogate; not author-run logs
NSGA-III,1,1909036,8,384,48,48,1.0,0.0,0.0,19,0.27284993422599485,0.6264050309921598,0.6601713538407208,0.6783978034689903,经过处理的数据 / public-data surrogate; not author-run logs
NSGA-III,1,1909036,9,432,48,48,1.0,0.0,0.0,26,0.27891361044512847,0.6392147749802521,0.6601713538407208,0.6793825517088518,经过处理的数据 / public-data surrogate; not author-run logs
NSGA-III,1,1909036,10,480,48,48,1.0,0.0,0.0,26,0.2998695158105969,0.6406898910746137,0.6951390013788894,0.6928827817298098,经过处理的数据 / public-data surrogate; not author-run logs
NSGA-III,1,1909036,11,528,48,48,1.0,0.0,0.0,26,0.30820597900789704,0.6474549368844439,0.6951390013788894,0.7068896415888486,经过处理的数据 / public-data surrogate; not author-run logs
NSGA-III,1,1909036,12,576,48,48,1.0,0.0,0.0,28,0.32305434105908304,0.6838018603110246,0.6951390013788894,0.7068896415888486,经过处理的数据 / public-data surrogate; not author-run logs
NSGA-III,1,1909036,13,624,48,48,1.0,0.0,0.0,38,0.3253470753242698,0.6838018603110246,0.6951390013788894,0.7068896415888486,经过处理的数据 / public-data surrogate; not author-run logs
NSGA-III,1,1909036,14,672,48,48,1.0,0.0,0.0,32,0.326882000252648,0.6838018603110246,0.6951390013788894,0.7082663800390361,经过处理的数据 / public-data surrogate; not author-run logs
NSGA-III,1,1909036,15,720,48,48,1.0,0.0,0.0,26,0.3373465921010261,0.6838018603110246,0.7197680831409791,0.7082663800390361,经过处理的数据 / public-data surrogate; not author-run logs
NSGA-III,1,1909036,16,768,48,48,1.0,0.0,0.0,37,0.34466898279793184,0.7032915008375549,0.7197680831409791,0.7082663800390361,经过处理的数据 / public-data surrogate; not author-run logs
NSGA-III,1,1909036,17,816,48,48,1.0,0.0,0.0,36,0.3504136199183199,0.7032915008375549,0.7233892360325658,0.7131124325939998,经过处理的数据 / public-data surrogate; not author-run logs
NSGA-III,1,1909036,18,864,48,48,1.0,0.0,0.0,33,0.3545056194558455,0.7032915008375549,0.7233892360325658,0.7131124325939998,经过处理的数据 / public-data surrogate; not author-run logs
NSGA-III,1,1909036,19,912,48,48,1.0,0.0,0.0,35,0.35868043180039627,0.7035224907410246,0.7233892360325658,0.7204365038692393,经过处理的数据 / public-data surrogate; not author-run logs
NSGA-III,1,1909036,20,960,48,48,1.0,0.0,0.0,31,0.3600031750966426,0.7038278416872564,0.7233892360325658,0.7204365038692393,经过处理的数据 / public-data surrogate; not author-run logs
NSGA-III,1,1909036,21,1008,48,48,1.0,0.0,0.0,39,0.3609229893957434,0.7038278416872564,0.7234182591412626,0.7204365038692393,经过处理的数据 / public-data surrogate; not author-run logs
NSGA-III,1,1909036,22,1056,48,48,1.0,0.0,0.0,43,0.3664822056060325,0.7038278416872564,0.735820877482036,0.7204365038692393,经过处理的数据 / public-data surrogate; not author-run logs
NSGA-III,1,1909036,23,1104,48,48,1.0,0.0,0.0,29,0.3725923475439002,0.7133446582094425,0.7367453687882587,0.7204365038692393,经过处理的数据 / public-data surrogate; not author-run logs
NSGA-III,1,1909036,24,1152,48,48,1.0,0.0,0.0,26,0.3780427826683578,0.7220937987041937,0.7367453687882587,0.7204365038692393,经过处理的数据 / public-data surrogate; not author-run logs
NSGA-III,1,1909036,25,1200,48,48,1.0,0.0,0.0,35,0.37990059306227497,0.7249817385124283,0.7367453687882587,0.7204365038692393,经过处理的数据 / public-data surrogate; not author-run logs
NSGA-III,1,1909036,26,1248,48,48,1.0,0.0,0.0,41,0.38082252013056395,0.7249817385124283,0.7373547366114945,0.7204365038692393,经过处理的数据 / public-data surrogate; not author-run logs
NSGA-III,1,1909036,27,1296,48,48,1.0,0.0,0.0,48,0.3826221365946243,0.7255532739487561,0.7385196058079017,0.7204365038692393,经过处理的数据 / public-data surrogate; not author-run logs
NSGA-III,1,1909036,28,1344,48,48,1.0,0.0,0.0,48,0.3828870005143093,0.7255532739487561,0.7385196058079017,0.7204365038692393,经过处理的数据 / public-data surrogate; not author-run logs
NSGA-III,1,1909036,29,1392,48,48,1.0,0.0,0.0,48,0.39428901244381226,0.7255532739487561,0.7605048209683515,0.7229529888152717,经过处理的数据 / public-data surrogate; not author-run logs
NSGA-III,1,1909036,30,1440,48,48,1.0,0.0,0.0,48,0.3970111352547335,0.7262027905634924,0.7605048209683515,0.7284683227148409,经过处理的数据 / public-data surrogate; not author-run logs
NSGA-III,2,1909037,1,48,48,20,0.4166666666666667,0.13899780130089556,0.5626634165576665,10,0.21334273018082162,0.5681080948623244,0.5952997563314438,0.6714103462046985,经过处理的数据 / public-data surrogate; not author-run logs
NSGA-III,2,1909037,2,96,48,46,0.9583333333333334,0.0001333054624940618,0.003323378384073372,14,0.2200596195097575,0.5798812425806174,0.5952997563314438,0.6714103462046985,经过处理的数据 / public-data surrogate; not author-run logs
NSGA-III,2,1909037,3,144,48,48,1.0,0.0,0.0,18,0.22543710116383525,0.5798812425806174,0.6035598719566276,0.6714103462046985,经过处理的数据 / public-data surrogate; not author-run logs
NSGA-III,2,1909037,4,192,48,48,1.0,0.0,0.0,25,0.22747722747529475,0.5798812425806174,0.6035598719566276,0.6714103462046985,经过处理的数据 / public-data surrogate; not author-run logs
NSGA-III,2,1909037,5,240,48,48,1.0,0.0,0.0,34,0.25047435093938497,0.6263718854232609,0.6208626123168671,0.6714103462046985,经过处理的数据 / public-data surrogate; not author-run logs
NSGA-III,2,1909037,6,288,48,48,1.0,0.0,0.0,30,0.2577607752867413,0.6345567323734822,0.6232989622256725,0.6714103462046985,经过处理的数据 / public-data surrogate; not author-run logs
NSGA-III,2,1909037,7,336,48,48,1.0,0.0,0.0,31,0.26005192547851125,0.6345567323734822,0.6232989622256725,0.6748647344361697,经过处理的数据 / public-data surrogate; not author-run logs
NSGA-III,2,1909037,8,384,48,48,1.0,0.0,0.0,21,0.27873963371457394,0.6579060736393852,0.6447004092267286,0.6748647344361697,经过处理的数据 / public-data surrogate; not author-run logs
NSGA-III,2,1909037,9,432,48,48,1.0,0.0,0.0,26,0.2881784085763671,0.6579060736393852,0.6703075380408378,0.6748647344361697,经过处理的数据 / public-data surrogate; not author-run logs
NSGA-III,2,1909037,10,480,48,48,1.0,0.0,0.0,23,0.29394152146979824,0.6595227158399714,0.6730538346674203,0.6812913708491682,经过处理的数据 / public-data surrogate; not author-run logs
NSGA-III,2,1909037,11,528,48,48,1.0,0.0,0.0,35,0.29484388892338925,0.6595227158399714,0.6730538346674203,0.6812913708491682,经过处理的数据 / public-data surrogate; not author-run logs
NSGA-III,2,1909037,12,576,48,48,1.0,0.0,0.0,22,0.3060595662773956,0.6801498475483007,0.6751191679418826,0.6815902155819064,经过处理的数据 / public-data surrogate; not author-run logs
NSGA-III,2,1909037,13,624,48,48,1.0,0.0,0.0,24,0.3077519698947337,0.6801498475483007,0.6751191679418826,0.6832166765019536,经过处理的数据 / public-data surrogate; not author-run logs
NSGA-III,2,1909037,14,672,48,48,1.0,0.0,0.0,35,0.3213110906004956,0.6826094173869635,0.6983363027850342,0.6935642078717508,经过处理的数据 / public-data surrogate; not author-run logs
NSGA-III,2,1909037,15,720,48,48,1.0,0.0,0.0,31,0.3249505195406558,0.6826094173869635,0.6983363027850342,0.6987016552942934,经过处理的数据 / public-data surrogate; not author-run logs
NSGA-III,2,1909037,16,768,48,48,1.0,0.0,0.0,31,0.33116586641117374,0.6845488038712333,0.6983363027850342,0.7091321330442364,经过处理的数据 / public-data surrogate; not author-run logs
NSGA-III,2,1909037,17,816,48,48,1.0,0.0,0.0,29,0.3425239867345702,0.6984094622615423,0.7043736390143002,0.7126682986152862,经过处理的数据 / public-data surrogate; not author-run logs
NSGA-III,2,1909037,18,864,48,48,1.0,0.0,0.0,28,0.3435411917020487,0.6984094622615423,0.7043736390143002,0.7127387396038865,经过处理的数据 / public-data surrogate; not author-run logs
NSGA-III,2,1909037,19,912,48,48,1.0,0.0,0.0,34,0.3535821744678185,0.7087003447385174,0.7125163840067193,0.7151459760646652,经过处理的数据 / public-data surrogate; not author-run logs
NSGA-III,2,1909037,20,960,48,48,1.0,0.0,0.0,36,0.3638032671481898,0.7240907397281342,0.7125163840067193,0.7200969755361022,经过处理的数据 / public-data surrogate; not author-run logs
NSGA-III,2,1909037,21,1008,48,48,1.0,0.0,0.0,37,0.37001181096365177,0.7349022382369594,0.7125163840067193,0.7233762937334031,经过处理的数据 / public-data surrogate; not author-run logs
NSGA-III,2,1909037,22,1056,48,48,1.0,0.0,0.0,44,0.3708076505022307,0.7349022382369594,0.7126480250855943,0.7233762937334031,经过处理的数据 / public-data surrogate; not author-run logs
NSGA-III,2,1909037,23,1104,48,48,1.0,0.0,0.0,39,0.37890911439045577,0.7495341507670077,0.7126480250855943,0.7242429429040887,经过处理的数据 / public-data surrogate; not author-run logs
NSGA-III,2,1909037,24,1152,48,48,1.0,0.0,0.0,43,0.3804281310790204,0.7497775460232474,0.7126480250855943,0.7242429429040887,经过处理的数据 / public-data surrogate; not author-run logs
NSGA-III,2,1909037,25,1200,48,48,1.0,0.0,0.0,45,0.38451958319305957,0.7497775460232474,0.7200584131525711,0.7242429429040887,经过处理的数据 / public-data surrogate; not author-run logs
NSGA-III,2,1909037,26,1248,48,48,1.0,0.0,0.0,48,0.38847017174377974,0.7540410390709726,0.7200584131525711,0.7281209862973651,经过处理的数据 / public-data surrogate; not author-run logs
NSGA-III,2,1909037,27,1296,48,48,1.0,0.0,0.0,48,0.3901564099207614,0.7540410390709726,0.7200584131525711,0.7305299080413172,经过处理的数据 / public-data surrogate; not author-run logs
NSGA-III,2,1909037,28,1344,48,48,1.0,0.0,0.0,48,0.397407543901418,0.7540410390709726,0.7345035979057618,0.7305299080413172,经过处理的数据 / public-data surrogate; not author-run logs
NSGA-III,2,1909037,29,1392,48,48,1.0,0.0,0.0,42,0.4001050463142142,0.7559209737115237,0.7355012899046144,0.7305299080413172,经过处理的数据 / public-data surrogate; not author-run logs
NSGA-III,2,1909037,30,1440,48,48,1.0,0.0,0.0,46,0.4038023842238212,0.7559209737115237,0.742019817249722,0.7305299080413172,经过处理的数据 / public-data surrogate; not author-run logs
NSGA-III,3,1909038,1,48,48,16,0.3333333333333333,0.14906918115005482,0.6170187822634605,7,0.24906751148115525,0.5791045564499023,0.6914171202820115,0.6446609835809008,经过处理的数据 / public-data surrogate; not author-run logs
NSGA-III,3,1909038,2,96,48,42,0.875,0.001866387877203469,0.025226047535304108,9,0.25288692032373317,0.5923116506535605,0.6914171202820115,0.6446609835809008,经过处理的数据 / public-data surrogate; not author-run logs
NSGA-III,3,1909038,3,144,48,48,1.0,0.0,0.0,9,0.2633205833267376,0.6130476627015372,0.6914171202820115,0.6446609835809008,经过处理的数据 / public-data surrogate; not author-run logs
NSGA-III,3,1909038,4,192,48,48,1.0,0.0,0.0,16,0.2680374174656263,0.6130476627015372,0.6914171202820115,0.6513989698661024,经过处理的数据 / public-data surrogate; not author-run logs
NSGA-III,3,1909038,5,240,48,48,1.0,0.0,0.0,17,0.2719487646068225,0.6215486595473082,0.6914171202820115,0.6513989698661024,经过处理的数据 / public-data surrogate; not author-run logs
NSGA-III,3,1909038,6,288,48,48,1.0,0.0,0.0,16,0.282343510018674,0.6420711325246677,0.6914171202820115,0.6513989698661024,经过处理的数据 / public-data surrogate; not author-run logs
NSGA-III,3,1909038,7,336,48,48,1.0,0.0,0.0,23,0.28645297368151484,0.6420711325246677,0.6914171202820115,0.6591611856425861,经过处理的数据 / public-data surrogate; not author-run logs
NSGA-III,3,1909038,8,384,48,48,1.0,0.0,0.0,30,0.29378688850246587,0.6441416992941116,0.6948545354103,0.6644296463642546,经过处理的数据 / public-data surrogate; not author-run logs
NSGA-III,3,1909038,9,432,48,48,1.0,0.0,0.0,28,0.2963006852601928,0.648528576389821,0.6948545354103,0.6644296463642546,经过处理的数据 / public-data surrogate; not author-run logs
NSGA-III,3,1909038,10,480,48,48,1.0,0.0,0.0,38,0.315367141379141,0.6708060235239522,0.714847647807608,0.6772228423121549,经过处理的数据 / public-data surrogate; not author-run logs
NSGA-III,3,1909038,11,528,48,48,1.0,0.0,0.0,44,0.32743021124586297,0.6861266211872604,0.714847647807608,0.6881191311065629,经过处理的数据 / public-data surrogate; not author-run logs
NSGA-III,3,1909038,12,576,48,48,1.0,0.0,0.0,48,0.3302375974769223,0.6861266211872604,0.7187571814146518,0.6881191311065629,经过处理的数据 / public-data surrogate; not author-run logs
NSGA-III,3,1909038,13,624,48,48,1.0,0.0,0.0,40,0.33805759962262766,0.6899399636286986,0.7228690796642004,0.6997029851811722,经过处理的数据 / public-data surrogate; not author-run logs
NSGA-III,3,1909038,14,672,48,48,1.0,0.0,0.0,33,0.3394784367081306,0.6899399636286986,0.7228690796642004,0.6997029851811722,经过处理的数据 / public-data surrogate; not author-run logs
NSGA-III,3,1909038,15,720,48,48,1.0,0.0,0.0,36,0.34723460995489197,0.6951947281049579,0.7328249420404012,0.6997029851811722,经过处理的数据 / public-data surrogate; not author-run logs
NSGA-III,3,1909038,16,768,48,48,1.0,0.0,0.0,38,0.34932393144945617,0.6955716186367135,0.7328249420404012,0.6997029851811722,经过处理的数据 / public-data surrogate; not author-run logs
NSGA-III,3,1909038,17,816,48,48,1.0,0.0,0.0,48,0.35512910675612724,0.6957089953402577,0.7450393727737242,0.6997029851811722,经过处理的数据 / public-data surrogate; not author-run logs
NSGA-III,3,1909038,18,864,48,48,1.0,0.0,0.0,48,0.37258806600793914,0.7324331300663013,0.7450393727737242,0.7048084329759883,经过处理的数据 / public-data surrogate; not author-run logs
NSGA-III,3,1909038,19,912,48,48,1.0,0.0,0.0,48,0.37512519859045795,0.7324331300663013,0.7450393727737242,0.7049841302989083,经过处理的数据 / public-data surrogate; not author-run logs
NSGA-III,3,1909038,20,960,48,48,1.0,0.0,0.0,48,0.375774995488518,0.7324331300663013,0.7450393727737242,0.7049841302989083,经过处理的数据 / public-data surrogate; not author-run logs
NSGA-III,3,1909038,21,1008,48,48,1.0,0.0,0.0,45,0.3814802847458385,0.7324331300663013,0.7554904061432622,0.7049841302989083,经过处理的数据 / public-data surrogate; not author-run logs
NSGA-III,3,1909038,22,1056,48,48,1.0,0.0,0.0,48,0.38221807152960346,0.7324331300663013,0.7554904061432622,0.7049841302989083,经过处理的数据 / public-data surrogate; not author-run logs
NSGA-III,3,1909038,23,1104,48,48,1.0,0.0,0.0,48,0.38642939760524053,0.7324331300663013,0.7594300561608882,0.7100002464048061,经过处理的数据 / public-data surrogate; not author-run logs
NSGA-III,3,1909038,24,1152,48,48,1.0,0.0,0.0,48,0.39500195184500825,0.7493857196928075,0.7594300561608882,0.7100002464048061,经过处理的数据 / public-data surrogate; not author-run logs
NSGA-III,3,1909038,25,1200,48,48,1.0,0.0,0.0,48,0.39964240227922754,0.7493857196928075,0.7703182341525805,0.7100002464048061,经过处理的数据 / public-data surrogate; not author-run logs
NSGA-III,3,1909038,26,1248,48,48,1.0,0.0,0.0,48,0.4003940910026549,0.7493857196928075,0.7715472719728429,0.7100002464048061,经过处理的数据 / public-data surrogate; not author-run logs
NSGA-III,3,1909038,27,1296,48,48,1.0,0.0,0.0,48,0.4022924968414805,0.7493857196928075,0.7715472719728429,0.7100002464048061,经过处理的数据 / public-data surrogate; not author-run logs
NSGA-III,3,1909038,28,1344,48,48,1.0,0.0,0.0,48,0.40376282964692706,0.7493857196928075,0.7766158793348926,0.7061184318404894,经过处理的数据 / public-data surrogate; not author-run logs
NSGA-III,3,1909038,29,1392,48,48,1.0,0.0,0.0,48,0.4041221910229467,0.7493857196928075,0.7766158793348926,0.7061184318404894,经过处理的数据 / public-data surrogate; not author-run logs
NSGA-III,3,1909038,30,1440,48,48,1.0,0.0,0.0,48,0.4052927423555652,0.7493857196928075,0.7766158793348926,0.7061184318404894,经过处理的数据 / public-data surrogate; not author-run logs
NSGA-III,4,1909039,1,48,48,15,0.3125,0.17465209793929123,0.6792371820430614,5,0.18657678840922007,0.555079945412455,0.5517634487924719,0.6206716636018883,经过处理的数据 / public-data surrogate; not author-run logs
NSGA-III,4,1909039,2,96,48,40,0.8333333333333334,0.0026912364072852143,0.027553888290414053,9,0.20264783423123786,0.565163737350015,0.5930695562435304,0.6206716636018883,经过处理的数据 / public-data surrogate; not author-run logs
NSGA-III,4,1909039,3,144,48,48,1.0,0.0,0.0,12,0.2104670992362181,0.5801745706006032,0.5930695562435304,0.6206716636018883,经过处理的数据 / public-data surrogate; not author-run logs
NSGA-III,4,1909039,4,192,48,48,1.0,0.0,0.0,21,0.2157948668380642,0.5831695057728472,0.6042237444875533,0.6229961970306463,经过处理的数据 / public-data surrogate; not author-run logs
NSGA-III,4,1909039,5,240,48,48,1.0,0.0,0.0,20,0.22282380883778397,0.5931390251015678,0.6047130548068915,0.6304899912622834,经过处理的数据 / public-data surrogate; not author-run logs
NSGA-III,4,1909039,6,288,48,48,1.0,0.0,0.0,20,0.23853814008147745,0.6057627606795107,0.614104232907932,0.6560414710020328,经过处理的数据 / public-data surrogate; not author-run logs
NSGA-III,4,1909039,7,336,48,48,1.0,0.0,0.0,24,0.2559336921826477,0.618731440308472,0.6493932946719703,0.6560414710020328,经过处理的数据 / public-data surrogate; not author-run logs
NSGA-III,4,1909039,8,384,48,48,1.0,0.0,0.0,25,0.261726506611305,0.6317731751885496,0.6493932946719703,0.6560414710020328,经过处理的数据 / public-data surrogate; not author-run logs
NSGA-III,4,1909039,9,432,48,48,1.0,0.0,0.0,23,0.2828395569721409,0.6565892163364988,0.6643177881711868,0.6678293506327293,经过处理的数据 / public-data surrogate; not author-run logs
NSGA-III,4,1909039,10,480,48,48,1.0,0.0,0.0,22,0.28626821577157247,0.6565892163364988,0.6643177881711868,0.6747560988156911,经过处理的数据 / public-data surrogate; not author-run logs
NSGA-III,4,1909039,11,528,48,48,1.0,0.0,0.0,25,0.3008600919378507,0.6592542830041095,0.6922946119463441,0.6777393991085598,经过处理的数据 / public-data surrogate; not author-run logs
NSGA-III,4,1909039,12,576,48,48,1.0,0.0,0.0,27,0.3024448614900971,0.6592542830041095,0.6922946119463441,0.6777393991085598,经过处理的数据 / public-data surrogate; not author-run logs
NSGA-III,4,1909039,13,624,48,48,1.0,0.0,0.0,19,0.30390351093981227,0.6595649365770095,0.6922946119463441,0.6777393991085598,经过处理的数据 / public-data surrogate; not author-run logs
NSGA-III,4,1909039,14,672,48,48,1.0,0.0,0.0,25,0.3262947618076777,0.6989998008777076,0.6996711425045199,0.6837284119535215,经过处理的数据 / public-data surrogate; not author-run logs
NSGA-III,4,1909039,15,720,48,48,1.0,0.0,0.0,30,0.3372879593407072,0.6989998008777076,0.7250979694623743,0.6837284119535215,经过处理的数据 / public-data surrogate; not author-run logs
NSGA-III,4,1909039,16,768,48,48,1.0,0.0,0.0,27,0.3428269972972248,0.6989998008777076,0.7250979694623743,0.6974474193969938,经过处理的数据 / public-data surrogate; not author-run logs
NSGA-III,4,1909039,17,816,48,48,1.0,0.0,0.0,31,0.3437274974877016,0.6989998008777076,0.7250979694623743,0.6974474193969938,经过处理的数据 / public-data surrogate; not author-run logs
NSGA-III,4,1909039,18,864,48,48,1.0,0.0,0.0,45,0.34651482514830345,0.7011132707947313,0.7250979694623743,0.6974474193969938,经过处理的数据 / public-data surrogate; not author-run logs
NSGA-III,4,1909039,19,912,48,48,1.0,0.0,0.0,43,0.35225426735242527,0.7104641308589822,0.7250979694623743,0.6985540617794499,经过处理的数据 / public-data surrogate; not author-run logs
NSGA-III,4,1909039,20,960,48,48,1.0,0.0,0.0,46,0.3572934118150629,0.7201197922357242,0.7250979694623743,0.6985540617794499,经过处理的数据 / public-data surrogate; not author-run logs
NSGA-III,4,1909039,21,1008,48,48,1.0,0.0,0.0,45,0.3604313517696282,0.7201197922357242,0.7306490368418569,0.6985540617794499,经过处理的数据 / public-data surrogate; not author-run logs
NSGA-III,4,1909039,22,1056,48,48,1.0,0.0,0.0,48,0.3655125478432876,0.7298640499458836,0.7306490368418569,0.6985819145809211,经过处理的数据 / public-data surrogate; not author-run logs
NSGA-III,4,1909039,23,1104,48,48,1.0,0.0,0.0,43,0.38104482306250215,0.7442328980738434,0.743901070732376,0.7052376674598162,经过处理的数据 / public-data surrogate; not author-run logs
NSGA-III,4,1909039,24,1152,48,48,1.0,0.0,0.0,48,0.383292516988699,0.7442328980738434,0.743901070732376,0.7068650106974153,经过处理的数据 / public-data surrogate; not author-run logs
NSGA-III,4,1909039,25,1200,48,48,1.0,0.0,0.0,48,0.38403857719502904,0.7442328980738434,0.743901070732376,0.7068650106974153,经过处理的数据 / public-data surrogate; not author-run logs
NSGA-III,4,1909039,26,1248,48,48,1.0,0.0,0.0,48,0.3901774126034331,0.7551826368416825,0.743901070732376,0.7068650106974153,经过处理的数据 / public-data surrogate; not author-run logs
NSGA-III,4,1909039,27,1296,48,48,1.0,0.0,0.0,48,0.3922185669895503,0.7551826368416825,0.743901070732376,0.7103984565171034,经过处理的数据 / public-data surrogate; not author-run logs
NSGA-III,4,1909039,28,1344,48,48,1.0,0.0,0.0,48,0.39540732626189323,0.7551826368416825,0.743901070732376,0.7154212453065468,经过处理的数据 / public-data surrogate; not author-run logs
NSGA-III,4,1909039,29,1392,48,48,1.0,0.0,0.0,48,0.39611871744109073,0.7551826368416825,0.743901070732376,0.7154212453065468,经过处理的数据 / public-data surrogate; not author-run logs
NSGA-III,4,1909039,30,1440,48,48,1.0,0.0,0.0,48,0.39622460338354076,0.7551826368416825,0.744373354032083,0.7154212453065468,经过处理的数据 / public-data surrogate; not author-run logs
NSGA-III,5,1909040,1,48,48,17,0.3541666666666667,0.13971757487111616,0.8748557347678478,6,0.19064522647973206,0.5612663073194015,0.5674412949633213,0.6175006220652525,经过处理的数据 / public-data surrogate; not author-run logs
NSGA-III,5,1909040,2,96,48,42,0.875,0.0013664416820714693,0.015038435661621996,11,0.20238006216972487,0.5678023430877093,0.5674412949633213,0.6412245040719443,经过处理的数据 / public-data surrogate; not author-run logs
NSGA-III,5,1909040,3,144,48,48,1.0,0.0,0.0,24,0.20866162100730493,0.5778828497787001,0.5674412949633213,0.6542794156834968,经过处理的数据 / public-data surrogate; not author-run logs
NSGA-III,5,1909040,4,192,48,48,1.0,0.0,0.0,21,0.22851364710621713,0.589649299661812,0.6008423917823603,0.6542794156834968,经过处理的数据 / public-data surrogate; not author-run logs
NSGA-III,5,1909040,5,240,48,48,1.0,0.0,0.0,19,0.244062426810761,0.6295381388949809,0.6008423917823603,0.6591823333151556,经过处理的数据 / public-data surrogate; not author-run logs
NSGA-III,5,1909040,6,288,48,48,1.0,0.0,0.0,17,0.2528630479298001,0.6295381388949809,0.6222452868945646,0.659612838247677,经过处理的数据 / public-data surrogate; not author-run logs
NSGA-III,5,1909040,7,336,48,48,1.0,0.0,0.0,23,0.2543245322585528,0.6295381388949809,0.6222452868945646,0.6635218029834193,经过处理的数据 / public-data surrogate; not author-run logs
NSGA-III,5,1909040,8,384,48,48,1.0,0.0,0.0,27,0.26088817364391254,0.636640831997093,0.625794700657071,0.6681778617213414,经过处理的数据 / public-data surrogate; not author-run logs
NSGA-III,5,1909040,9,432,48,48,1.0,0.0,0.0,24,0.26902654040638424,0.636640831997093,0.6395254301186436,0.6735876812102708,经过处理的数据 / public-data surrogate; not author-run logs
NSGA-III,5,1909040,10,480,48,48,1.0,0.0,0.0,34,0.27352012928292824,0.6434212157701286,0.6409725909036349,0.6735876812102708,经过处理的数据 / public-data surrogate; not author-run logs
NSGA-III,5,1909040,11,528,48,48,1.0,0.0,0.0,28,0.2798888092925342,0.6544050762987363,0.6435784412645816,0.6735876812102708,经过处理的数据 / public-data surrogate; not author-run logs
NSGA-III,5,1909040,12,576,48,48,1.0,0.0,0.0,29,0.28658499596587633,0.6544050762987363,0.661424541368639,0.6735876812102708,经过处理的数据 / public-data surrogate; not author-run logs
NSGA-III,5,1909040,13,624,48,48,1.0,0.0,0.0,37,0.29004163995296517,0.6544050762987363,0.6623447433436607,0.6802336559631503,经过处理的数据 / public-data surrogate; not author-run logs
NSGA-III,5,1909040,14,672,48,48,1.0,0.0,0.0,32,0.2962350121104346,0.6670998678150476,0.6624613286458492,0.6802336559631503,经过处理的数据 / public-data surrogate; not author-run logs
NSGA-III,5,1909040,15,720,48,48,1.0,0.0,0.0,37,0.30244001985028396,0.6670998678150476,0.6734504824942217,0.6815241174515758,经过处理的数据 / public-data surrogate; not author-run logs
NSGA-III,5,1909040,16,768,48,48,1.0,0.0,0.0,34,0.3155570356759805,0.6777790047213498,0.6923752630570509,0.6822000059857277,经过处理的数据 / public-data surrogate; not author-run logs
NSGA-III,5,1909040,17,816,48,48,1.0,0.0,0.0,28,0.31972174243978563,0.6814683305420752,0.6923752630570509,0.6874768358852803,经过处理的数据 / public-data surrogate; not author-run logs
NSGA-III,5,1909040,18,864,48,48,1.0,0.0,0.0,40,0.3234198164543422,0.6860904096135635,0.6956058863249468,0.6874768358852803,经过处理的数据 / public-data surrogate; not author-run logs
NSGA-III,5,1909040,19,912,48,48,1.0,0.0,0.0,28,0.33364221198351574,0.6913146080001533,0.7028101877931466,0.6995417597154261,经过处理的数据 / public-data surrogate; not author-run logs
NSGA-III,5,1909040,20,960,48,48,1.0,0.0,0.0,37,0.3396863922109872,0.6969783415187789,0.7084368408474397,0.6995417597154261,经过处理的数据 / public-data surrogate; not author-run logs
NSGA-III,5,1909040,21,1008,48,48,1.0,0.0,0.0,48,0.34338277203540324,0.7040071755413603,0.7084368408474397,0.6995417597154261,经过处理的数据 / public-data surrogate; not author-run logs
NSGA-III,5,1909040,22,1056,48,48,1.0,0.0,0.0,46,0.34392090182820534,0.7040071755413603,0.7084368408474397,0.6995417597154261,经过处理的数据 / public-data surrogate; not author-run logs
NSGA-III,5,1909040,23,1104,48,48,1.0,0.0,0.0,44,0.3475263764365366,0.7109151358451967,0.7084368408474397,0.6995417597154261,经过处理的数据 / public-data surrogate; not author-run logs
NSGA-III,5,1909040,24,1152,48,48,1.0,0.0,0.0,46,0.3484566668840699,0.7109151358451967,0.7084368408474397,0.6995417597154261,经过处理的数据 / public-data surrogate; not author-run logs
NSGA-III,5,1909040,25,1200,48,48,1.0,0.0,0.0,43,0.3561769093305174,0.7191564970409502,0.7154062728989563,0.6995417597154261,经过处理的数据 / public-data surrogate; not author-run logs
NSGA-III,5,1909040,26,1248,48,48,1.0,0.0,0.0,48,0.3569121195987699,0.719486093182758,0.7154062728989563,0.6995417597154261,经过处理的数据 / public-data surrogate; not author-run logs
NSGA-III,5,1909040,27,1296,48,48,1.0,0.0,0.0,47,0.36538632158871553,0.7245946663155928,0.7287406870897886,0.6995417597154261,经过处理的数据 / public-data surrogate; not author-run logs
NSGA-III,5,1909040,28,1344,48,48,1.0,0.0,0.0,48,0.3799280811917043,0.7451625174537688,0.7305416239566309,0.7096669517081855,经过处理的数据 / public-data surrogate; not author-run logs
NSGA-III,5,1909040,29,1392,48,48,1.0,0.0,0.0,48,0.3802393390970392,0.7451625174537688,0.7305416239566309,0.7096669517081855,经过处理的数据 / public-data surrogate; not author-run logs
NSGA-III,5,1909040,30,1440,48,48,1.0,0.0,0.0,48,0.3835667057368004,0.7495748506119961,0.7310740075497137,0.7096669517081855,经过处理的数据 / public-data surrogate; not author-run logs
NSGA-III,6,1909041,1,48,48,14,0.2916666666666667,0.15512694217461778,0.646904882874251,6,0.2001255683818182,0.5912684014348154,0.5479583054908048,0.6285751797826007,经过处理的数据 / public-data surrogate; not author-run logs
NSGA-III,6,1909041,2,96,48,36,0.75,0.004140865166931074,0.031438042497928365,5,0.2161449454000919,0.5912684014348154,0.5891737877979127,0.63311735855395,经过处理的数据 / public-data surrogate; not author-run logs
NSGA-III,6,1909041,3,144,48,48,1.0,0.0,0.0,10,0.21825046513024085,0.5912684014348154,0.5891737877979127,0.6331356780664895,经过处理的数据 / public-data surrogate; not author-run logs
NSGA-III,6,1909041,4,192,48,48,1.0,0.0,0.0,18,0.22665095275841787,0.6097820743302228,0.597644193957593,0.6337189026584094,经过处理的数据 / public-data surrogate; not author-run logs
NSGA-III,6,1909041,5,240,48,48,1.0,0.0,0.0,18,0.2477138543562699,0.6209661205455207,0.6239039930661558,0.6578531182006242,经过处理的数据 / public-data surrogate; not author-run logs
NSGA-III,6,1909041,6,288,48,48,1.0,0.0,0.0,13,0.2628467922056887,0.6327877310651306,0.6301664264683349,0.6774904116782796,经过处理的数据 / public-data surrogate; not author-run logs
NSGA-III,6,1909041,7,336,48,48,1.0,0.0,0.0,22,0.2765747720003705,0.6569024749778184,0.6358261801907962,0.6865589447999455,经过处理的数据 / public-data surrogate; not author-run logs
NSGA-III,6,1909041,8,384,48,48,1.0,0.0,0.0,23,0.28422403230229804,0.6569024749778184,0.653805478572149,0.6865589447999455,经过处理的数据 / public-data surrogate; not author-run logs
NSGA-III,6,1909041,9,432,48,48,1.0,0.0,0.0,27,0.2967656367715378,0.6569024749778184,0.6644883790065281,0.7189982850696631,经过处理的数据 / public-data surrogate; not author-run logs
NSGA-III,6,1909041,10,480,48,48,1.0,0.0,0.0,27,0.30394800001297384,0.6718493781000965,0.6644883790065281,0.7189982850696631,经过处理的数据 / public-data surrogate; not author-run logs
NSGA-III,6,1909041,11,528,48,48,1.0,0.0,0.0,33,0.3128428796347296,0.6718493781000965,0.6784431266796082,0.7235931143841321,经过处理的数据 / public-data surrogate; not author-run logs
NSGA-III,6,1909041,12,576,48,48,1.0,0.0,0.0,21,0.3175974911401881,0.6718493781000965,0.6784431266796082,0.7235931143841321,经过处理的数据 / public-data surrogate; not author-run logs
NSGA-III,6,1909041,13,624,48,48,1.0,0.0,0.0,23,0.328528191671366,0.6801684873993498,0.6894725704901643,0.7235931143841321,经过处理的数据 / public-data surrogate; not author-run logs
NSGA-III,6,1909041,14,672,48,48,1.0,0.0,0.0,25,0.3362095914813063,0.6801684873993498,0.7035978125466964,0.7264332959157159,经过处理的数据 / public-data surrogate; not author-run logs
NSGA-III,6,1909041,15,720,48,48,1.0,0.0,0.0,26,0.33803369625499347,0.6801684873993498,0.7035978125466964,0.7264332959157159,经过处理的数据 / public-data surrogate; not author-run logs
NSGA-III,6,1909041,16,768,48,48,1.0,0.0,0.0,32,0.35098611098606536,0.6998550972680646,0.7035978125466964,0.7397353151076211,经过处理的数据 / public-data surrogate; not author-run logs
NSGA-III,6,1909041,17,816,48,48,1.0,0.0,0.0,35,0.35342060311882195,0.6998550972680646,0.7035978125466964,0.7400920356827033,经过处理的数据 / public-data surrogate; not author-run logs
NSGA-III,6,1909041,18,864,48,48,1.0,0.0,0.0,37,0.3620104394776688,0.6998550972680646,0.7202712905422245,0.7400920356827033,经过处理的数据 / public-data surrogate; not author-run logs
NSGA-III,6,1909041,19,912,48,48,1.0,0.0,0.0,43,0.36770985446525184,0.7086502402195181,0.7202712905422245,0.7400920356827033,经过处理的数据 / public-data surrogate; not author-run logs
NSGA-III,6,1909041,20,960,48,48,1.0,0.0,0.0,45,0.3686936528696728,0.7086502402195181,0.7202712905422245,0.7400920356827033,经过处理的数据 / public-data surrogate; not author-run logs
NSGA-III,6,1909041,21,1008,48,48,1.0,0.0,0.0,48,0.3803367692271346,0.7172073553372597,0.7356461104558131,0.7400920356827033,经过处理的数据 / public-data surrogate; not author-run logs
NSGA-III,6,1909041,22,1056,48,48,1.0,0.0,0.0,48,0.3811565404966703,0.7172073553372597,0.7356461104558131,0.7397353151076211,经过处理的数据 / public-data surrogate; not author-run logs
NSGA-III,6,1909041,23,1104,48,48,1.0,0.0,0.0,44,0.38369789687143835,0.7192380935365515,0.7356461104558131,0.7397353151076211,经过处理的数据 / public-data surrogate; not author-run logs
NSGA-III,6,1909041,24,1152,48,48,1.0,0.0,0.0,48,0.3849236315432041,0.7192380935365515,0.7356461104558131,0.7414127070442572,经过处理的数据 / public-data surrogate; not author-run logs
NSGA-III,6,1909041,25,1200,48,48,1.0,0.0,0.0,48,0.39342651894794234,0.7345187704939591,0.7356461104558131,0.7447636983468708,经过处理的数据 / public-data surrogate; not author-run logs
NSGA-III,6,1909041,26,1248,48,48,1.0,0.0,0.0,46,0.39457596747124296,0.7345187704939591,0.7356461104558131,0.7447636983468708,经过处理的数据 / public-data surrogate; not author-run logs
NSGA-III,6,1909041,27,1296,48,48,1.0,0.0,0.0,43,0.3956142523711931,0.7345187704939591,0.7356461104558131,0.7447636983468708,经过处理的数据 / public-data surrogate; not author-run logs
NSGA-III,6,1909041,28,1344,48,48,1.0,0.0,0.0,38,0.4045826948313067,0.7348048254282062,0.7540937100364127,0.7447636983468708,经过处理的数据 / public-data surrogate; not author-run logs
NSGA-III,6,1909041,29,1392,48,48,1.0,0.0,0.0,48,0.40737417977209966,0.736349341449461,0.7559339892062809,0.7447636983468708,经过处理的数据 / public-data surrogate; not author-run logs
NSGA-III,6,1909041,30,1440,48,48,1.0,0.0,0.0,48,0.4079731757568712,0.736349341449461,0.7559339892062809,0.7447636983468708,经过处理的数据 / public-data surrogate; not author-run logs
NSGA-III,7,1909042,1,48,48,16,0.3333333333333333,0.1592681781402725,0.6977036907943404,5,0.20553810769856168,0.5758986804885002,0.5829028964659141,0.6293016204995705,经过处理的数据 / public-data surrogate; not author-run logs
NSGA-III,7,1909042,2,96,48,40,0.8333333333333334,0.0018616983510365375,0.03253331356036138,8,0.2216436879961462,0.5758986804885002,0.5829028964659141,0.6983540032565643,经过处理的数据 / public-data surrogate; not author-run logs
NSGA-III,7,1909042,3,144,48,48,1.0,0.0,0.0,13,0.23450680916686545,0.5880914605864194,0.6003480444692844,0.6983540032565643,经过处理的数据 / public-data surrogate; not author-run logs
NSGA-III,7,1909042,4,192,48,48,1.0,0.0,0.0,20,0.2373798921022761,0.5900129957432442,0.6003480444692844,0.6983540032565643,经过处理的数据 / public-data surrogate; not author-run logs
NSGA-III,7,1909042,5,240,48,48,1.0,0.0,0.0,18,0.2404282044198217,0.5900129957432442,0.6014700294444408,0.6983540032565643,经过处理的数据 / public-data surrogate; not author-run logs
NSGA-III,7,1909042,6,288,48,48,1.0,0.0,0.0,17,0.25531640633617564,0.6156467550023385,0.6181399099218152,0.6983540032565643,经过处理的数据 / public-data surrogate; not author-run logs
NSGA-III,7,1909042,7,336,48,48,1.0,0.0,0.0,18,0.2641523629165421,0.6333658738248484,0.6181399099218152,0.6983540032565643,经过处理的数据 / public-data surrogate; not author-run logs
NSGA-III,7,1909042,8,384,48,48,1.0,0.0,0.0,17,0.2841198422210423,0.6355772478528005,0.6665566732798995,0.6985058453605261,经过处理的数据 / public-data surrogate; not author-run logs
NSGA-III,7,1909042,9,432,48,48,1.0,0.0,0.0,24,0.2953169852900683,0.6525916118821089,0.6665566732798995,0.7099517247382239,经过处理的数据 / public-data surrogate; not author-run logs
NSGA-III,7,1909042,10,480,48,48,1.0,0.0,0.0,20,0.30995729563640395,0.6793963523507522,0.6665566732798995,0.7099517247382239,经过处理的数据 / public-data surrogate; not author-run logs
NSGA-III,7,1909042,11,528,48,48,1.0,0.0,0.0,29,0.31267085185513704,0.6793963523507522,0.6694068657598841,0.7099517247382239,经过处理的数据 / public-data surrogate; not author-run logs
NSGA-III,7,1909042,12,576,48,48,1.0,0.0,0.0,20,0.31892570810916127,0.6863913506385861,0.6694068657598841,0.7200213004275072,经过处理的数据 / public-data surrogate; not author-run logs
NSGA-III,7,1909042,13,624,48,48,1.0,0.0,0.0,20,0.33308030026751945,0.7021248205689419,0.6826962079984634,0.7200213004275072,经过处理的数据 / public-data surrogate; not author-run logs
NSGA-III,7,1909042,14,672,48,48,1.0,0.0,0.0,29,0.33445212144651254,0.7021248205689419,0.6826962079984634,0.7200213004275072,经过处理的数据 / public-data surrogate; not author-run logs
NSGA-III,7,1909042,15,720,48,48,1.0,0.0,0.0,29,0.33627051615541276,0.7021248205689419,0.6826962079984634,0.7200213004275072,经过处理的数据 / public-data surrogate; not author-run logs
NSGA-III,7,1909042,16,768,48,48,1.0,0.0,0.0,42,0.3381329083041208,0.703010911554406,0.6826962079984634,0.7200213004275072,经过处理的数据 / public-data surrogate; not author-run logs
NSGA-III,7,1909042,17,816,48,48,1.0,0.0,0.0,29,0.349368628760654,0.721968878245848,0.6826962079984634,0.7200213004275072,经过处理的数据 / public-data surrogate; not author-run logs
NSGA-III,7,1909042,18,864,48,48,1.0,0.0,0.0,26,0.35389782586220736,0.721968878245848,0.6909221769435502,0.7203058650681993,经过处理的数据 / public-data surrogate; not author-run logs
NSGA-III,7,1909042,19,912,48,48,1.0,0.0,0.0,30,0.3642279638613167,0.721968878245848,0.7113280674318517,0.7222123052004257,经过处理的数据 / public-data surrogate; not author-run logs
NSGA-III,7,1909042,20,960,48,48,1.0,0.0,0.0,41,0.36740640792388124,0.7269196738524455,0.7113280674318517,0.7222123052004257,经过处理的数据 / public-data surrogate; not author-run logs
NSGA-III,7,1909042,21,1008,48,48,1.0,0.0,0.0,48,0.372810316504541,0.7306521440140625,0.7192689285260896,0.7222123052004257,经过处理的数据 / public-data surrogate; not author-run logs
NSGA-III,7,1909042,22,1056,48,48,1.0,0.0,0.0,46,0.37352554375511265,0.7306521440140625,0.7192689285260896,0.7222123052004257,经过处理的数据 / public-data surrogate; not author-run logs
NSGA-III,7,1909042,23,1104,48,48,1.0,0.0,0.0,42,0.3834930541254037,0.7306521440140625,0.7359860845638597,0.7254614887334104,经过处理的数据 / public-data surrogate; not author-run logs
NSGA-III,7,1909042,24,1152,48,48,1.0,0.0,0.0,46,0.38585437880903256,0.7342919081202566,0.7359860845638597,0.7254614887334104,经过处理的数据 / public-data surrogate; not author-run logs
NSGA-III,7,1909042,25,1200,48,48,1.0,0.0,0.0,48,0.3909139916551194,0.7435727237083416,0.7359860845638597,0.7254614887334104,经过处理的数据 / public-data surrogate; not author-run logs
NSGA-III,7,1909042,26,1248,48,48,1.0,0.0,0.0,48,0.3917312721718864,0.7435727237083416,0.7359860845638597,0.7254614887334104,经过处理的数据 / public-data surrogate; not author-run logs
NSGA-III,7,1909042,27,1296,48,48,1.0,0.0,0.0,48,0.4024310693135543,0.7534109122783015,0.7514027180822871,0.7254614887334104,经过处理的数据 / public-data surrogate; not author-run logs
NSGA-III,7,1909042,28,1344,48,48,1.0,0.0,0.0,48,0.4025259005653673,0.7552171629796872,0.7514027180822871,0.7223691594244864,经过处理的数据 / public-data surrogate; not author-run logs
NSGA-III,7,1909042,29,1392,48,48,1.0,0.0,0.0,48,0.405572346352731,0.7610795273401176,0.7514027180822871,0.7223691594244864,经过处理的数据 / public-data surrogate; not author-run logs
NSGA-III,7,1909042,30,1440,48,48,1.0,0.0,0.0,48,0.4097289551445731,0.7675639369116979,0.7514027180822871,0.7239473937663355,经过处理的数据 / public-data surrogate; not author-run logs
NSGA-III,8,1909043,1,48,48,12,0.25,0.16984098945396245,0.759508693856014,5,0.1849566000976611,0.5343160357178854,0.5565121152530357,0.6287386463254188,经过处理的数据 / public-data surrogate; not author-run logs
NSGA-III,8,1909043,2,96,48,36,0.75,0.0049153291552543514,0.0439640160865471,10,0.1936572197297765,0.5622835690361175,0.5565121152530357,0.6287386463254188,经过处理的数据 / public-data surrogate; not author-run logs
NSGA-III,8,1909043,3,144,48,48,1.0,0.0,0.0,21,0.21901806923552275,0.5787734407644776,0.6082389732493835,0.643403278342173,经过处理的数据 / public-data surrogate; not author-run logs
NSGA-III,8,1909043,4,192,48,48,1.0,0.0,0.0,26,0.22045804296267957,0.5808242082940817,0.6082389732493835,0.643403278342173,经过处理的数据 / public-data surrogate; not author-run logs
NSGA-III,8,1909043,5,240,48,48,1.0,0.0,0.0,20,0.23345580174529076,0.5862863914420194,0.6374154143519114,0.643403278342173,经过处理的数据 / public-data surrogate; not author-run logs
NSGA-III,8,1909043,6,288,48,48,1.0,0.0,0.0,18,0.24038983677595888,0.5893722299656817,0.6374154143519114,0.6532068468340118,经过处理的数据 / public-data surrogate; not author-run logs
NSGA-III,8,1909043,7,336,48,48,1.0,0.0,0.0,20,0.2563538187990062,0.625460235625111,0.6374154143519114,0.661588535541885,经过处理的数据 / public-data surrogate; not author-run logs
NSGA-III,8,1909043,8,384,48,48,1.0,0.0,0.0,18,0.267440590050658,0.625460235625111,0.647330121208172,0.6773456906426121,经过处理的数据 / public-data surrogate; not author-run logs
NSGA-III,8,1909043,9,432,48,48,1.0,0.0,0.0,26,0.2787107203595293,0.6335701189641822,0.6659785719238471,0.6773456906426121,经过处理的数据 / public-data surrogate; not author-run logs
NSGA-III,8,1909043,10,480,48,48,1.0,0.0,0.0,8,0.29471662894919454,0.6517101008265382,0.6659785719238471,0.6957300970609511,经过处理的数据 / public-data surrogate; not author-run logs
NSGA-III,8,1909043,11,528,48,48,1.0,0.0,0.0,12,0.3068553539373346,0.6736159243095222,0.6692147480241321,0.6957300970609511,经过处理的数据 / public-data surrogate; not author-run logs
NSGA-III,8,1909043,12,576,48,48,1.0,0.0,0.0,16,0.30925082181198355,0.6736159243095222,0.6692147480241321,0.6957300970609511,经过处理的数据 / public-data surrogate; not author-run logs
NSGA-III,8,1909043,13,624,48,48,1.0,0.0,0.0,22,0.30959044205181685,0.6736159243095222,0.6692147480241321,0.6960540790135668,经过处理的数据 / public-data surrogate; not author-run logs
NSGA-III,8,1909043,14,672,48,48,1.0,0.0,0.0,27,0.31593541905087147,0.6736159243095222,0.683046817415388,0.6970921306501658,经过处理的数据 / public-data surrogate; not author-run logs
NSGA-III,8,1909043,15,720,48,48,1.0,0.0,0.0,16,0.3248395122794925,0.689854203283639,0.6831747599932108,0.6970921306501658,经过处理的数据 / public-data surrogate; not author-run logs
NSGA-III,8,1909043,16,768,48,48,1.0,0.0,0.0,19,0.330607480465558,0.689854203283639,0.6925838983621916,0.7016308818773771,经过处理的数据 / public-data surrogate; not author-run logs
NSGA-III,8,1909043,17,816,48,48,1.0,0.0,0.0,12,0.33829359400205644,0.7002480567167642,0.6925838983621916,0.7042053450704617,经过处理的数据 / public-data surrogate; not author-run logs
NSGA-III,8,1909043,18,864,48,48,1.0,0.0,0.0,22,0.33892905112207394,0.7002480567167642,0.6925838983621916,0.705340523085856,经过处理的数据 / public-data surrogate; not author-run logs
NSGA-III,8,1909043,19,912,48,48,1.0,0.0,0.0,24,0.341873121613382,0.7002480567167642,0.6925838983621916,0.7117777324388419,经过处理的数据 / public-data surrogate; not author-run logs
NSGA-III,8,1909043,20,960,48,48,1.0,0.0,0.0,16,0.3439894541263224,0.7002480567167642,0.6939162117113056,0.712370026176739,经过处理的数据 / public-data surrogate; not author-run logs
NSGA-III,8,1909043,21,1008,48,48,1.0,0.0,0.0,28,0.3471084677369555,0.7002480567167642,0.7011200307369004,0.712370026176739,经过处理的数据 / public-data surrogate; not author-run logs
NSGA-III,8,1909043,22,1056,48,48,1.0,0.0,0.0,29,0.35420595408334565,0.7046795847629078,0.7094866042147255,0.715740720966051,经过处理的数据 / public-data surrogate; not author-run logs
NSGA-III,8,1909043,23,1104,48,48,1.0,0.0,0.0,29,0.36025632714699435,0.7092135349081091,0.7119318207075581,0.7212996612922272,经过处理的数据 / public-data surrogate; not author-run logs
NSGA-III,8,1909043,24,1152,48,48,1.0,0.0,0.0,35,0.36365855248158596,0.7092135349081091,0.7190604861849357,0.7212996612922272,经过处理的数据 / public-data surrogate; not author-run logs
NSGA-III,8,1909043,25,1200,48,48,1.0,0.0,0.0,40,0.3641964702448831,0.7092135349081091,0.7190604861849357,0.7212996612922272,经过处理的数据 / public-data surrogate; not author-run logs
NSGA-III,8,1909043,26,1248,48,48,1.0,0.0,0.0,44,0.36774357282640646,0.7092135349081091,0.7212134410247112,0.7260081575527698,经过处理的数据 / public-data surrogate; not author-run logs
NSGA-III,8,1909043,27,1296,48,48,1.0,0.0,0.0,48,0.3683345307683721,0.7098303121167651,0.7212134410247112,0.7260081575527698,经过处理的数据 / public-data surrogate; not author-run logs
NSGA-III,8,1909043,28,1344,48,48,1.0,0.0,0.0,48,0.3721649341030929,0.7174587511795167,0.7212134410247112,0.7260081575527698,经过处理的数据 / public-data surrogate; not author-run logs
NSGA-III,8,1909043,29,1392,48,48,1.0,0.0,0.0,48,0.37356253622311636,0.7174587511795167,0.7234498142026968,0.7261370405007326,经过处理的数据 / public-data surrogate; not author-run logs
NSGA-III,8,1909043,30,1440,48,48,1.0,0.0,0.0,38,0.3770514625424615,0.7188245073356774,0.7281134991626228,0.7261370405007326,经过处理的数据 / public-data surrogate; not author-run logs
NSGA-III,9,1909044,1,48,48,15,0.3125,0.12391023933130269,0.5690449564280307,5,0.20180276003800224,0.5740983908638705,0.5487241985344083,0.6519694391751915,经过处理的数据 / public-data surrogate; not author-run logs
NSGA-III,9,1909044,2,96,48,40,0.8333333333333334,0.0017960102772274732,0.017564680380632858,7,0.21341167906446473,0.5740983908638705,0.5783581412025444,0.6569946533110147,经过处理的数据 / public-data surrogate; not author-run logs
NSGA-III,9,1909044,3,144,48,48,1.0,0.0,0.0,14,0.22081372720453618,0.5740983908638705,0.5955768622313147,0.6638580434148934,经过处理的数据 / public-data surrogate; not author-run logs
NSGA-III,9,1909044,4,192,48,48,1.0,0.0,0.0,15,0.2305489583249143,0.5776317144621836,0.615869828836727,0.6638580434148934,经过处理的数据 / public-data surrogate; not author-run logs
NSGA-III,9,1909044,5,240,48,48,1.0,0.0,0.0,14,0.2439081451564878,0.5951497683873085,0.6259786576309626,0.6710218544726327,经过处理的数据 / public-data surrogate; not author-run logs
NSGA-III,9,1909044,6,288,48,48,1.0,0.0,0.0,21,0.25046370051575595,0.6107464924873951,0.6259786576309626,0.6717422497350867,经过处理的数据 / public-data surrogate; not author-run logs
NSGA-III,9,1909044,7,336,48,48,1.0,0.0,0.0,24,0.253078116317379,0.6123457901403675,0.6259786576309626,0.6717422497350867,经过处理的数据 / public-data surrogate; not author-run logs
NSGA-III,9,1909044,8,384,48,48,1.0,0.0,0.0,20,0.2647583869346468,0.6325680981252205,0.6326171285093893,0.6717422497350867,经过处理的数据 / public-data surrogate; not author-run logs
NSGA-III,9,1909044,9,432,48,48,1.0,0.0,0.0,19,0.2820043906766476,0.6325680981252205,0.6560876854934693,0.69173706323804,经过处理的数据 / public-data surrogate; not author-run logs
NSGA-III,9,1909044,10,480,48,48,1.0,0.0,0.0,16,0.29304025607975265,0.6515845297832653,0.6560876854934693,0.6974079048655079,经过处理的数据 / public-data surrogate; not author-run logs
NSGA-III,9,1909044,11,528,48,48,1.0,0.0,0.0,16,0.3073610990884849,0.6515845297832653,0.6669689312673879,0.7212780780950814,经过处理的数据 / public-data surrogate; not author-run logs
NSGA-III,9,1909044,12,576,48,48,1.0,0.0,0.0,26,0.3147911905654803,0.6551146923487332,0.6818894943383602,0.7212780780950814,经过处理的数据 / public-data surrogate; not author-run logs
NSGA-III,9,1909044,13,624,48,48,1.0,0.0,0.0,20,0.32069026311509385,0.6647072922502084,0.6818894943383602,0.7212780780950814,经过处理的数据 / public-data surrogate; not author-run logs
NSGA-III,9,1909044,14,672,48,48,1.0,0.0,0.0,22,0.3235627766829686,0.6647072922502084,0.686226946969148,0.7212780780950814,经过处理的数据 / public-data surrogate; not author-run logs
NSGA-III,9,1909044,15,720,48,48,1.0,0.0,0.0,25,0.32831492856098904,0.6719113224781323,0.6881951983140757,0.7212780780950814,经过处理的数据 / public-data surrogate; not author-run logs
NSGA-III,9,1909044,16,768,48,48,1.0,0.0,0.0,27,0.33146147423841266,0.6759706287257606,0.6884247821452399,0.7213082138700697,经过处理的数据 / public-data surrogate; not author-run logs
NSGA-III,9,1909044,17,816,48,48,1.0,0.0,0.0,34,0.3344203713538521,0.6770056683282165,0.6901653660252763,0.7227198393615026,经过处理的数据 / public-data surrogate; not author-run logs
NSGA-III,9,1909044,18,864,48,48,1.0,0.0,0.0,39,0.3454019287565642,0.6782636098692683,0.7092023441703877,0.7265075206495387,经过处理的数据 / public-data surrogate; not author-run logs
NSGA-III,9,1909044,19,912,48,48,1.0,0.0,0.0,39,0.35923463794440746,0.688350401368108,0.7291470134268695,0.7290501647924765,经过处理的数据 / public-data surrogate; not author-run logs
NSGA-III,9,1909044,20,960,48,48,1.0,0.0,0.0,39,0.36298309422628255,0.69272454138479,0.7291470134268695,0.7302688900995179,经过处理的数据 / public-data surrogate; not author-run logs
NSGA-III,9,1909044,21,1008,48,48,1.0,0.0,0.0,42,0.36931205209004014,0.7005807609127536,0.733227138006222,0.7302688900995179,经过处理的数据 / public-data surrogate; not author-run logs
NSGA-III,9,1909044,22,1056,48,48,1.0,0.0,0.0,38,0.3736485208785675,0.7025657813431265,0.733227138006222,0.7362563270564478,经过处理的数据 / public-data surrogate; not author-run logs
NSGA-III,9,1909044,23,1104,48,48,1.0,0.0,0.0,44,0.3850437343337816,0.7157653085024399,0.7429719328846766,0.7362563270564478,经过处理的数据 / public-data surrogate; not author-run logs
NSGA-III,9,1909044,24,1152,48,48,1.0,0.0,0.0,43,0.38691328717027457,0.7157653085024399,0.7441531422764921,0.7362563270564478,经过处理的数据 / public-data surrogate; not author-run logs
NSGA-III,9,1909044,25,1200,48,48,1.0,0.0,0.0,48,0.38950797769145834,0.7157653085024399,0.7501619976111443,0.7362563270564478,经过处理的数据 / public-data surrogate; not author-run logs
NSGA-III,9,1909044,26,1248,48,48,1.0,0.0,0.0,47,0.3927791287627038,0.7157653085024399,0.7561089822684932,0.7362563270564478,经过处理的数据 / public-data surrogate; not author-run logs
NSGA-III,9,1909044,27,1296,48,48,1.0,0.0,0.0,48,0.394829216649119,0.7186494311345363,0.7561089822684932,0.7362563270564478,经过处理的数据 / public-data surrogate; not author-run logs
NSGA-III,9,1909044,28,1344,48,48,1.0,0.0,0.0,48,0.39569412916700253,0.7217065566123287,0.7565613034319514,0.7334177667224098,经过处理的数据 / public-data surrogate; not author-run logs
NSGA-III,9,1909044,29,1392,48,48,1.0,0.0,0.0,48,0.40271902584638486,0.7299181456458786,0.7624097561809121,0.7334177667224098,经过处理的数据 / public-data surrogate; not author-run logs
NSGA-III,9,1909044,30,1440,48,48,1.0,0.0,0.0,48,0.40885719365353,0.7405958047904183,0.7624097561809121,0.7352548885888525,经过处理的数据 / public-data surrogate; not author-run logs
NSGA-III,10,1909045,1,48,48,15,0.3125,0.16326137070706515,0.7344880089618648,5,0.2061797965820274,0.5623634279801297,0.5868217858969065,0.6485625398829696,经过处理的数据 / public-data surrogate; not author-run logs
NSGA-III,10,1909045,2,96,48,45,0.9375,0.00030852327517595646,0.0064754363146481975,6,0.22131918665143863,0.5899804965400901,0.5930570196492426,0.652315943027485,经过处理的数据 / public-data surrogate; not author-run logs
NSGA-III,10,1909045,3,144,48,48,1.0,0.0,0.0,8,0.2241943234281908,0.5934485628807977,0.5930570196492426,0.652315943027485,经过处理的数据 / public-data surrogate; not author-run logs
NSGA-III,10,1909045,4,192,48,48,1.0,0.0,0.0,16,0.233426230497926,0.6143035254353112,0.5959824948626411,0.652315943027485,经过处理的数据 / public-data surrogate; not author-run logs
NSGA-III,10,1909045,5,240,48,48,1.0,0.0,0.0,15,0.2418454569821657,0.6143035254353112,0.6135751258621491,0.6576565764538568,经过处理的数据 / public-data surrogate; not author-run logs
NSGA-III,10,1909045,6,288,48,48,1.0,0.0,0.0,15,0.256942581049209,0.627069609734439,0.6243872478004254,0.6687848823789029,经过处理的数据 / public-data surrogate; not author-run logs
NSGA-III,10,1909045,7,336,48,48,1.0,0.0,0.0,21,0.26549315991694444,0.6336542050601617,0.6243872478004254,0.6853845333515858,经过处理的数据 / public-data surrogate; not author-run logs
NSGA-III,10,1909045,8,384,48,48,1.0,0.0,0.0,21,0.27729909422024407,0.6424834508878893,0.6279971720532121,0.6964089684119117,经过处理的数据 / public-data surrogate; not author-run logs
NSGA-III,10,1909045,9,432,48,48,1.0,0.0,0.0,21,0.29032064683266967,0.6620279823656585,0.6338324406016826,0.7042999246085889,经过处理的数据 / public-data surrogate; not author-run logs
NSGA-III,10,1909045,10,480,48,48,1.0,0.0,0.0,22,0.30629787450307205,0.664628721828376,0.6708917329918873,0.7042999246085889,经过处理的数据 / public-data surrogate; not author-run logs
NSGA-III,10,1909045,11,528,48,48,1.0,0.0,0.0,17,0.31354004758145304,0.6722003829622915,0.6708917329918873,0.7042999246085889,经过处理的数据 / public-data surrogate; not author-run logs
NSGA-III,10,1909045,12,576,48,48,1.0,0.0,0.0,27,0.31480137865577323,0.6722003829622915,0.6708917329918873,0.7042999246085889,经过处理的数据 / public-data surrogate; not author-run logs
NSGA-III,10,1909045,13,624,48,48,1.0,0.0,0.0,28,0.3187752946425599,0.6722003829622915,0.6741647173407785,0.711023675712705,经过处理的数据 / public-data surrogate; not author-run logs
NSGA-III,10,1909045,14,672,48,48,1.0,0.0,0.0,27,0.3278133529269699,0.6812208774902637,0.6813989822806934,0.7158960581535139,经过处理的数据 / public-data surrogate; not author-run logs
NSGA-III,10,1909045,15,720,48,48,1.0,0.0,0.0,32,0.33021937616627395,0.6836376939644792,0.6813989822806934,0.7158960581535139,经过处理的数据 / public-data surrogate; not author-run logs
NSGA-III,10,1909045,16,768,48,48,1.0,0.0,0.0,21,0.33481617717329204,0.6849981247896577,0.6875460827006078,0.7158960581535139,经过处理的数据 / public-data surrogate; not author-run logs
NSGA-III,10,1909045,17,816,48,48,1.0,0.0,0.0,21,0.3436766320132177,0.6883945072422767,0.7068935618287568,0.7158960581535139,经过处理的数据 / public-data surrogate; not author-run logs
NSGA-III,10,1909045,18,864,48,48,1.0,0.0,0.0,28,0.3470825726653831,0.6952482861797337,0.7068935618287568,0.7158960581535139,经过处理的数据 / public-data surrogate; not author-run logs
NSGA-III,10,1909045,19,912,48,48,1.0,0.0,0.0,29,0.35343283707707485,0.7081482038281113,0.7068935618287568,0.7158960581535139,经过处理的数据 / public-data surrogate; not author-run logs
NSGA-III,10,1909045,20,960,48,48,1.0,0.0,0.0,31,0.3597759888099202,0.7098138182677032,0.7102772003723384,0.7196921848847726,经过处理的数据 / public-data surrogate; not author-run logs
NSGA-III,10,1909045,21,1008,48,48,1.0,0.0,0.0,37,0.36958105754537873,0.7248133150834637,0.7175685064225301,0.7196921848847726,经过处理的数据 / public-data surrogate; not author-run logs
NSGA-III,10,1909045,22,1056,48,48,1.0,0.0,0.0,36,0.3765653794210698,0.7314324910237051,0.7176216844052983,0.72458083396803,经过处理的数据 / public-data surrogate; not author-run logs
NSGA-III,10,1909045,23,1104,48,48,1.0,0.0,0.0,37,0.3769935401279077,0.7314324910237051,0.7176216844052983,0.72458083396803,经过处理的数据 / public-data surrogate; not author-run logs
NSGA-III,10,1909045,24,1152,48,48,1.0,0.0,0.0,41,0.37934469381583613,0.7314324910237051,0.7217286906212399,0.72458083396803,经过处理的数据 / public-data surrogate; not author-run logs
NSGA-III,10,1909045,25,1200,48,48,1.0,0.0,0.0,45,0.38787540632617434,0.7314324910237051,0.7392743597596007,0.7250060082186405,经过处理的数据 / public-data surrogate; not author-run logs
NSGA-III,10,1909045,26,1248,48,48,1.0,0.0,0.0,43,0.3908170079806073,0.7314324910237051,0.744552596257399,0.7250060082186405,经过处理的数据 / public-data surrogate; not author-run logs
NSGA-III,10,1909045,27,1296,48,48,1.0,0.0,0.0,48,0.39561884691487553,0.7416205350241414,0.744552596257399,0.7250060082186405,经过处理的数据 / public-data surrogate; not author-run logs
NSGA-III,10,1909045,28,1344,48,48,1.0,0.0,0.0,44,0.3968502655847527,0.7416602205581152,0.744552596257399,0.7250060082186405,经过处理的数据 / public-data surrogate; not author-run logs
NSGA-III,10,1909045,29,1392,48,48,1.0,0.0,0.0,48,0.39793877144277723,0.7420903503540369,0.744552596257399,0.725967070249725,经过处理的数据 / public-data surrogate; not author-run logs
NSGA-III,10,1909045,30,1440,48,48,1.0,0.0,0.0,48,0.40533944180712356,0.7501768354228262,0.7521721185003147,0.725967070249725,经过处理的数据 / public-data surrogate; not author-run logs
NSGA-III,11,1909046,1,48,48,14,0.2916666666666667,0.15195023197660684,0.5282287652631974,6,0.18827451913683366,0.5545008815760418,0.5463433586864214,0.628963305999672,经过处理的数据 / public-data surrogate; not author-run logs
NSGA-III,11,1909046,2,96,48,38,0.7916666666666666,0.0050204444202006,0.04608239708711315,9,0.19612701564284465,0.5545008815760418,0.5591353703005888,0.639325938285991,经过处理的数据 / public-data surrogate; not author-run logs
NSGA-III,11,1909046,3,144,48,48,1.0,0.0,0.0,10,0.1979673369358182,0.5573248364889236,0.5591353703005888,0.639325938285991,经过处理的数据 / public-data surrogate; not author-run logs
NSGA-III,11,1909046,4,192,48,48,1.0,0.0,0.0,11,0.2198744729866892,0.5881465708394961,0.5712398950787423,0.668128675694335,经过处理的数据 / public-data surrogate; not author-run logs
NSGA-III,11,1909046,5,240,48,48,1.0,0.0,0.0,13,0.23168242117730886,0.5959337374856607,0.5938342895686192,0.668128675694335,经过处理的数据 / public-data surrogate; not author-run logs
NSGA-III,11,1909046,6,288,48,48,1.0,0.0,0.0,15,0.24939249254256707,0.6149177395305467,0.6156033443881141,0.6725908223349506,经过处理的数据 / public-data surrogate; not author-run logs
NSGA-III,11,1909046,7,336,48,48,1.0,0.0,0.0,15,0.25994733035638146,0.6428801235994135,0.6156033443881141,0.6725908223349506,经过处理的数据 / public-data surrogate; not author-run logs
NSGA-III,11,1909046,8,384,48,48,1.0,0.0,0.0,18,0.26403086860860114,0.6428801235994135,0.6156033443881141,0.679561057403822,经过处理的数据 / public-data surrogate; not author-run logs
NSGA-III,11,1909046,9,432,48,48,1.0,0.0,0.0,25,0.2655762263004034,0.6428801235994135,0.6156033443881141,0.679561057403822,经过处理的数据 / public-data surrogate; not author-run logs
NSGA-III,11,1909046,10,480,48,48,1.0,0.0,0.0,25,0.281057632461035,0.6537131361155915,0.6319775607047954,0.6929001711281071,经过处理的数据 / public-data surrogate; not author-run logs
NSGA-III,11,1909046,11,528,48,48,1.0,0.0,0.0,26,0.2815939291093606,0.6537131361155915,0.6319775607047954,0.6929001711281071,经过处理的数据 / public-data surrogate; not author-run logs
NSGA-III,11,1909046,12,576,48,48,1.0,0.0,0.0,32,0.29101116689478607,0.6537131361155915,0.651488073935468,0.6958051110347568,经过处理的数据 / public-data surrogate; not author-run logs
NSGA-III,11,1909046,13,624,48,48,1.0,0.0,0.0,30,0.2942009784872335,0.6584574581709695,0.651488073935468,0.6958051110347568,经过处理的数据 / public-data surrogate; not author-run logs
NSGA-III,11,1909046,14,672,48,48,1.0,0.0,0.0,23,0.30083019456495336,0.6715364550041204,0.651488073935468,0.6958051110347568,经过处理的数据 / public-data surrogate; not author-run logs
NSGA-III,11,1909046,15,720,48,48,1.0,0.0,0.0,34,0.3083736212730708,0.6862476716249383,0.651488073935468,0.6994153694763368,经过处理的数据 / public-data surrogate; not author-run logs
NSGA-III,11,1909046,16,768,48,48,1.0,0.0,0.0,32,0.31492911829798165,0.696444930693669,0.6549164260410573,0.6994153694763368,经过处理的数据 / public-data surrogate; not author-run logs
NSGA-III,11,1909046,17,816,48,48,1.0,0.0,0.0,34,0.3191433602463854,0.696444930693669,0.6549352287747734,0.7069316635181337,经过处理的数据 / public-data surrogate; not author-run logs
NSGA-III,11,1909046,18,864,48,48,1.0,0.0,0.0,37,0.3209503577319572,0.696444930693669,0.6582436102689804,0.7069316635181337,经过处理的数据 / public-data surrogate; not author-run logs
NSGA-III,11,1909046,19,912,48,48,1.0,0.0,0.0,29,0.33697505477562695,0.7237953305266711,0.6655953123736509,0.7092788608309767,经过处理的数据 / public-data surrogate; not author-run logs
NSGA-III,11,1909046,20,960,48,48,1.0,0.0,0.0,37,0.3437827485948966,0.7237953305266711,0.6738980486523843,0.714843157921274,经过处理的数据 / public-data surrogate; not author-run logs
NSGA-III,11,1909046,21,1008,48,48,1.0,0.0,0.0,35,0.3467587511490971,0.7237953305266711,0.6773729333480998,0.714843157921274,经过处理的数据 / public-data surrogate; not author-run logs
NSGA-III,11,1909046,22,1056,48,48,1.0,0.0,0.0,36,0.35117778276323697,0.7298005629928025,0.6775127355712581,0.7176532072365766,经过处理的数据 / public-data surrogate; not author-run logs
NSGA-III,11,1909046,23,1104,48,48,1.0,0.0,0.0,42,0.35559681951128175,0.7298005629928025,0.6861369777816375,0.7176532072365766,经过处理的数据 / public-data surrogate; not author-run logs
NSGA-III,11,1909046,24,1152,48,48,1.0,0.0,0.0,45,0.36062042025369395,0.7377717498631714,0.6861369777816375,0.7185537131072752,经过处理的数据 / public-data surrogate; not author-run logs
NSGA-III,11,1909046,25,1200,48,48,1.0,0.0,0.0,39,0.3715904040847399,0.7437390997604749,0.6966816379852097,0.7261161129551252,经过处理的数据 / public-data surrogate; not author-run logs
NSGA-III,11,1909046,26,1248,48,48,1.0,0.0,0.0,26,0.3842904099671144,0.7698312806477129,0.6966816379852097,0.7261161129551252,经过处理的数据 / public-data surrogate; not author-run logs
NSGA-III,11,1909046,27,1296,48,48,1.0,0.0,0.0,32,0.38674232180534124,0.7698312806477129,0.6990809656818109,0.7287030398042722,经过处理的数据 / public-data surrogate; not author-run logs
NSGA-III,11,1909046,28,1344,48,48,1.0,0.0,0.0,38,0.3888183926378974,0.7698312806477129,0.7013141885597004,0.7287030398042722,经过处理的数据 / public-data surrogate; not author-run logs
NSGA-III,11,1909046,29,1392,48,48,1.0,0.0,0.0,40,0.3990451819385137,0.7698312806477129,0.7212516103425524,0.7287030398042722,经过处理的数据 / public-data surrogate; not author-run logs
NSGA-III,11,1909046,30,1440,48,48,1.0,0.0,0.0,45,0.3998039504794519,0.7698312806477129,0.7212516103425524,0.7287030398042722,经过处理的数据 / public-data surrogate; not author-run logs
NSGA-III,12,1909047,1,48,48,13,0.2708333333333333,0.1425646719801009,0.6371753905180657,3,0.19318900562336977,0.5600023016945492,0.5581861144855339,0.6283632121104951,经过处理的数据 / public-data surrogate; not author-run logs
NSGA-III,12,1909047,2,96,48,35,0.7291666666666666,0.004545510691757663,0.027277021330412543,6,0.20913874923349035,0.5892966355069033,0.5638866322710315,0.6425203196958906,经过处理的数据 / public-data surrogate; not author-run logs
NSGA-III,12,1909047,3,144,48,48,1.0,0.0,0.0,8,0.21662263514265256,0.6008943511579341,0.5650269139185892,0.6468678727342823,经过处理的数据 / public-data surrogate; not author-run logs
NSGA-III,12,1909047,4,192,48,48,1.0,0.0,0.0,7,0.23734742088989877,0.6213839035772571,0.6038537383054978,0.6472988972779495,经过处理的数据 / public-data surrogate; not author-run logs
NSGA-III,12,1909047,5,240,48,48,1.0,0.0,0.0,8,0.23848856642424465,0.622214299443283,0.6038537383054978,0.6472988972779495,经过处理的数据 / public-data surrogate; not author-run logs
NSGA-III,12,1909047,6,288,48,48,1.0,0.0,0.0,11,0.24673485695033479,0.622214299443283,0.6130562191662725,0.6566718424099903,经过处理的数据 / public-data surrogate; not author-run logs
NSGA-III,12,1909047,7,336,48,48,1.0,0.0,0.0,15,0.26101365885098693,0.6330351546529558,0.6366001576573823,0.6566718424099903,经过处理的数据 / public-data surrogate; not author-run logs
NSGA-III,12,1909047,8,384,48,48,1.0,0.0,0.0,21,0.26353654126740017,0.6394599621012625,0.6366001576573823,0.6566718424099903,经过处理的数据 / public-data surrogate; not author-run logs
NSGA-III,12,1909047,9,432,48,48,1.0,0.0,0.0,22,0.2736080579433953,0.6493203326649513,0.6427379215987373,0.6662201064226781,经过处理的数据 / public-data surrogate; not author-run logs
NSGA-III,12,1909047,10,480,48,48,1.0,0.0,0.0,23,0.2783726736750539,0.6493203326649513,0.6427379215987373,0.6781055552664339,经过处理的数据 / public-data surrogate; not author-run logs
NSGA-III,12,1909047,11,528,48,48,1.0,0.0,0.0,13,0.2923240028555946,0.6644863501968874,0.6581854639829092,0.6781055552664339,经过处理的数据 / public-data surrogate; not author-run logs
NSGA-III,12,1909047,12,576,48,48,1.0,0.0,0.0,17,0.3067299722139875,0.6762231719021846,0.6820666317888816,0.6781055552664339,经过处理的数据 / public-data surrogate; not author-run logs
NSGA-III,12,1909047,13,624,48,48,1.0,0.0,0.0,27,0.31072046960473154,0.6762231719021846,0.6884251403455398,0.6814439883595182,经过处理的数据 / public-data surrogate; not author-run logs
NSGA-III,12,1909047,14,672,48,48,1.0,0.0,0.0,29,0.32195319690144414,0.6776714484831294,0.7091517123211899,0.6862791212757338,经过处理的数据 / public-data surrogate; not author-run logs
NSGA-III,12,1909047,15,720,48,48,1.0,0.0,0.0,34,0.3278457450097001,0.690350344974829,0.7091517123211899,0.6862791212757338,经过处理的数据 / public-data surrogate; not author-run logs
NSGA-III,12,1909047,16,768,48,48,1.0,0.0,0.0,27,0.33053585209396846,0.6916654701667967,0.7091517123211899,0.6870275300903373,经过处理的数据 / public-data surrogate; not author-run logs
NSGA-III,12,1909047,17,816,48,48,1.0,0.0,0.0,30,0.33275356038393716,0.6935811497830283,0.7091517123211899,0.6870275300903373,经过处理的数据 / public-data surrogate; not author-run logs
NSGA-III,12,1909047,18,864,48,48,1.0,0.0,0.0,33,0.33608364983409894,0.6961945902279426,0.7091517123211899,0.6892092145595493,经过处理的数据 / public-data surrogate; not author-run logs
NSGA-III,12,1909047,19,912,48,48,1.0,0.0,0.0,35,0.34282435033918246,0.7007765654159765,0.7155399867790041,0.6925252320562867,经过处理的数据 / public-data surrogate; not author-run logs
NSGA-III,12,1909047,20,960,48,48,1.0,0.0,0.0,40,0.35849567741475497,0.7353923878527774,0.7155399867790041,0.6938776814262718,经过处理的数据 / public-data surrogate; not author-run logs
NSGA-III,12,1909047,21,1008,48,48,1.0,0.0,0.0,48,0.35926992564772287,0.7353923878527774,0.7155399867790041,0.6938776814262718,经过处理的数据 / public-data surrogate; not author-run logs
NSGA-III,12,1909047,22,1056,48,48,1.0,0.0,0.0,47,0.36386926186020846,0.7353923878527774,0.7226297396334205,0.694723170940876,经过处理的数据 / public-data surrogate; not author-run logs
NSGA-III,12,1909047,23,1104,48,48,1.0,0.0,0.0,45,0.36432700228607406,0.7353923878527774,0.7226297396334205,0.694723170940876,经过处理的数据 / public-data surrogate; not author-run logs
NSGA-III,12,1909047,24,1152,48,48,1.0,0.0,0.0,47,0.36467191381133834,0.7353923878527774,0.7226297396334205,0.694723170940876,经过处理的数据 / public-data surrogate; not author-run logs
NSGA-III,12,1909047,25,1200,48,48,1.0,0.0,0.0,47,0.3706506640442601,0.7353923878527774,0.7226297396334205,0.7060252368717468,经过处理的数据 / public-data surrogate; not author-run logs
NSGA-III,12,1909047,26,1248,48,48,1.0,0.0,0.0,48,0.37120479672897644,0.7353923878527774,0.7226297396334205,0.7060252368717468,经过处理的数据 / public-data surrogate; not author-run logs
NSGA-III,12,1909047,27,1296,48,48,1.0,0.0,0.0,45,0.37239174273651265,0.7353923878527774,0.723077624905861,0.7060252368717468,经过处理的数据 / public-data surrogate; not author-run logs
NSGA-III,12,1909047,28,1344,48,48,1.0,0.0,0.0,48,0.3768102287105418,0.7394900725180882,0.7281113612717328,0.7060340191556337,经过处理的数据 / public-data surrogate; not author-run logs
NSGA-III,12,1909047,29,1392,48,48,1.0,0.0,0.0,46,0.37975157287371514,0.7443724042726496,0.7281113612717328,0.7060340191556337,经过处理的数据 / public-data surrogate; not author-run logs
NSGA-III,12,1909047,30,1440,48,48,1.0,0.0,0.0,48,0.3878374761903062,0.7538840549545595,0.7281113612717328,0.7138324213999268,经过处理的数据 / public-data surrogate; not author-run logs
NSGA-III,13,1909048,1,48,48,18,0.375,0.15403461741785868,0.575045689506376,7,0.1866624790811916,0.5470742790387362,0.5507973648289757,0.6286785415298447,经过处理的数据 / public-data surrogate; not author-run logs
NSGA-III,13,1909048,2,96,48,48,1.0,0.0,0.0,13,0.20294117626354677,0.5917701822240183,0.5507973648289757,0.6379797793861465,经过处理的数据 / public-data surrogate; not author-run logs
NSGA-III,13,1909048,3,144,48,48,1.0,0.0,0.0,14,0.22677943390425143,0.5917701822240183,0.6257120986262792,0.6379797793861465,经过处理的数据 / public-data surrogate; not author-run logs
NSGA-III,13,1909048,4,192,48,48,1.0,0.0,0.0,9,0.23738225933898605,0.608211970965051,0.6257120986262792,0.6379797793861465,经过处理的数据 / public-data surrogate; not author-run logs
NSGA-III,13,1909048,5,240,48,48,1.0,0.0,0.0,13,0.2540984852033964,0.6157486790118035,0.6564639683513205,0.6476484347403121,经过处理的数据 / public-data surrogate; not author-run logs
NSGA-III,13,1909048,6,288,48,48,1.0,0.0,0.0,18,0.26070231905587293,0.6357822996809719,0.6564639683513205,0.6476484347403121,经过处理的数据 / public-data surrogate; not author-run logs
NSGA-III,13,1909048,7,336,48,48,1.0,0.0,0.0,26,0.2685784258422804,0.6431131621430047,0.6564639683513205,0.6558246063313093,经过处理的数据 / public-data surrogate; not author-run logs
NSGA-III,13,1909048,8,384,48,48,1.0,0.0,0.0,35,0.2770355141000334,0.6539405193621304,0.6564639683513205,0.6686910905185894,经过处理的数据 / public-data surrogate; not author-run logs
NSGA-III,13,1909048,9,432,48,48,1.0,0.0,0.0,28,0.28214974731347214,0.6605453640234121,0.6564639683513205,0.6699478622086077,经过处理的数据 / public-data surrogate; not author-run logs
NSGA-III,13,1909048,10,480,48,48,1.0,0.0,0.0,26,0.2903122586186215,0.6781237600903516,0.6564639683513205,0.6739862023831538,经过处理的数据 / public-data surrogate; not author-run logs
NSGA-III,13,1909048,11,528,48,48,1.0,0.0,0.0,26,0.29743267017033126,0.6781237600903516,0.6634015787490255,0.6794115026916634,经过处理的数据 / public-data surrogate; not author-run logs
NSGA-III,13,1909048,12,576,48,48,1.0,0.0,0.0,23,0.3157283980846376,0.6781237600903516,0.6881933636986011,0.6975525741474471,经过处理的数据 / public-data surrogate; not author-run logs
NSGA-III,13,1909048,13,624,48,48,1.0,0.0,0.0,29,0.31687574330800455,0.6781237600903516,0.6881933636986011,0.6975525741474471,经过处理的数据 / public-data surrogate; not author-run logs
NSGA-III,13,1909048,14,672,48,48,1.0,0.0,0.0,32,0.3234335535021837,0.6869330068660396,0.6884798632133785,0.6975525741474471,经过处理的数据 / public-data surrogate; not author-run logs
NSGA-III,13,1909048,15,720,48,48,1.0,0.0,0.0,40,0.3377962048407272,0.6869330068660396,0.7286261809139846,0.6975525741474471,经过处理的数据 / public-data surrogate; not author-run logs
NSGA-III,13,1909048,16,768,48,48,1.0,0.0,0.0,43,0.34877041041963436,0.7113894729404157,0.7286261809139846,0.6975525741474471,经过处理的数据 / public-data surrogate; not author-run logs
NSGA-III,13,1909048,17,816,48,48,1.0,0.0,0.0,42,0.35236168339088,0.7113894729404157,0.7286261809139846,0.6975525741474471,经过处理的数据 / public-data surrogate; not author-run logs
NSGA-III,13,1909048,18,864,48,48,1.0,0.0,0.0,45,0.36151589744912827,0.7223307883646439,0.7286261809139846,0.7069543220836911,经过处理的数据 / public-data surrogate; not author-run logs
NSGA-III,13,1909048,19,912,48,48,1.0,0.0,0.0,44,0.36660445776705786,0.7307358767663973,0.7286261809139846,0.7069543220836911,经过处理的数据 / public-data surrogate; not author-run logs
NSGA-III,13,1909048,20,960,48,48,1.0,0.0,0.0,42,0.3746685969075104,0.7307358767663973,0.7491933831949509,0.7069543220836911,经过处理的数据 / public-data surrogate; not author-run logs
NSGA-III,13,1909048,21,1008,48,48,1.0,0.0,0.0,48,0.3776882774428547,0.7307358767663973,0.7491933831949509,0.7114045001752893,经过处理的数据 / public-data surrogate; not author-run logs
NSGA-III,13,1909048,22,1056,48,48,1.0,0.0,0.0,44,0.3943104514896496,0.7605320814475323,0.7575418673621035,0.7114045001752893,经过处理的数据 / public-data surrogate; not author-run logs
NSGA-III,13,1909048,23,1104,48,48,1.0,0.0,0.0,48,0.39748877067638905,0.7605320814475323,0.7575418673621035,0.7114045001752893,经过处理的数据 / public-data surrogate; not author-run logs
NSGA-III,13,1909048,24,1152,48,48,1.0,0.0,0.0,48,0.3986855597820493,0.7605320814475323,0.7575418673621035,0.7114045001752893,经过处理的数据 / public-data surrogate; not author-run logs
NSGA-III,13,1909048,25,1200,48,48,1.0,0.0,0.0,48,0.4047440990501549,0.7605320814475323,0.77092583157783,0.7114045001752893,经过处理的数据 / public-data surrogate; not author-run logs
NSGA-III,13,1909048,26,1248,48,48,1.0,0.0,0.0,48,0.40930656905777685,0.7659748194990725,0.77092583157783,0.7114045001752893,经过处理的数据 / public-data surrogate; not author-run logs
NSGA-III,13,1909048,27,1296,48,48,1.0,0.0,0.0,48,0.41540327539078137,0.7674790003108157,0.77092583157783,0.722512261136881,经过处理的数据 / public-data surrogate; not author-run logs
NSGA-III,13,1909048,28,1344,48,48,1.0,0.0,0.0,48,0.41633394965064585,0.7674790003108157,0.77092583157783,0.722512261136881,经过处理的数据 / public-data surrogate; not author-run logs
NSGA-III,13,1909048,29,1392,48,48,1.0,0.0,0.0,48,0.41637072296239064,0.7674790003108157,0.77092583157783,0.722512261136881,经过处理的数据 / public-data surrogate; not author-run logs
NSGA-III,13,1909048,30,1440,48,48,1.0,0.0,0.0,48,0.41783966647423304,0.7674790003108157,0.77092583157783,0.722512261136881,经过处理的数据 / public-data surrogate; not author-run logs
NSGA-III,14,1909049,1,48,48,10,0.20833333333333334,0.15431975527472905,0.5140990786191129,5,0.209273215369099,0.5539045929067814,0.6036176481806528,0.6533968648399059,经过处理的数据 / public-data surrogate; not author-run logs
NSGA-III,14,1909049,2,96,48,26,0.5416666666666666,0.010218548488586313,0.04839638717547268,10,0.21827238632173207,0.5738790414607601,0.6036176481806528,0.6533968648399059,经过处理的数据 / public-data surrogate; not author-run logs
NSGA-III,14,1909049,3,144,48,48,1.0,0.0,0.0,17,0.23255951403806613,0.5896299447100081,0.6176025766797243,0.6621228054807183,经过处理的数据 / public-data surrogate; not author-run logs
NSGA-III,14,1909049,4,192,48,48,1.0,0.0,0.0,18,0.24050275117796932,0.6039039317107474,0.6205257794016283,0.6682189700482056,经过处理的数据 / public-data surrogate; not author-run logs
NSGA-III,14,1909049,5,240,48,48,1.0,0.0,0.0,13,0.2609396984626527,0.6241546644590616,0.6421771177355776,0.6682189700482056,经过处理的数据 / public-data surrogate; not author-run logs
NSGA-III,14,1909049,6,288,48,48,1.0,0.0,0.0,15,0.28356525137370897,0.6453296067407377,0.6782299572603487,0.6682189700482056,经过处理的数据 / public-data surrogate; not author-run logs
NSGA-III,14,1909049,7,336,48,48,1.0,0.0,0.0,19,0.28490980692017753,0.6453296067407377,0.6782299572603487,0.6685564955112151,经过处理的数据 / public-data surrogate; not author-run logs
NSGA-III,14,1909049,8,384,48,48,1.0,0.0,0.0,24,0.29366881629719066,0.6453296067407377,0.6782299572603487,0.693659786247901,经过处理的数据 / public-data surrogate; not author-run logs
NSGA-III,14,1909049,9,432,48,48,1.0,0.0,0.0,22,0.2956183576671837,0.6453296067407377,0.6782299572603487,0.693659786247901,经过处理的数据 / public-data surrogate; not author-run logs
NSGA-III,14,1909049,10,480,48,48,1.0,0.0,0.0,20,0.30025112451960007,0.6508592315408094,0.6782299572603487,0.6964832709710606,经过处理的数据 / public-data surrogate; not author-run logs
NSGA-III,14,1909049,11,528,48,48,1.0,0.0,0.0,31,0.3128633905971874,0.6533668978262733,0.689537016847064,0.7189052929352153,经过处理的数据 / public-data surrogate; not author-run logs
NSGA-III,14,1909049,12,576,48,48,1.0,0.0,0.0,31,0.3276759314873455,0.6695155213456057,0.7061844439777838,0.7189052929352153,经过处理的数据 / public-data surrogate; not author-run logs
NSGA-III,14,1909049,13,624,48,48,1.0,0.0,0.0,34,0.3300185186382679,0.6695155213456057,0.7061844439777838,0.7222451756412194,经过处理的数据 / public-data surrogate; not author-run logs
NSGA-III,14,1909049,14,672,48,48,1.0,0.0,0.0,40,0.3325946338919051,0.6695155213456057,0.7061844439777838,0.7252787746311391,经过处理的数据 / public-data surrogate; not author-run logs
NSGA-III,14,1909049,15,720,48,48,1.0,0.0,0.0,48,0.33506049901415597,0.672402411134076,0.7061844439777838,0.7236609431080585,经过处理的数据 / public-data surrogate; not author-run logs
NSGA-III,14,1909049,16,768,48,48,1.0,0.0,0.0,48,0.3371864014532728,0.6755422076957573,0.7061844439777838,0.7236609431080585,经过处理的数据 / public-data surrogate; not author-run logs
NSGA-III,14,1909049,17,816,48,48,1.0,0.0,0.0,45,0.3381608514022376,0.6755422076957573,0.7061844439777838,0.7236609431080585,经过处理的数据 / public-data surrogate; not author-run logs
NSGA-III,14,1909049,18,864,48,48,1.0,0.0,0.0,40,0.3421141957510294,0.6826544070353965,0.7061844439777838,0.7236609431080585,经过处理的数据 / public-data surrogate; not author-run logs
NSGA-III,14,1909049,19,912,48,48,1.0,0.0,0.0,46,0.35078947000301386,0.6967286401219227,0.7101178716833944,0.725702223630247,经过处理的数据 / public-data surrogate; not author-run logs
NSGA-III,14,1909049,20,960,48,48,1.0,0.0,0.0,48,0.3533167474042944,0.6967286401219227,0.712870332595233,0.725702223630247,经过处理的数据 / public-data surrogate; not author-run logs
NSGA-III,14,1909049,21,1008,48,48,1.0,0.0,0.0,45,0.3555879086252126,0.6967286401219227,0.7164195994935649,0.725702223630247,经过处理的数据 / public-data surrogate; not author-run logs
NSGA-III,14,1909049,22,1056,48,48,1.0,0.0,0.0,48,0.3588146153235564,0.6967286401219227,0.7218778525114111,0.725702223630247,经过处理的数据 / public-data surrogate; not author-run logs
NSGA-III,14,1909049,23,1104,48,48,1.0,0.0,0.0,44,0.36206276694112194,0.700030236522757,0.72418970543546,0.725702223630247,经过处理的数据 / public-data surrogate; not author-run logs
NSGA-III,14,1909049,24,1152,48,48,1.0,0.0,0.0,45,0.37089358505750003,0.711470116267503,0.7311300649949536,0.7270372658066233,经过处理的数据 / public-data surrogate; not author-run logs
NSGA-III,14,1909049,25,1200,48,48,1.0,0.0,0.0,48,0.3722782526203222,0.7132950086700158,0.7311300649949536,0.7270372658066233,经过处理的数据 / public-data surrogate; not author-run logs
NSGA-III,14,1909049,26,1248,48,48,1.0,0.0,0.0,48,0.3761028675495398,0.7132950086700158,0.7389141741560572,0.7270372658066233,经过处理的数据 / public-data surrogate; not author-run logs
NSGA-III,14,1909049,27,1296,48,48,1.0,0.0,0.0,48,0.37835309060983197,0.717400450669494,0.7389141741560572,0.7270372658066233,经过处理的数据 / public-data surrogate; not author-run logs
NSGA-III,14,1909049,28,1344,48,48,1.0,0.0,0.0,48,0.38295491644274204,0.72682072584153,0.7389141741560572,0.7262057843545529,经过处理的数据 / public-data surrogate; not author-run logs
NSGA-III,14,1909049,29,1392,48,48,1.0,0.0,0.0,48,0.3888850416528464,0.7331193189135664,0.7453776844723974,0.7262057843545529,经过处理的数据 / public-data surrogate; not author-run logs
NSGA-III,14,1909049,30,1440,48,48,1.0,0.0,0.0,48,0.39077653052693034,0.7331193189135664,0.7480985099899913,0.7262057843545529,经过处理的数据 / public-data surrogate; not author-run logs
NSGA-III,15,1909050,1,48,48,16,0.3333333333333333,0.16207079726590515,0.671826236030205,10,0.21208956231426057,0.5873417853945959,0.5959450885674896,0.6181753428829575,经过处理的数据 / public-data surrogate; not author-run logs
NSGA-III,15,1909050,2,96,48,42,0.875,0.001123182829727995,0.018537323000074934,16,0.22803108277060485,0.5873417853945959,0.6016777632080269,0.6689692023441699,经过处理的数据 / public-data surrogate; not author-run logs
NSGA-III,15,1909050,3,144,48,48,1.0,0.0,0.0,16,0.23894880249879302,0.6213284147084825,0.6016777632080269,0.6689692023441699,经过处理的数据 / public-data surrogate; not author-run logs
NSGA-III,15,1909050,4,192,48,48,1.0,0.0,0.0,25,0.24119054711132548,0.6213284147084825,0.6016777632080269,0.6689692023441699,经过处理的数据 / public-data surrogate; not author-run logs
NSGA-III,15,1909050,5,240,48,48,1.0,0.0,0.0,36,0.24242695661860716,0.6213284147084825,0.6016777632080269,0.6689692023441699,经过处理的数据 / public-data surrogate; not author-run logs
NSGA-III,15,1909050,6,288,48,48,1.0,0.0,0.0,32,0.2578254269791278,0.6365870339937442,0.6198509309145359,0.679707316055882,经过处理的数据 / public-data surrogate; not author-run logs
NSGA-III,15,1909050,7,336,48,48,1.0,0.0,0.0,33,0.27095740674879243,0.6492480849106167,0.6317761884675459,0.6844199311070075,经过处理的数据 / public-data surrogate; not author-run logs
NSGA-III,15,1909050,8,384,48,48,1.0,0.0,0.0,32,0.2850407851776937,0.6492480849106167,0.6661698633538026,0.6844199311070075,经过处理的数据 / public-data surrogate; not author-run logs
NSGA-III,15,1909050,9,432,48,48,1.0,0.0,0.0,38,0.2921067134743597,0.6657285718902781,0.6661698633538026,0.6844199311070075,经过处理的数据 / public-data surrogate; not author-run logs
NSGA-III,15,1909050,10,480,48,48,1.0,0.0,0.0,31,0.3044596111442882,0.6657285718902781,0.6814730189544703,0.6958125305485208,经过处理的数据 / public-data surrogate; not author-run logs
NSGA-III,15,1909050,11,528,48,48,1.0,0.0,0.0,40,0.3105530501861273,0.678927534076178,0.6814730189544703,0.6979414032008193,经过处理的数据 / public-data surrogate; not author-run logs
NSGA-III,15,1909050,12,576,48,48,1.0,0.0,0.0,43,0.3158618767484255,0.678927534076178,0.6916968628783935,0.6979414032008193,经过处理的数据 / public-data surrogate; not author-run logs
NSGA-III,15,1909050,13,624,48,48,1.0,0.0,0.0,40,0.32201014218680335,0.6827818447342013,0.6916968628783935,0.7036187513041847,经过处理的数据 / public-data surrogate; not author-run logs
NSGA-III,15,1909050,14,672,48,48,1.0,0.0,0.0,32,0.3263950895096066,0.6883038071796717,0.6916968628783935,0.7050955568947205,经过处理的数据 / public-data surrogate; not author-run logs
NSGA-III,15,1909050,15,720,48,48,1.0,0.0,0.0,43,0.33354840173794165,0.701283479545206,0.6938475325333562,0.7050955568947205,经过处理的数据 / public-data surrogate; not author-run logs
NSGA-III,15,1909050,16,768,48,48,1.0,0.0,0.0,44,0.34141462466073336,0.707622837352565,0.704434541619076,0.7050955568947205,经过处理的数据 / public-data surrogate; not author-run logs
NSGA-III,15,1909050,17,816,48,48,1.0,0.0,0.0,38,0.3486545155005763,0.7076844230110413,0.7100124317267883,0.7119366078579342,经过处理的数据 / public-data surrogate; not author-run logs
NSGA-III,15,1909050,18,864,48,48,1.0,0.0,0.0,33,0.35323770358503115,0.7152060437671798,0.7100124317267883,0.7119366078579342,经过处理的数据 / public-data surrogate; not author-run logs
NSGA-III,15,1909050,19,912,48,48,1.0,0.0,0.0,36,0.354002333190923,0.7152060437671798,0.7100124317267883,0.7119366078579342,经过处理的数据 / public-data surrogate; not author-run logs
NSGA-III,15,1909050,20,960,48,48,1.0,0.0,0.0,44,0.3712603325586204,0.7152060437671798,0.7526101872795494,0.7119366078579342,经过处理的数据 / public-data surrogate; not author-run logs
NSGA-III,15,1909050,21,1008,48,48,1.0,0.0,0.0,48,0.37959204163207305,0.7274196171199812,0.7526101872795494,0.7178258889109583,经过处理的数据 / public-data surrogate; not author-run logs
NSGA-III,15,1909050,22,1056,48,48,1.0,0.0,0.0,47,0.3813771134426472,0.7274196171199812,0.7526101872795494,0.7191694535862138,经过处理的数据 / public-data surrogate; not author-run logs
NSGA-III,15,1909050,23,1104,48,48,1.0,0.0,0.0,46,0.3844381387417659,0.7274196171199812,0.7526101872795494,0.7226892056717549,经过处理的数据 / public-data surrogate; not author-run logs
NSGA-III,15,1909050,24,1152,48,48,1.0,0.0,0.0,44,0.3888776012068944,0.7353123023611623,0.7526101872795494,0.7226892056717549,经过处理的数据 / public-data surrogate; not author-run logs
NSGA-III,15,1909050,25,1200,48,48,1.0,0.0,0.0,46,0.39033102068620096,0.7353123023611623,0.7526101872795494,0.7230962600932963,经过处理的数据 / public-data surrogate; not author-run logs
NSGA-III,15,1909050,26,1248,48,48,1.0,0.0,0.0,48,0.39106759754889725,0.7353123023611623,0.7526101872795494,0.7230962600932963,经过处理的数据 / public-data surrogate; not author-run logs
NSGA-III,15,1909050,27,1296,48,48,1.0,0.0,0.0,48,0.3976650174479607,0.7410217578283861,0.7584967636976908,0.7230962600932963,经过处理的数据 / public-data surrogate; not author-run logs
NSGA-III,15,1909050,28,1344,48,48,1.0,0.0,0.0,48,0.4005083137691538,0.7410217578283861,0.7584967636976908,0.7284868098707167,经过处理的数据 / public-data surrogate; not author-run logs
NSGA-III,15,1909050,29,1392,48,48,1.0,0.0,0.0,48,0.4012107301011011,0.74208565166125,0.7584967636976908,0.7284868098707167,经过处理的数据 / public-data surrogate; not author-run logs
NSGA-III,15,1909050,30,1440,48,48,1.0,0.0,0.0,43,0.40771117889701813,0.7539485097138828,0.7584967636976908,0.7290309183270012,经过处理的数据 / public-data surrogate; not author-run logs
NSGA-III,16,1909051,1,48,48,14,0.2916666666666667,0.1470211154475283,0.5916125059737996,7,0.18729450546032125,0.5671058909192258,0.5456132287661349,0.6127460438035027,经过处理的数据 / public-data surrogate; not author-run logs
NSGA-III,16,1909051,2,96,48,37,0.7708333333333334,0.0029130554759476215,0.02304741976153868,9,0.20151247337424696,0.5671058909192258,0.5639212049414236,0.6376894314351236,经过处理的数据 / public-data surrogate; not author-run logs
NSGA-III,16,1909051,3,144,48,48,1.0,0.0,0.0,6,0.21728600743150295,0.6068221910016314,0.567556498347768,0.6376894314351236,经过处理的数据 / public-data surrogate; not author-run logs
NSGA-III,16,1909051,4,192,48,48,1.0,0.0,0.0,10,0.22771425282215135,0.6068221910016314,0.5886796020874826,0.6491624393977529,经过处理的数据 / public-data surrogate; not author-run logs
NSGA-III,16,1909051,5,240,48,48,1.0,0.0,0.0,9,0.2429596383794191,0.6260185255951438,0.6086188539742687,0.6516562506506345,经过处理的数据 / public-data surrogate; not author-run logs
NSGA-III,16,1909051,6,288,48,48,1.0,0.0,0.0,11,0.253351403811726,0.6260185255951438,0.6270979443275468,0.6564142861235839,经过处理的数据 / public-data surrogate; not author-run logs
NSGA-III,16,1909051,7,336,48,48,1.0,0.0,0.0,15,0.2557512778986768,0.6281784686563644,0.6270979443275468,0.6568396876044328,经过处理的数据 / public-data surrogate; not author-run logs
NSGA-III,16,1909051,8,384,48,48,1.0,0.0,0.0,22,0.26443053031444197,0.6382087887317364,0.6270979443275468,0.6731166857016336,经过处理的数据 / public-data surrogate; not author-run logs
NSGA-III,16,1909051,9,432,48,48,1.0,0.0,0.0,19,0.2697107981975865,0.6413311714797552,0.6330374387472949,0.6731166857016336,经过处理的数据 / public-data surrogate; not author-run logs
NSGA-III,16,1909051,10,480,48,48,1.0,0.0,0.0,13,0.2874975702439647,0.6538836081412975,0.6518686657960316,0.6876299593788905,经过处理的数据 / public-data surrogate; not author-run logs
NSGA-III,16,1909051,11,528,48,48,1.0,0.0,0.0,16,0.2923095638983969,0.6554682783099495,0.6577890554227624,0.6876299593788905,经过处理的数据 / public-data surrogate; not author-run logs
NSGA-III,16,1909051,12,576,48,48,1.0,0.0,0.0,26,0.3184218682814188,0.6767059332856177,0.6827465850463412,0.7078492799834787,经过处理的数据 / public-data surrogate; not author-run logs
NSGA-III,16,1909051,13,624,48,48,1.0,0.0,0.0,23,0.3200172920145527,0.6767059332856177,0.6827465850463412,0.7078492799834787,经过处理的数据 / public-data surrogate; not author-run logs
NSGA-III,16,1909051,14,672,48,48,1.0,0.0,0.0,29,0.3237242082754303,0.6809649512235323,0.6827465850463412,0.7078492799834787,经过处理的数据 / public-data surrogate; not author-run logs
NSGA-III,16,1909051,15,720,48,48,1.0,0.0,0.0,30,0.3254578457168911,0.6810590544723322,0.6827465850463412,0.7101194161749338,经过处理的数据 / public-data surrogate; not author-run logs
NSGA-III,16,1909051,16,768,48,48,1.0,0.0,0.0,22,0.34355723307827873,0.710724909238872,0.6915631205814698,0.7101194161749338,经过处理的数据 / public-data surrogate; not author-run logs
NSGA-III,16,1909051,17,816,48,48,1.0,0.0,0.0,30,0.3508044874554694,0.7166849906430346,0.7013889315400748,0.7101194161749338,经过处理的数据 / public-data surrogate; not author-run logs
NSGA-III,16,1909051,18,864,48,48,1.0,0.0,0.0,34,0.35448062539071457,0.7166849906430346,0.7013889315400748,0.7168452448118198,经过处理的数据 / public-data surrogate; not author-run logs
NSGA-III,16,1909051,19,912,48,48,1.0,0.0,0.0,31,0.3690265238918676,0.7166849906430346,0.7287710206287092,0.7232017475571411,经过处理的数据 / public-data surrogate; not author-run logs
NSGA-III,16,1909051,20,960,48,48,1.0,0.0,0.0,40,0.3760832174021924,0.7166849906430346,0.7402290130931505,0.7291156550727587,经过处理的数据 / public-data surrogate; not author-run logs
NSGA-III,16,1909051,21,1008,48,48,1.0,0.0,0.0,47,0.37702211229255433,0.7166849906430346,0.7402290130931505,0.7291156550727587,经过处理的数据 / public-data surrogate; not author-run logs
NSGA-III,16,1909051,22,1056,48,48,1.0,0.0,0.0,48,0.37799132070540886,0.7166849906430346,0.7402290130931505,0.7291156550727587,经过处理的数据 / public-data surrogate; not author-run logs
NSGA-III,16,1909051,23,1104,48,48,1.0,0.0,0.0,48,0.3790322517346858,0.7166849906430346,0.7402290130931505,0.7291156550727587,经过处理的数据 / public-data surrogate; not author-run logs
NSGA-III,16,1909051,24,1152,48,48,1.0,0.0,0.0,48,0.38265012510037105,0.7243835438372932,0.7402290130931505,0.7291156550727587,经过处理的数据 / public-data surrogate; not author-run logs
NSGA-III,16,1909051,25,1200,48,48,1.0,0.0,0.0,48,0.3907412440216086,0.7393611279127912,0.7404064223276094,0.7291156550727587,经过处理的数据 / public-data surrogate; not author-run logs
NSGA-III,16,1909051,26,1248,48,48,1.0,0.0,0.0,48,0.39422505599977786,0.7454918695887245,0.7404064223276094,0.7291156550727587,经过处理的数据 / public-data surrogate; not author-run logs
NSGA-III,16,1909051,27,1296,48,48,1.0,0.0,0.0,48,0.3972212931546086,0.7454918695887245,0.7460913879490277,0.7291156550727587,经过处理的数据 / public-data surrogate; not author-run logs
NSGA-III,16,1909051,28,1344,48,48,1.0,0.0,0.0,48,0.398190454022033,0.7454918695887245,0.7460913879490277,0.7291156550727587,经过处理的数据 / public-data surrogate; not author-run logs
NSGA-III,16,1909051,29,1392,48,48,1.0,0.0,0.0,48,0.3990590829856928,0.7454918695887245,0.7460913879490277,0.7291156550727587,经过处理的数据 / public-data surrogate; not author-run logs
NSGA-III,16,1909051,30,1440,48,48,1.0,0.0,0.0,40,0.4002197055264765,0.7454918695887245,0.7460913879490277,0.7291156550727587,经过处理的数据 / public-data surrogate; not author-run logs
NSGA-III,17,1909052,1,48,48,12,0.25,0.15619251328022024,0.6381020036540135,7,0.20705888901045386,0.5746905449835632,0.5850940656946567,0.6446371506859896,经过处理的数据 / public-data surrogate; not author-run logs
NSGA-III,17,1909052,2,96,48,31,0.6458333333333334,0.011125246913058653,0.058101469828055086,11,0.2077082111330033,0.5746905449835632,0.5850940656946567,0.6446371506859896,经过处理的数据 / public-data surrogate; not author-run logs
NSGA-III,17,1909052,3,144,48,48,1.0,0.0,0.0,14,0.2099294601413872,0.5746905449835632,0.5850940656946567,0.6446371506859896,经过处理的数据 / public-data surrogate; not author-run logs
NSGA-III,17,1909052,4,192,48,48,1.0,0.0,0.0,25,0.22563306675711325,0.6116062909713081,0.6061938955757484,0.6446371506859896,经过处理的数据 / public-data surrogate; not author-run logs
NSGA-III,17,1909052,5,240,48,48,1.0,0.0,0.0,16,0.23220836996094973,0.6116062909713081,0.609480150269598,0.6491378590428233,经过处理的数据 / public-data surrogate; not author-run logs
NSGA-III,17,1909052,6,288,48,48,1.0,0.0,0.0,21,0.24243536742620284,0.6116062909713081,0.6349225998835772,0.6495829820534528,经过处理的数据 / public-data surrogate; not author-run logs
NSGA-III,17,1909052,7,336,48,48,1.0,0.0,0.0,19,0.2555212849284988,0.6116062909713081,0.6494076431739721,0.6650398000407327,经过处理的数据 / public-data surrogate; not author-run logs
NSGA-III,17,1909052,8,384,48,48,1.0,0.0,0.0,25,0.26117501578955027,0.6197854648227569,0.6494076431739721,0.6650398000407327,经过处理的数据 / public-data surrogate; not author-run logs
NSGA-III,17,1909052,9,432,48,48,1.0,0.0,0.0,31,0.27151917873040626,0.6386411671094507,0.6565326913507866,0.6650398000407327,经过处理的数据 / public-data surrogate; not author-run logs
NSGA-III,17,1909052,10,480,48,48,1.0,0.0,0.0,24,0.28532898479145974,0.6572434229520617,0.6702383629702933,0.6650398000407327,经过处理的数据 / public-data surrogate; not author-run logs
NSGA-III,17,1909052,11,528,48,48,1.0,0.0,0.0,12,0.308923838942176,0.6572434229520617,0.7086130708498392,0.6844619337684268,经过处理的数据 / public-data surrogate; not author-run logs
NSGA-III,17,1909052,12,576,48,48,1.0,0.0,0.0,26,0.312863199283269,0.665353584364123,0.7086130708498392,0.6856967274978067,经过处理的数据 / public-data surrogate; not author-run logs
NSGA-III,17,1909052,13,624,48,48,1.0,0.0,0.0,32,0.3150130216874219,0.665353584364123,0.7117999575883875,0.6856967274978067,经过处理的数据 / public-data surrogate; not author-run logs
NSGA-III,17,1909052,14,672,48,48,1.0,0.0,0.0,40,0.3238608493055552,0.6807923729252457,0.7154601540049587,0.6856967274978067,经过处理的数据 / public-data surrogate; not author-run logs
NSGA-III,17,1909052,15,720,48,48,1.0,0.0,0.0,41,0.3352793822581769,0.7079648496956945,0.7154601540049587,0.6856967274978067,经过处理的数据 / public-data surrogate; not author-run logs
NSGA-III,17,1909052,16,768,48,48,1.0,0.0,0.0,38,0.3375679643785688,0.7079648496956945,0.7154601540049587,0.6863730738712226,经过处理的数据 / public-data surrogate; not author-run logs
NSGA-III,17,1909052,17,816,48,48,1.0,0.0,0.0,34,0.34346526804538435,0.7079648496956945,0.7154601540049587,0.6952783288639239,经过处理的数据 / public-data surrogate; not author-run logs
NSGA-III,17,1909052,18,864,48,48,1.0,0.0,0.0,42,0.35290971904864066,0.7087459522856552,0.7388732459683673,0.6952783288639239,经过处理的数据 / public-data surrogate; not author-run logs
NSGA-III,17,1909052,19,912,48,48,1.0,0.0,0.0,26,0.3565070785797273,0.7087459522856552,0.7388732459683673,0.6952783288639239,经过处理的数据 / public-data surrogate; not author-run logs
NSGA-III,17,1909052,20,960,48,48,1.0,0.0,0.0,29,0.3655656715781952,0.7266402955768942,0.7388732459683673,0.6952783288639239,经过处理的数据 / public-data surrogate; not author-run logs
NSGA-III,17,1909052,21,1008,48,48,1.0,0.0,0.0,37,0.36899314656634163,0.7266402955768942,0.7430861550473554,0.6963728186879132,经过处理的数据 / public-data surrogate; not author-run logs
NSGA-III,17,1909052,22,1056,48,48,1.0,0.0,0.0,46,0.37448496212183224,0.730427485781759,0.7430861550473554,0.7040825630816661,经过处理的数据 / public-data surrogate; not author-run logs
NSGA-III,17,1909052,23,1104,48,48,1.0,0.0,0.0,48,0.38478752524238946,0.730427485781759,0.7666743891777561,0.7040825630816661,经过处理的数据 / public-data surrogate; not author-run logs
NSGA-III,17,1909052,24,1152,48,48,1.0,0.0,0.0,48,0.40769108964821377,0.7778290235875479,0.7666743891777561,0.7066408235429543,经过处理的数据 / public-data surrogate; not author-run logs
NSGA-III,17,1909052,25,1200,48,48,1.0,0.0,0.0,48,0.4107060521775215,0.7778290235875479,0.7666743891777561,0.7114167469229262,经过处理的数据 / public-data surrogate; not author-run logs
NSGA-III,17,1909052,26,1248,48,48,1.0,0.0,0.0,48,0.4119741930115457,0.7796385556851235,0.7666743891777561,0.7114167469229262,经过处理的数据 / public-data surrogate; not author-run logs
NSGA-III,17,1909052,27,1296,48,48,1.0,0.0,0.0,48,0.41656711788278,0.7796385556851235,0.7666743891777561,0.7186642269806534,经过处理的数据 / public-data surrogate; not author-run logs
NSGA-III,17,1909052,28,1344,48,48,1.0,0.0,0.0,48,0.42064907862423373,0.7836793174606896,0.7706990050095105,0.7186642269806534,经过处理的数据 / public-data surrogate; not author-run logs
NSGA-III,17,1909052,29,1392,48,48,1.0,0.0,0.0,48,0.42265063387816526,0.7836793174606896,0.7737756476071851,0.7186642269806534,经过处理的数据 / public-data surrogate; not author-run logs
NSGA-III,17,1909052,30,1440,48,48,1.0,0.0,0.0,48,0.4277426285269156,0.7836793174606896,0.7844588545463691,0.7186642269806534,经过处理的数据 / public-data surrogate; not author-run logs
NSGA-III,18,1909053,1,48,48,12,0.25,0.15711726338534673,0.6462083639633691,4,0.19408189986604724,0.5929724455781495,0.5514861202940355,0.60779840723027,经过处理的数据 / public-data surrogate; not author-run logs
NSGA-III,18,1909053,2,96,48,32,0.6666666666666666,0.009836314436324767,0.05387085158708693,12,0.20482396729405572,0.5929724455781495,0.565530174618462,0.6235709372375839,经过处理的数据 / public-data surrogate; not author-run logs
NSGA-III,18,1909053,3,144,48,48,1.0,0.0,0.0,10,0.21326545847611916,0.5929724455781495,0.57257521079087,0.6398131585162041,经过处理的数据 / public-data surrogate; not author-run logs
NSGA-III,18,1909053,4,192,48,48,1.0,0.0,0.0,19,0.22039376631897212,0.604824941429548,0.5827403585374935,0.6398131585162041,经过处理的数据 / public-data surrogate; not author-run logs
NSGA-III,18,1909053,5,240,48,48,1.0,0.0,0.0,30,0.22714211773764928,0.6109997483370946,0.5859222295041405,0.6513206615464854,经过处理的数据 / public-data surrogate; not author-run logs
NSGA-III,18,1909053,6,288,48,48,1.0,0.0,0.0,20,0.24389287368199253,0.628675582694356,0.6003622666105669,0.6630967919744828,经过处理的数据 / public-data surrogate; not author-run logs
NSGA-III,18,1909053,7,336,48,48,1.0,0.0,0.0,15,0.25645770308060944,0.6433196122597624,0.6161957588293231,0.6645447280182648,经过处理的数据 / public-data surrogate; not author-run logs
NSGA-III,18,1909053,8,384,48,48,1.0,0.0,0.0,25,0.2728908061958545,0.6433196122597624,0.6384886290357031,0.6848891956984283,经过处理的数据 / public-data surrogate; not author-run logs
NSGA-III,18,1909053,9,432,48,48,1.0,0.0,0.0,26,0.2759985467516412,0.6433196122597624,0.6404360559424731,0.6873543430484789,经过处理的数据 / public-data surrogate; not author-run logs
NSGA-III,18,1909053,10,480,48,48,1.0,0.0,0.0,27,0.2869261923262521,0.6433196122597624,0.6647828816816607,0.6873543430484789,经过处理的数据 / public-data surrogate; not author-run logs
NSGA-III,18,1909053,11,528,48,48,1.0,0.0,0.0,31,0.2921944715702087,0.6503559044658116,0.6647828816816607,0.6896309243992735,经过处理的数据 / public-data surrogate; not author-run logs
NSGA-III,18,1909053,12,576,48,48,1.0,0.0,0.0,32,0.30573345579090977,0.658389011870231,0.6784544588221976,0.7065278968975419,经过处理的数据 / public-data surrogate; not author-run logs
NSGA-III,18,1909053,13,624,48,48,1.0,0.0,0.0,34,0.3073341339221553,0.658389011870231,0.6784544588221976,0.7065278968975419,经过处理的数据 / public-data surrogate; not author-run logs
NSGA-III,18,1909053,14,672,48,48,1.0,0.0,0.0,30,0.3099820528299112,0.658389011870231,0.6784544588221976,0.7065278968975419,经过处理的数据 / public-data surrogate; not author-run logs
NSGA-III,18,1909053,15,720,48,48,1.0,0.0,0.0,39,0.31215870209274665,0.658389011870231,0.680317480480075,0.7091537286527765,经过处理的数据 / public-data surrogate; not author-run logs
NSGA-III,18,1909053,16,768,48,48,1.0,0.0,0.0,47,0.3431526883979646,0.6809874314297002,0.7331032232383414,0.7161733156775381,经过处理的数据 / public-data surrogate; not author-run logs
NSGA-III,18,1909053,17,816,48,48,1.0,0.0,0.0,40,0.34529798978616066,0.6809874314297002,0.7331032232383414,0.7161733156775381,经过处理的数据 / public-data surrogate; not author-run logs
NSGA-III,18,1909053,18,864,48,48,1.0,0.0,0.0,30,0.348530059007014,0.6809874314297002,0.7331032232383414,0.7166220265699095,经过处理的数据 / public-data surrogate; not author-run logs
NSGA-III,18,1909053,19,912,48,48,1.0,0.0,0.0,39,0.3519651286098034,0.6879240220188039,0.7331032232383414,0.7166220265699095,经过处理的数据 / public-data surrogate; not author-run logs
NSGA-III,18,1909053,20,960,48,48,1.0,0.0,0.0,43,0.35417358598337606,0.6879240220188039,0.7331032232383414,0.7166220265699095,经过处理的数据 / public-data surrogate; not author-run logs
NSGA-III,18,1909053,21,1008,48,48,1.0,0.0,0.0,48,0.3549338106741119,0.6879240220188039,0.7331032232383414,0.7166220265699095,经过处理的数据 / public-data surrogate; not author-run logs
NSGA-III,18,1909053,22,1056,48,48,1.0,0.0,0.0,40,0.36966926558463536,0.6998125818518045,0.737697712442931,0.7317048441347473,经过处理的数据 / public-data surrogate; not author-run logs
NSGA-III,18,1909053,23,1104,48,48,1.0,0.0,0.0,36,0.3724317038273176,0.7044160635095952,0.737697712442931,0.7317048441347473,经过处理的数据 / public-data surrogate; not author-run logs
NSGA-III,18,1909053,24,1152,48,48,1.0,0.0,0.0,48,0.37474133371209045,0.7044160635095952,0.741342590529293,0.7317048441347473,经过处理的数据 / public-data surrogate; not author-run logs
NSGA-III,18,1909053,25,1200,48,48,1.0,0.0,0.0,48,0.3789595610554556,0.7080213306266651,0.7467888251291539,0.7317048441347473,经过处理的数据 / public-data surrogate; not author-run logs
NSGA-III,18,1909053,26,1248,48,48,1.0,0.0,0.0,48,0.3825025173278127,0.7144405407328939,0.7467888251291539,0.7317048441347473,经过处理的数据 / public-data surrogate; not author-run logs
NSGA-III,18,1909053,27,1296,48,48,1.0,0.0,0.0,48,0.3860399107484854,0.7144405407328939,0.7543567102400112,0.7317048441347473,经过处理的数据 / public-data surrogate; not author-run logs
NSGA-III,18,1909053,28,1344,48,48,1.0,0.0,0.0,48,0.386582319846302,0.7144405407328939,0.7543567102400112,0.7317048441347473,经过处理的数据 / public-data surrogate; not author-run logs
NSGA-III,18,1909053,29,1392,48,48,1.0,0.0,0.0,48,0.39028408586333635,0.7148343189896119,0.7634031067392688,0.7317048441347473,经过处理的数据 / public-data surrogate; not author-run logs
NSGA-III,18,1909053,30,1440,48,48,1.0,0.0,0.0,48,0.39141584995025647,0.7148343189896119,0.7644167941739191,0.7317048441347473,经过处理的数据 / public-data surrogate; not author-run logs
NSGA-III,19,1909054,1,48,48,9,0.1875,0.21067016619380574,0.6718799453082454,5,0.1606523731500186,0.5571380273640882,0.4691548018915796,0.6225111169167816,经过处理的数据 / public-data surrogate; not author-run logs
NSGA-III,19,1909054,2,96,48,28,0.5833333333333334,0.011088938822709333,0.05865905841578711,4,0.1895257962802171,0.5578993363269525,0.5245830065263465,0.6566869063777142,经过处理的数据 / public-data surrogate; not author-run logs
NSGA-III,19,1909054,3,144,48,48,1.0,0.0,0.0,8,0.1977456274805482,0.5790030019162611,0.5292158361434309,0.6566869063777142,经过处理的数据 / public-data surrogate; not author-run logs
NSGA-III,19,1909054,4,192,48,48,1.0,0.0,0.0,11,0.20398117619171885,0.5846590696469136,0.5408433545256982,0.6566869063777142,经过处理的数据 / public-data surrogate; not author-run logs
NSGA-III,19,1909054,5,240,48,48,1.0,0.0,0.0,9,0.2308041886196085,0.6094572763261599,0.5873282189148716,0.6566869063777142,经过处理的数据 / public-data surrogate; not author-run logs
NSGA-III,19,1909054,6,288,48,48,1.0,0.0,0.0,14,0.23675959874206387,0.625534669185851,0.5873282189148716,0.6589875761577273,经过处理的数据 / public-data surrogate; not author-run logs
NSGA-III,19,1909054,7,336,48,48,1.0,0.0,0.0,19,0.2535437672756876,0.6428964536260963,0.6161791257954562,0.6589875761577273,经过处理的数据 / public-data surrogate; not author-run logs
NSGA-III,19,1909054,8,384,48,48,1.0,0.0,0.0,18,0.2619579330106848,0.6428964536260963,0.6161791257954562,0.6851454308768942,经过处理的数据 / public-data surrogate; not author-run logs
NSGA-III,19,1909054,9,432,48,48,1.0,0.0,0.0,21,0.2693591120286587,0.6428964536260963,0.6203540084258029,0.6893812169409123,经过处理的数据 / public-data surrogate; not author-run logs
NSGA-III,19,1909054,10,480,48,48,1.0,0.0,0.0,26,0.28095896983175095,0.6713285824220128,0.6203540084258029,0.6905237103311228,经过处理的数据 / public-data surrogate; not author-run logs
NSGA-III,19,1909054,11,528,48,48,1.0,0.0,0.0,15,0.304411273198896,0.6713285824220128,0.6708909316952981,0.6926711474238425,经过处理的数据 / public-data surrogate; not author-run logs
NSGA-III,19,1909054,12,576,48,48,1.0,0.0,0.0,23,0.30730122188136566,0.6713285824220128,0.6708909316952981,0.6962612003798492,经过处理的数据 / public-data surrogate; not author-run logs
NSGA-III,19,1909054,13,624,48,48,1.0,0.0,0.0,28,0.31440044479371676,0.6903078283110639,0.6708909316952981,0.6962612003798492,经过处理的数据 / public-data surrogate; not author-run logs
NSGA-III,19,1909054,14,672,48,48,1.0,0.0,0.0,33,0.31886151230959436,0.6903078283110639,0.6742971235764554,0.696661303235433,经过处理的数据 / public-data surrogate; not author-run logs
NSGA-III,19,1909054,15,720,48,48,1.0,0.0,0.0,32,0.32620507810374477,0.7038205200696468,0.6755242594860476,0.696661303235433,经过处理的数据 / public-data surrogate; not author-run logs
NSGA-III,19,1909054,16,768,48,48,1.0,0.0,0.0,28,0.33173785066278605,0.7060990664187763,0.6769366975808021,0.7062545426716811,经过处理的数据 / public-data surrogate; not author-run logs
NSGA-III,19,1909054,17,816,48,48,1.0,0.0,0.0,39,0.34122652908835605,0.7098141650647191,0.693729761674425,0.7062545426716811,经过处理的数据 / public-data surrogate; not author-run logs
NSGA-III,19,1909054,18,864,48,48,1.0,0.0,0.0,42,0.34293555843983636,0.7098141650647191,0.693729761674425,0.7091246213140017,经过处理的数据 / public-data surrogate; not author-run logs
NSGA-III,19,1909054,19,912,48,48,1.0,0.0,0.0,22,0.3485714755361977,0.7098141650647191,0.6959993178580356,0.7165478597498851,经过处理的数据 / public-data surrogate; not author-run logs
NSGA-III,19,1909054,20,960,48,48,1.0,0.0,0.0,23,0.3540692354106121,0.7165327172863754,0.6959993178580356,0.7210810619270662,经过处理的数据 / public-data surrogate; not author-run logs
NSGA-III,19,1909054,21,1008,48,48,1.0,0.0,0.0,27,0.35583662358041845,0.7165327172863754,0.6959993178580356,0.7231747145871721,经过处理的数据 / public-data surrogate; not author-run logs
NSGA-III,19,1909054,22,1056,48,48,1.0,0.0,0.0,33,0.35653154016703603,0.7165327172863754,0.6959993178580356,0.7231747145871721,经过处理的数据 / public-data surrogate; not author-run logs
NSGA-III,19,1909054,23,1104,48,48,1.0,0.0,0.0,44,0.35784046875773856,0.7165327172863754,0.6959993178580356,0.7254789985590433,经过处理的数据 / public-data surrogate; not author-run logs
NSGA-III,19,1909054,24,1152,48,48,1.0,0.0,0.0,48,0.3649706284891285,0.7165327172863754,0.7103127304797047,0.7254789985590433,经过处理的数据 / public-data surrogate; not author-run logs
NSGA-III,19,1909054,25,1200,48,48,1.0,0.0,0.0,47,0.36558096984491123,0.7165327172863754,0.7103127304797047,0.7254789985590433,经过处理的数据 / public-data surrogate; not author-run logs
NSGA-III,19,1909054,26,1248,48,48,1.0,0.0,0.0,48,0.3660318892247773,0.7165327172863754,0.7103127304797047,0.7254789985590433,经过处理的数据 / public-data surrogate; not author-run logs
NSGA-III,19,1909054,27,1296,48,48,1.0,0.0,0.0,48,0.3679537137858918,0.7165327172863754,0.7133757757500894,0.7254789985590433,经过处理的数据 / public-data surrogate; not author-run logs
NSGA-III,19,1909054,28,1344,48,48,1.0,0.0,0.0,30,0.3807694010799475,0.7241114516750699,0.7322871774959746,0.7254789985590433,经过处理的数据 / public-data surrogate; not author-run logs
NSGA-III,19,1909054,29,1392,48,48,1.0,0.0,0.0,42,0.38117895891542736,0.7241114516750699,0.7322871774959746,0.7254789985590433,经过处理的数据 / public-data surrogate; not author-run logs
NSGA-III,19,1909054,30,1440,48,48,1.0,0.0,0.0,44,0.3842533384441669,0.7296333815409527,0.7322871774959746,0.7255484603796976,经过处理的数据 / public-data surrogate; not author-run logs
NSGA-III,20,1909055,1,48,48,12,0.25,0.2289771966836153,0.6793751519605946,5,0.19173701077323815,0.5770944952245385,0.5289563404908543,0.6354211190163012,经过处理的数据 / public-data surrogate; not author-run logs
NSGA-III,20,1909055,2,96,48,31,0.6458333333333334,0.013413144257360227,0.07115469260700169,11,0.20170294782408002,0.5770944952245385,0.5619547636112651,0.6354211190163012,经过处理的数据 / public-data surrogate; not author-run logs
NSGA-III,20,1909055,3,144,48,48,1.0,0.0,0.0,20,0.2106051238956362,0.5820122011339051,0.572140144899207,0.6439155774175441,经过处理的数据 / public-data surrogate; not author-run logs
NSGA-III,20,1909055,4,192,48,48,1.0,0.0,0.0,12,0.23125277751113898,0.5972570508868005,0.6085096056205647,0.6554491739330877,经过处理的数据 / public-data surrogate; not author-run logs
NSGA-III,20,1909055,5,240,48,48,1.0,0.0,0.0,14,0.2521036013328577,0.6063762488571877,0.6522495994558258,0.6554491739330877,经过处理的数据 / public-data surrogate; not author-run logs
NSGA-III,20,1909055,6,288,48,48,1.0,0.0,0.0,23,0.2579995446583707,0.6225092747746718,0.6522495994558258,0.6554491739330877,经过处理的数据 / public-data surrogate; not author-run logs
NSGA-III,20,1909055,7,336,48,48,1.0,0.0,0.0,17,0.26475019074883865,0.6228648166134232,0.6533376932168161,0.6639261448597082,经过处理的数据 / public-data surrogate; not author-run logs
NSGA-III,20,1909055,8,384,48,48,1.0,0.0,0.0,24,0.27592637700645045,0.6228648166134232,0.6731074907971505,0.674034746045032,经过处理的数据 / public-data surrogate; not author-run logs
NSGA-III,20,1909055,9,432,48,48,1.0,0.0,0.0,23,0.2801520038367945,0.6281589997272449,0.6767346533632347,0.674034746045032,经过处理的数据 / public-data surrogate; not author-run logs
NSGA-III,20,1909055,10,480,48,48,1.0,0.0,0.0,17,0.2943302248992221,0.6417471751824338,0.6927407536771514,0.6742790282254938,经过处理的数据 / public-data surrogate; not author-run logs
NSGA-III,20,1909055,11,528,48,48,1.0,0.0,0.0,24,0.3003561018038911,0.6581180142674148,0.6927407536771514,0.6742790282254938,经过处理的数据 / public-data surrogate; not author-run logs
NSGA-III,20,1909055,12,576,48,48,1.0,0.0,0.0,28,0.3061939471991165,0.6651406987327493,0.6927407536771514,0.675640743924485,经过处理的数据 / public-data surrogate; not author-run logs
NSGA-III,20,1909055,13,624,48,48,1.0,0.0,0.0,26,0.3185956237599281,0.6651406987327493,0.7119694659329767,0.68395146715331,经过处理的数据 / public-data surrogate; not author-run logs
NSGA-III,20,1909055,14,672,48,48,1.0,0.0,0.0,24,0.3253686681992741,0.6669685619249522,0.7119694659329767,0.697337670637526,经过处理的数据 / public-data surrogate; not author-run logs
NSGA-III,20,1909055,15,720,48,48,1.0,0.0,0.0,25,0.3317733466693542,0.6669685619249522,0.7201435578230905,0.6984747414617876,经过处理的数据 / public-data surrogate; not author-run logs
NSGA-III,20,1909055,16,768,48,48,1.0,0.0,0.0,16,0.34772165269491523,0.6954082883066731,0.7250045780918265,0.7002109248908764,经过处理的数据 / public-data surrogate; not author-run logs
NSGA-III,20,1909055,17,816,48,48,1.0,0.0,0.0,27,0.3564476150853528,0.7056120434049042,0.7324608097337258,0.7002109248908764,经过处理的数据 / public-data surrogate; not author-run logs
NSGA-III,20,1909055,18,864,48,48,1.0,0.0,0.0,30,0.35769087619514095,0.7056120434049042,0.7324608097337258,0.7002109248908764,经过处理的数据 / public-data surrogate; not author-run logs
NSGA-III,20,1909055,19,912,48,48,1.0,0.0,0.0,39,0.36290344050712053,0.7056120434049042,0.7418619873975679,0.7002109248908764,经过处理的数据 / public-data surrogate; not author-run logs
NSGA-III,20,1909055,20,960,48,48,1.0,0.0,0.0,36,0.36505159664150305,0.705983240933551,0.7418619873975679,0.7040704237595551,经过处理的数据 / public-data surrogate; not author-run logs
NSGA-III,20,1909055,21,1008,48,48,1.0,0.0,0.0,37,0.37094784738037767,0.705983240933551,0.7418619873975679,0.7178574630737888,经过处理的数据 / public-data surrogate; not author-run logs
NSGA-III,20,1909055,22,1056,48,48,1.0,0.0,0.0,41,0.3733898422395817,0.705983240933551,0.7467628673710524,0.7178574630737888,经过处理的数据 / public-data surrogate; not author-run logs
NSGA-III,20,1909055,23,1104,48,48,1.0,0.0,0.0,48,0.3750144592009997,0.705983240933551,0.7486139908684608,0.7178574630737888,经过处理的数据 / public-data surrogate; not author-run logs
NSGA-III,20,1909055,24,1152,48,48,1.0,0.0,0.0,48,0.381394719226432,0.7206179143727458,0.7486139908684608,0.7178574630737888,经过处理的数据 / public-data surrogate; not author-run logs
NSGA-III,20,1909055,25,1200,48,48,1.0,0.0,0.0,48,0.3820040636682765,0.7206179143727458,0.7486139908684608,0.7178574630737888,经过处理的数据 / public-data surrogate; not author-run logs
NSGA-III,20,1909055,26,1248,48,48,1.0,0.0,0.0,48,0.3853474145834496,0.7267524326676169,0.7486139908684608,0.7178574630737888,经过处理的数据 / public-data surrogate; not author-run logs
NSGA-III,20,1909055,27,1296,48,48,1.0,0.0,0.0,48,0.3850445884736512,0.7279394800413175,0.7450498326586311,0.7178574630737888,经过处理的数据 / public-data surrogate; not author-run logs
NSGA-III,20,1909055,28,1344,48,48,1.0,0.0,0.0,48,0.38593023659087367,0.7283758099491048,0.7450498326586311,0.7183291488020954,经过处理的数据 / public-data surrogate; not author-run logs
NSGA-III,20,1909055,29,1392,48,48,1.0,0.0,0.0,48,0.3872483673629248,0.7283758099491048,0.745121880732617,0.7209055846107245,经过处理的数据 / public-data surrogate; not author-run logs
NSGA-III,20,1909055,30,1440,48,48,1.0,0.0,0.0,48,0.3923593379962662,0.7373600104902113,0.7466224691061186,0.721892247924965,经过处理的数据 / public-data surrogate; not author-run logs
NSGA-III,21,1909056,1,48,48,11,0.22916666666666666,0.20931436469616058,0.673045706384011,4,0.22000397884130798,0.5657675108406935,0.6533882774112714,0.608121538314558,经过处理的数据 / public-data surrogate; not author-run logs
NSGA-III,21,1909056,2,96,48,26,0.5416666666666666,0.024347142584204604,0.10895930633619377,10,0.23045395161595808,0.5677106012542144,0.6533882774112714,0.6508096225918275,经过处理的数据 / public-data surrogate; not author-run logs
NSGA-III,21,1909056,3,144,48,48,1.0,0.0,0.0,14,0.2385323819953845,0.5870588815856858,0.6533882774112714,0.6508096225918275,经过处理的数据 / public-data surrogate; not author-run logs
NSGA-III,21,1909056,4,192,48,48,1.0,0.0,0.0,16,0.24084814634410853,0.5886700438417354,0.6533882774112714,0.6508096225918275,经过处理的数据 / public-data surrogate; not author-run logs
NSGA-III,21,1909056,5,240,48,48,1.0,0.0,0.0,21,0.24637018389246332,0.6002043141863642,0.6533882774112714,0.6508096225918275,经过处理的数据 / public-data surrogate; not author-run logs
NSGA-III,21,1909056,6,288,48,48,1.0,0.0,0.0,21,0.25830771197113683,0.6061443456062373,0.677134020649055,0.6528216888551477,经过处理的数据 / public-data surrogate; not author-run logs
NSGA-III,21,1909056,7,336,48,48,1.0,0.0,0.0,17,0.2767633855584924,0.6215940550362856,0.6940304842694458,0.664322751975787,经过处理的数据 / public-data surrogate; not author-run logs
NSGA-III,21,1909056,8,384,48,48,1.0,0.0,0.0,20,0.2875916894110682,0.6468973601774153,0.6940304842694458,0.664322751975787,经过处理的数据 / public-data surrogate; not author-run logs
NSGA-III,21,1909056,9,432,48,48,1.0,0.0,0.0,17,0.2936700576767657,0.6468973601774153,0.696582475698423,0.6676081926454769,经过处理的数据 / public-data surrogate; not author-run logs
NSGA-III,21,1909056,10,480,48,48,1.0,0.0,0.0,21,0.29758544422825106,0.6506699293079228,0.696582475698423,0.6688945137437767,经过处理的数据 / public-data surrogate; not author-run logs
NSGA-III,21,1909056,11,528,48,48,1.0,0.0,0.0,28,0.3083429307061833,0.671219247639025,0.7054228902828613,0.6691355066991524,经过处理的数据 / public-data surrogate; not author-run logs
NSGA-III,21,1909056,12,576,48,48,1.0,0.0,0.0,33,0.3120289611678703,0.671219247639025,0.7115427929540444,0.6691355066991524,经过处理的数据 / public-data surrogate; not author-run logs
NSGA-III,21,1909056,13,624,48,48,1.0,0.0,0.0,35,0.319473512053622,0.6810340616460862,0.7115427929540444,0.6724977965182197,经过处理的数据 / public-data surrogate; not author-run logs
NSGA-III,21,1909056,14,672,48,48,1.0,0.0,0.0,36,0.324223553241622,0.6810340616460862,0.7137006576754711,0.6791185702773799,经过处理的数据 / public-data surrogate; not author-run logs
NSGA-III,21,1909056,15,720,48,48,1.0,0.0,0.0,25,0.341295724855738,0.6810340616460862,0.7538377561582053,0.6821456995445326,经过处理的数据 / public-data surrogate; not author-run logs
NSGA-III,21,1909056,16,768,48,48,1.0,0.0,0.0,28,0.34273591007235693,0.6810340616460862,0.7538377561582053,0.6821456995445326,经过处理的数据 / public-data surrogate; not author-run logs
NSGA-III,21,1909056,17,816,48,48,1.0,0.0,0.0,30,0.3507930444030511,0.6868115575451249,0.7570661807581733,0.6904304258466645,经过处理的数据 / public-data surrogate; not author-run logs
NSGA-III,21,1909056,18,864,48,48,1.0,0.0,0.0,36,0.3536324726966164,0.687827523215582,0.7606472821321824,0.6904304258466645,经过处理的数据 / public-data surrogate; not author-run logs
NSGA-III,21,1909056,19,912,48,48,1.0,0.0,0.0,33,0.36540021525026073,0.7114244759396445,0.7606753317665771,0.6904304258466645,经过处理的数据 / public-data surrogate; not author-run logs
NSGA-III,21,1909056,20,960,48,48,1.0,0.0,0.0,41,0.3728150804506412,0.7114244759396445,0.7782565303884829,0.6904304258466645,经过处理的数据 / public-data surrogate; not author-run logs
NSGA-III,21,1909056,21,1008,48,48,1.0,0.0,0.0,46,0.3766770219506489,0.7114244759396445,0.7782565303884829,0.6955401181879484,经过处理的数据 / public-data surrogate; not author-run logs
NSGA-III,21,1909056,22,1056,48,48,1.0,0.0,0.0,48,0.3784266162890394,0.7122382445021372,0.7782565303884829,0.6955401181879484,经过处理的数据 / public-data surrogate; not author-run logs
NSGA-III,21,1909056,23,1104,48,48,1.0,0.0,0.0,48,0.383845296491508,0.7169020998206135,0.7782565303884829,0.7012564438967124,经过处理的数据 / public-data surrogate; not author-run logs
NSGA-III,21,1909056,24,1152,48,48,1.0,0.0,0.0,48,0.38596540327065254,0.7169020998206135,0.7825451268269301,0.7012564438967124,经过处理的数据 / public-data surrogate; not author-run logs
NSGA-III,21,1909056,25,1200,48,48,1.0,0.0,0.0,48,0.3991285800521216,0.7350396228325836,0.7899385266042178,0.7030275641560974,经过处理的数据 / public-data surrogate; not author-run logs
NSGA-III,21,1909056,26,1248,48,48,1.0,0.0,0.0,48,0.39986397645881894,0.7350396228325836,0.7899385266042178,0.7030275641560974,经过处理的数据 / public-data surrogate; not author-run logs
NSGA-III,21,1909056,27,1296,48,48,1.0,0.0,0.0,39,0.40059355760207305,0.7350396228325836,0.7899385266042178,0.7030275641560974,经过处理的数据 / public-data surrogate; not author-run logs
NSGA-III,21,1909056,28,1344,48,48,1.0,0.0,0.0,46,0.4015076429816612,0.7350396228325836,0.7899385266042178,0.7030275641560974,经过处理的数据 / public-data surrogate; not author-run logs
NSGA-III,21,1909056,29,1392,48,48,1.0,0.0,0.0,48,0.404599286159564,0.7350396228325836,0.7899385266042178,0.7085908121387698,经过处理的数据 / public-data surrogate; not author-run logs
NSGA-III,21,1909056,30,1440,48,48,1.0,0.0,0.0,48,0.40494385538479816,0.7350396228325836,0.7899385266042178,0.7085908121387698,经过处理的数据 / public-data surrogate; not author-run logs
NSGA-III,22,1909057,1,48,48,16,0.3333333333333333,0.12932910895092298,0.6374985733601213,3,0.1965288193484979,0.5766484955229041,0.5431952752546649,0.635056797694536,经过处理的数据 / public-data surrogate; not author-run logs
NSGA-III,22,1909057,2,96,48,42,0.875,0.0006468355098964198,0.007683790363011589,6,0.20304406305970735,0.5766484955229041,0.5514740347232092,0.6490339034233769,经过处理的数据 / public-data surrogate; not author-run logs
NSGA-III,22,1909057,3,144,48,48,1.0,0.0,0.0,12,0.20957227469196354,0.582674460856786,0.5651546622000059,0.6490339034233769,经过处理的数据 / public-data surrogate; not author-run logs
NSGA-III,22,1909057,4,192,48,48,1.0,0.0,0.0,12,0.22656097906073444,0.6005020515498497,0.5830374403141704,0.6624157479883294,经过处理的数据 / public-data surrogate; not author-run logs
NSGA-III,22,1909057,5,240,48,48,1.0,0.0,0.0,27,0.23996653370468907,0.6099494498381991,0.600987452925812,0.6783109826325475,经过处理的数据 / public-data surrogate; not author-run logs
NSGA-III,22,1909057,6,288,48,48,1.0,0.0,0.0,21,0.2453469774077926,0.6099494498381991,0.600987452925812,0.6958999280364742,经过处理的数据 / public-data surrogate; not author-run logs
NSGA-III,22,1909057,7,336,48,48,1.0,0.0,0.0,23,0.25156586006838966,0.6099494498381991,0.6118969949244624,0.6958999280364742,经过处理的数据 / public-data surrogate; not author-run logs
NSGA-III,22,1909057,8,384,48,48,1.0,0.0,0.0,18,0.2638335959246447,0.6099494498381991,0.6376353538238301,0.6958999280364742,经过处理的数据 / public-data surrogate; not author-run logs
NSGA-III,22,1909057,9,432,48,48,1.0,0.0,0.0,23,0.2765530032581224,0.6099494498381991,0.6694435982550743,0.6958999280364742,经过处理的数据 / public-data surrogate; not author-run logs
NSGA-III,22,1909057,10,480,48,48,1.0,0.0,0.0,24,0.2952568225547264,0.6597234341962163,0.6694435982550743,0.6958999280364742,经过处理的数据 / public-data surrogate; not author-run logs
NSGA-III,22,1909057,11,528,48,48,1.0,0.0,0.0,21,0.29691326085473013,0.6597234341962163,0.6694435982550743,0.6958999280364742,经过处理的数据 / public-data surrogate; not author-run logs
NSGA-III,22,1909057,12,576,48,48,1.0,0.0,0.0,24,0.3118384931648577,0.6765909409828725,0.689743683121459,0.7003061386314839,经过处理的数据 / public-data surrogate; not author-run logs
NSGA-III,22,1909057,13,624,48,48,1.0,0.0,0.0,26,0.31390380272051976,0.6765909409828725,0.689743683121459,0.7003061386314839,经过处理的数据 / public-data surrogate; not author-run logs
NSGA-III,22,1909057,14,672,48,48,1.0,0.0,0.0,33,0.31556288629706086,0.6765909409828725,0.689743683121459,0.7003061386314839,经过处理的数据 / public-data surrogate; not author-run logs
NSGA-III,22,1909057,15,720,48,48,1.0,0.0,0.0,39,0.31825574353625236,0.6765909409828725,0.6917061716682669,0.7003061386314839,经过处理的数据 / public-data surrogate; not author-run logs
NSGA-III,22,1909057,16,768,48,48,1.0,0.0,0.0,27,0.3229982554927874,0.6765909409828725,0.6917061716682669,0.708562288943952,经过处理的数据 / public-data surrogate; not author-run logs
NSGA-III,22,1909057,17,816,48,48,1.0,0.0,0.0,39,0.32590381105692773,0.6787371262520753,0.6917061716682669,0.708562288943952,经过处理的数据 / public-data surrogate; not author-run logs
NSGA-III,22,1909057,18,864,48,48,1.0,0.0,0.0,36,0.3309530059794236,0.6814037471397849,0.6917061716682669,0.7166778177664559,经过处理的数据 / public-data surrogate; not author-run logs
NSGA-III,22,1909057,19,912,48,48,1.0,0.0,0.0,24,0.3453009656115979,0.6814037471397849,0.7250730535478352,0.7166778177664559,经过处理的数据 / public-data surrogate; not author-run logs
NSGA-III,22,1909057,20,960,48,48,1.0,0.0,0.0,27,0.35689096476971116,0.7011070787885869,0.7250730535478352,0.7166778177664559,经过处理的数据 / public-data surrogate; not author-run logs
NSGA-III,22,1909057,21,1008,48,48,1.0,0.0,0.0,39,0.35731317976555577,0.7011070787885869,0.7250730535478352,0.7166778177664559,经过处理的数据 / public-data surrogate; not author-run logs
NSGA-III,22,1909057,22,1056,48,48,1.0,0.0,0.0,46,0.36088138674832,0.7027940061738664,0.7263284362113169,0.7175403714415659,经过处理的数据 / public-data surrogate; not author-run logs
NSGA-III,22,1909057,23,1104,48,48,1.0,0.0,0.0,40,0.3614603610427457,0.7027940061738664,0.7263284362113169,0.7175403714415659,经过处理的数据 / public-data surrogate; not author-run logs
NSGA-III,22,1909057,24,1152,48,48,1.0,0.0,0.0,44,0.36462025852002394,0.7027940061738664,0.7307141393394029,0.7175403714415659,经过处理的数据 / public-data surrogate; not author-run logs
NSGA-III,22,1909057,25,1200,48,48,1.0,0.0,0.0,48,0.3722923017627441,0.7202218085356643,0.7307141393394029,0.7166778177664559,经过处理的数据 / public-data surrogate; not author-run logs
NSGA-III,22,1909057,26,1248,48,48,1.0,0.0,0.0,48,0.3719858739309895,0.7202218085356643,0.7307141393394029,0.7149513382854423,经过处理的数据 / public-data surrogate; not author-run logs
NSGA-III,22,1909057,27,1296,48,48,1.0,0.0,0.0,48,0.3750686610884765,0.7202218085356643,0.7307141393394029,0.7209821413585813,经过处理的数据 / public-data surrogate; not author-run logs
NSGA-III,22,1909057,28,1344,48,48,1.0,0.0,0.0,48,0.3760795394234233,0.7202218085356643,0.7307141393394029,0.7235746529591645,经过处理的数据 / public-data surrogate; not author-run logs
NSGA-III,22,1909057,29,1392,48,48,1.0,0.0,0.0,48,0.3790214128883972,0.7260408264398842,0.7307141393394029,0.7235746529591645,经过处理的数据 / public-data surrogate; not author-run logs
NSGA-III,22,1909057,30,1440,48,48,1.0,0.0,0.0,48,0.3856806533703774,0.7326887449503688,0.7362855368714862,0.7235746529591645,经过处理的数据 / public-data surrogate; not author-run logs
NSGA-III,23,1909058,1,48,48,12,0.25,0.16565372305665868,0.6144204334153547,8,0.19035351657442273,0.5803299428397488,0.5188209765401223,0.6484435822897032,经过处理的数据 / public-data surrogate; not author-run logs
NSGA-III,23,1909058,2,96,48,30,0.625,0.0064673754909173875,0.036581985813510576,8,0.20244083598099483,0.5803299428397488,0.5493867376067465,0.649725728871087,经过处理的数据 / public-data surrogate; not author-run logs
NSGA-III,23,1909058,3,144,48,48,1.0,0.0,0.0,12,0.20892830483391148,0.5803299428397488,0.5493867376067465,0.6666103391577332,经过处理的数据 / public-data surrogate; not author-run logs
NSGA-III,23,1909058,4,192,48,48,1.0,0.0,0.0,10,0.23028379747386113,0.6083002650697196,0.5780829205714336,0.6666103391577332,经过处理的数据 / public-data surrogate; not author-run logs
NSGA-III,23,1909058,5,240,48,48,1.0,0.0,0.0,13,0.23553049674547114,0.6162415089760478,0.5780829205714336,0.6688130764853222,经过处理的数据 / public-data surrogate; not author-run logs
NSGA-III,23,1909058,6,288,48,48,1.0,0.0,0.0,17,0.256062715532697,0.6229182784416557,0.6153075332158966,0.6860260016306132,经过处理的数据 / public-data surrogate; not author-run logs
NSGA-III,23,1909058,7,336,48,48,1.0,0.0,0.0,20,0.2637037996324307,0.6388306889519717,0.6153075332158966,0.6870797297773078,经过处理的数据 / public-data surrogate; not author-run logs
NSGA-III,23,1909058,8,384,48,48,1.0,0.0,0.0,19,0.2749002272698088,0.6399826814568998,0.6405958509394784,0.6870797297773078,经过处理的数据 / public-data surrogate; not author-run logs
NSGA-III,23,1909058,9,432,48,48,1.0,0.0,0.0,25,0.2796201871207797,0.6421674758574945,0.6437775429634867,0.6870797297773078,经过处理的数据 / public-data surrogate; not author-run logs
NSGA-III,23,1909058,10,480,48,48,1.0,0.0,0.0,17,0.30263379930377016,0.6510701354496191,0.6794672275224658,0.6974204316256837,经过处理的数据 / public-data surrogate; not author-run logs
NSGA-III,23,1909058,11,528,48,48,1.0,0.0,0.0,17,0.316907625476745,0.679507610325269,0.6794672275224658,0.6980149055616061,经过处理的数据 / public-data surrogate; not author-run logs
NSGA-III,23,1909058,12,576,48,48,1.0,0.0,0.0,12,0.3188222447502198,0.679507610325269,0.6794672275224658,0.6980149055616061,经过处理的数据 / public-data surrogate; not author-run logs
NSGA-III,23,1909058,13,624,48,48,1.0,0.0,0.0,17,0.3327419515364284,0.7103389156513218,0.6794672275224658,0.6980149055616061,经过处理的数据 / public-data surrogate; not author-run logs
NSGA-III,23,1909058,14,672,48,48,1.0,0.0,0.0,27,0.33685396201871504,0.7103389156513218,0.6794672275224658,0.7085626275252114,经过处理的数据 / public-data surrogate; not author-run logs
NSGA-III,23,1909058,15,720,48,48,1.0,0.0,0.0,21,0.3386154313190943,0.7103389156513218,0.6794672275224658,0.7085626275252114,经过处理的数据 / public-data surrogate; not author-run logs
NSGA-III,23,1909058,16,768,48,48,1.0,0.0,0.0,26,0.3626480244212622,0.7222689250918463,0.714204145109591,0.7166196498939535,经过处理的数据 / public-data surrogate; not author-run logs
NSGA-III,23,1909058,17,816,48,48,1.0,0.0,0.0,34,0.3633985415960145,0.7222689250918463,0.714204145109591,0.7166196498939535,经过处理的数据 / public-data surrogate; not author-run logs
NSGA-III,23,1909058,18,864,48,48,1.0,0.0,0.0,32,0.3676171819983397,0.7286353349778122,0.714204145109591,0.7166196498939535,经过处理的数据 / public-data surrogate; not author-run logs
NSGA-III,23,1909058,19,912,48,48,1.0,0.0,0.0,41,0.36834951120955417,0.7286353349778122,0.714204145109591,0.7166196498939535,经过处理的数据 / public-data surrogate; not author-run logs
NSGA-III,23,1909058,20,960,48,48,1.0,0.0,0.0,38,0.37235213558672675,0.7363121202620605,0.714204145109591,0.7166196498939535,经过处理的数据 / public-data surrogate; not author-run logs
NSGA-III,23,1909058,21,1008,48,48,1.0,0.0,0.0,43,0.3778820701340924,0.7363121202620605,0.7211619135890764,0.7188936558628327,经过处理的数据 / public-data surrogate; not author-run logs
NSGA-III,23,1909058,22,1056,48,48,1.0,0.0,0.0,32,0.37954961867858167,0.7367727287963559,0.7211619135890764,0.71981097690361,经过处理的数据 / public-data surrogate; not author-run logs
NSGA-III,23,1909058,23,1104,48,48,1.0,0.0,0.0,36,0.3834116049060777,0.7444321856749169,0.7211619135890764,0.71981097690361,经过处理的数据 / public-data surrogate; not author-run logs
NSGA-III,23,1909058,24,1152,48,48,1.0,0.0,0.0,41,0.391698803044946,0.753365432301386,0.726699885851182,0.7222821477969819,经过处理的数据 / public-data surrogate; not author-run logs
NSGA-III,23,1909058,25,1200,48,48,1.0,0.0,0.0,48,0.4014379962825867,0.7627388344284031,0.7366890138769125,0.7222821477969819,经过处理的数据 / public-data surrogate; not author-run logs
NSGA-III,23,1909058,26,1248,48,48,1.0,0.0,0.0,46,0.4021312686890435,0.7627388344284031,0.7366890138769125,0.7222821477969819,经过处理的数据 / public-data surrogate; not author-run logs
NSGA-III,23,1909058,27,1296,48,48,1.0,0.0,0.0,48,0.40445883049658204,0.7655271722350658,0.7366890138769125,0.7237255196754854,经过处理的数据 / public-data surrogate; not author-run logs
NSGA-III,23,1909058,28,1344,48,48,1.0,0.0,0.0,48,0.40659937194146517,0.7655271722350658,0.7398877451641829,0.7237255196754854,经过处理的数据 / public-data surrogate; not author-run logs
NSGA-III,23,1909058,29,1392,48,48,1.0,0.0,0.0,48,0.4077349534955514,0.7655271722350658,0.7398877451641829,0.7255250191083866,经过处理的数据 / public-data surrogate; not author-run logs
NSGA-III,23,1909058,30,1440,48,48,1.0,0.0,0.0,48,0.4096013551820265,0.7688032710828301,0.7398877451641829,0.7255250191083866,经过处理的数据 / public-data surrogate; not author-run logs
NSGA-III,24,1909059,1,48,48,11,0.22916666666666666,0.1885376387039488,0.7275170626553225,5,0.22660343103216313,0.6221588050254989,0.5931539487855012,0.636790031648584,经过处理的数据 / public-data surrogate; not author-run logs
NSGA-III,24,1909059,2,96,48,33,0.6875,0.008204697693619612,0.04716314949583178,10,0.2302164963582501,0.6242468020519111,0.5931539487855012,0.636790031648584,经过处理的数据 / public-data surrogate; not author-run logs
NSGA-III,24,1909059,3,144,48,48,1.0,0.0,0.0,14,0.24042555356797146,0.6242468020519111,0.6165137339077251,0.636790031648584,经过处理的数据 / public-data surrogate; not author-run logs
NSGA-III,24,1909059,4,192,48,48,1.0,0.0,0.0,23,0.2470680911801431,0.6406034199349502,0.6165137339077251,0.6400338195610673,经过处理的数据 / public-data surrogate; not author-run logs
NSGA-III,24,1909059,5,240,48,48,1.0,0.0,0.0,26,0.2642669478064725,0.6406034199349502,0.6441130059676562,0.6598098999296267,经过处理的数据 / public-data surrogate; not author-run logs
NSGA-III,24,1909059,6,288,48,48,1.0,0.0,0.0,33,0.2773859364143253,0.6417584332715293,0.677398385605755,0.6598098999296267,经过处理的数据 / public-data surrogate; not author-run logs
NSGA-III,24,1909059,7,336,48,48,1.0,0.0,0.0,25,0.2995989946567333,0.6713906822976605,0.6819544574747499,0.684509771487597,经过处理的数据 / public-data surrogate; not author-run logs
NSGA-III,24,1909059,8,384,48,48,1.0,0.0,0.0,26,0.3011270375115912,0.6732326336358326,0.6819544574747499,0.684509771487597,经过处理的数据 / public-data surrogate; not author-run logs
NSGA-III,24,1909059,9,432,48,48,1.0,0.0,0.0,17,0.3077231356232789,0.6780085031518513,0.6819544574747499,0.684509771487597,经过处理的数据 / public-data surrogate; not author-run logs
NSGA-III,24,1909059,10,480,48,48,1.0,0.0,0.0,14,0.3084345440768175,0.6780085031518513,0.6819544574747499,0.684509771487597,经过处理的数据 / public-data surrogate; not author-run logs
NSGA-III,24,1909059,11,528,48,48,1.0,0.0,0.0,21,0.3092127028542096,0.6780085031518513,0.6819544574747499,0.684509771487597,经过处理的数据 / public-data surrogate; not author-run logs
NSGA-III,24,1909059,12,576,48,48,1.0,0.0,0.0,25,0.323150009086801,0.6820132719185628,0.7126981370188125,0.684509771487597,经过处理的数据 / public-data surrogate; not author-run logs
NSGA-III,24,1909059,13,624,48,48,1.0,0.0,0.0,32,0.33029351039680976,0.6882771700970381,0.7154711561191589,0.6886575524448826,经过处理的数据 / public-data surrogate; not author-run logs
NSGA-III,24,1909059,14,672,48,48,1.0,0.0,0.0,29,0.3409494225257932,0.7029775283403163,0.7225263643138127,0.6886575524448826,经过处理的数据 / public-data surrogate; not author-run logs
NSGA-III,24,1909059,15,720,48,48,1.0,0.0,0.0,32,0.3414869285390698,0.7029775283403163,0.7225263643138127,0.6886575524448826,经过处理的数据 / public-data surrogate; not author-run logs
NSGA-III,24,1909059,16,768,48,48,1.0,0.0,0.0,30,0.3425734294637782,0.7029775283403163,0.7225263643138127,0.6886575524448826,经过处理的数据 / public-data surrogate; not author-run logs
NSGA-III,24,1909059,17,816,48,48,1.0,0.0,0.0,33,0.3460981748114852,0.7073816465630093,0.7225263643138127,0.6886575524448826,经过处理的数据 / public-data surrogate; not author-run logs
NSGA-III,24,1909059,18,864,48,48,1.0,0.0,0.0,38,0.3493347794182308,0.7073816465630093,0.7225263643138127,0.6939731182964215,经过处理的数据 / public-data surrogate; not author-run logs
NSGA-III,24,1909059,19,912,48,48,1.0,0.0,0.0,38,0.3552894758903319,0.7073816465630093,0.7349046025695808,0.6939731182964215,经过处理的数据 / public-data surrogate; not author-run logs
NSGA-III,24,1909059,20,960,48,48,1.0,0.0,0.0,41,0.3562841915382956,0.7073816465630093,0.7349046025695808,0.6939731182964215,经过处理的数据 / public-data surrogate; not author-run logs
NSGA-III,24,1909059,21,1008,48,48,1.0,0.0,0.0,38,0.36375336935585184,0.7073816465630093,0.7385710248760288,0.7057453267381342,经过处理的数据 / public-data surrogate; not author-run logs
NSGA-III,24,1909059,22,1056,48,48,1.0,0.0,0.0,37,0.36631138761324433,0.7073816465630093,0.7442027370205865,0.7057453267381342,经过处理的数据 / public-data surrogate; not author-run logs
NSGA-III,24,1909059,23,1104,48,48,1.0,0.0,0.0,43,0.3805434578553941,0.7143650672149412,0.7735961332000663,0.7057453267381342,经过处理的数据 / public-data surrogate; not author-run logs
NSGA-III,24,1909059,24,1152,48,48,1.0,0.0,0.0,43,0.3843547049816888,0.7143650672149412,0.7806268552343284,0.7057453267381342,经过处理的数据 / public-data surrogate; not author-run logs
NSGA-III,24,1909059,25,1200,48,48,1.0,0.0,0.0,46,0.3852329843912548,0.7143650672149412,0.7806268552343284,0.7057453267381342,经过处理的数据 / public-data surrogate; not author-run logs
NSGA-III,24,1909059,26,1248,48,48,1.0,0.0,0.0,48,0.38648229279737767,0.7143650672149412,0.7806268552343284,0.7057453267381342,经过处理的数据 / public-data surrogate; not author-run logs
NSGA-III,24,1909059,27,1296,48,48,1.0,0.0,0.0,48,0.38977704289313864,0.7155443522699136,0.7841801843587772,0.7059141422953792,经过处理的数据 / public-data surrogate; not author-run logs
NSGA-III,24,1909059,28,1344,48,48,1.0,0.0,0.0,42,0.3961852145106302,0.7268106938064001,0.7841801843587772,0.7059141422953792,经过处理的数据 / public-data surrogate; not author-run logs
NSGA-III,24,1909059,29,1392,48,48,1.0,0.0,0.0,36,0.40899408449951347,0.7504317905161118,0.7873729206670205,0.7059141422953792,经过处理的数据 / public-data surrogate; not author-run logs
NSGA-III,24,1909059,30,1440,48,48,1.0,0.0,0.0,48,0.4120540597166753,0.7504317905161118,0.7913300124545499,0.7077982579292175,经过处理的数据 / public-data surrogate; not author-run logs
NSGA-III,25,1909060,1,48,48,14,0.2916666666666667,0.1580053160926478,0.5575737770330851,5,0.1934793191927645,0.5632643148397306,0.5328398786058943,0.6539632654916465,经过处理的数据 / public-data surrogate; not author-run logs
NSGA-III,25,1909060,2,96,48,34,0.7083333333333334,0.003850633910298565,0.02291765468372753,13,0.22408582909590935,0.591347971493348,0.6077701660473154,0.6594273707777251,经过处理的数据 / public-data surrogate; not author-run logs
NSGA-III,25,1909060,3,144,48,48,1.0,0.0,0.0,17,0.22888840535615046,0.591347971493348,0.6077701660473154,0.6732201118422337,经过处理的数据 / public-data surrogate; not author-run logs
NSGA-III,25,1909060,4,192,48,48,1.0,0.0,0.0,14,0.23916123188417704,0.6064492020065111,0.6077701660473154,0.6734825391765009,经过处理的数据 / public-data surrogate; not author-run logs
NSGA-III,25,1909060,5,240,48,48,1.0,0.0,0.0,20,0.25344580805113653,0.6221146144486047,0.62450238268524,0.6734825391765009,经过处理的数据 / public-data surrogate; not author-run logs
NSGA-III,25,1909060,6,288,48,48,1.0,0.0,0.0,22,0.26269715497252266,0.6295689993234354,0.62450238268524,0.6900794862601425,经过处理的数据 / public-data surrogate; not author-run logs
NSGA-III,25,1909060,7,336,48,48,1.0,0.0,0.0,29,0.27893817038851354,0.656922378132277,0.6347922048961915,0.6979879119914743,经过处理的数据 / public-data surrogate; not author-run logs
NSGA-III,25,1909060,8,384,48,48,1.0,0.0,0.0,32,0.2805429371873739,0.656922378132277,0.6347922048961915,0.6979879119914743,经过处理的数据 / public-data surrogate; not author-run logs
NSGA-III,25,1909060,9,432,48,48,1.0,0.0,0.0,30,0.28246325352582435,0.656922378132277,0.6347922048961915,0.6979879119914743,经过处理的数据 / public-data surrogate; not author-run logs
NSGA-III,25,1909060,10,480,48,48,1.0,0.0,0.0,24,0.2925327348709133,0.6647817148048302,0.6414769800086292,0.700558461625277,经过处理的数据 / public-data surrogate; not author-run logs
NSGA-III,25,1909060,11,528,48,48,1.0,0.0,0.0,26,0.30091505276660563,0.6781915089659889,0.6465306957827247,0.700558461625277,经过处理的数据 / public-data surrogate; not author-run logs
NSGA-III,25,1909060,12,576,48,48,1.0,0.0,0.0,36,0.30922112920209294,0.6781915089659889,0.6641359905832522,0.7017002162035182,经过处理的数据 / public-data surrogate; not author-run logs
NSGA-III,25,1909060,13,624,48,48,1.0,0.0,0.0,27,0.32347120557028103,0.6803084416137194,0.6929921118004552,0.7017002162035182,经过处理的数据 / public-data surrogate; not author-run logs
NSGA-III,25,1909060,14,672,48,48,1.0,0.0,0.0,25,0.32616463161763787,0.6836202093844074,0.6929921118004552,0.7017002162035182,经过处理的数据 / public-data surrogate; not author-run logs
NSGA-III,25,1909060,15,720,48,48,1.0,0.0,0.0,21,0.33735706263440457,0.7000198540930923,0.6929921118004552,0.7089510538879624,经过处理的数据 / public-data surrogate; not author-run logs
NSGA-III,25,1909060,16,768,48,48,1.0,0.0,0.0,31,0.3381762436906279,0.7000198540930923,0.6929921118004552,0.7089510538879624,经过处理的数据 / public-data surrogate; not author-run logs
NSGA-III,25,1909060,17,816,48,48,1.0,0.0,0.0,32,0.34418594084192805,0.7066090369107004,0.6986479054310742,0.7089510538879624,经过处理的数据 / public-data surrogate; not author-run logs
NSGA-III,25,1909060,18,864,48,48,1.0,0.0,0.0,22,0.3458896807356383,0.7066090369107004,0.6986479054310742,0.710417654560677,经过处理的数据 / public-data surrogate; not author-run logs
NSGA-III,25,1909060,19,912,48,48,1.0,0.0,0.0,26,0.34911419651448944,0.7109375413840623,0.6986479054310742,0.710417654560677,经过处理的数据 / public-data surrogate; not author-run logs
NSGA-III,25,1909060,20,960,48,48,1.0,0.0,0.0,28,0.35248501391503156,0.7126637377459684,0.7011389215144002,0.710417654560677,经过处理的数据 / public-data surrogate; not author-run logs
NSGA-III,25,1909060,21,1008,48,48,1.0,0.0,0.0,34,0.35969221049179806,0.7176381444378227,0.7117992027932145,0.710417654560677,经过处理的数据 / public-data surrogate; not author-run logs
NSGA-III,25,1909060,22,1056,48,48,1.0,0.0,0.0,36,0.36725322531968596,0.7183337583548618,0.7274950071525711,0.710417654560677,经过处理的数据 / public-data surrogate; not author-run logs
NSGA-III,25,1909060,23,1104,48,48,1.0,0.0,0.0,44,0.37242872792770154,0.7224214340797499,0.7342224118412822,0.710417654560677,经过处理的数据 / public-data surrogate; not author-run logs
NSGA-III,25,1909060,24,1152,48,48,1.0,0.0,0.0,42,0.37407462751297005,0.7224214340797499,0.7342224118412822,0.7125691929483278,经过处理的数据 / public-data surrogate; not author-run logs
NSGA-III,25,1909060,25,1200,48,48,1.0,0.0,0.0,33,0.38090682233689294,0.7318305525339653,0.7342224118412822,0.7173514912613317,经过处理的数据 / public-data surrogate; not author-run logs
NSGA-III,25,1909060,26,1248,48,48,1.0,0.0,0.0,39,0.3860125990111935,0.7393516970048746,0.7342224118412822,0.7197633458135553,经过处理的数据 / public-data surrogate; not author-run logs
NSGA-III,25,1909060,27,1296,48,48,1.0,0.0,0.0,40,0.38739223951613916,0.7409762744498525,0.7342224118412822,0.7197633458135553,经过处理的数据 / public-data surrogate; not author-run logs
NSGA-III,25,1909060,28,1344,48,48,1.0,0.0,0.0,47,0.3950972033634481,0.7502765083530415,0.7408263425034382,0.7197633458135553,经过处理的数据 / public-data surrogate; not author-run logs
NSGA-III,25,1909060,29,1392,48,48,1.0,0.0,0.0,44,0.3964160684902669,0.7502765083530415,0.7408263425034382,0.7211250153192199,经过处理的数据 / public-data surrogate; not author-run logs
NSGA-III,25,1909060,30,1440,48,48,1.0,0.0,0.0,48,0.40287177834629617,0.7541055695453631,0.749619335833748,0.7218359510763005,经过处理的数据 / public-data surrogate; not author-run logs
NSGA-III,26,1909061,1,48,48,12,0.25,0.15094771983280655,0.7260438078285043,3,0.19778456674368236,0.5520759391456835,0.5653524819964453,0.6500469236816606,经过处理的数据 / public-data surrogate; not author-run logs
NSGA-III,26,1909061,2,96,48,37,0.7708333333333334,0.0077029885144288684,0.054253401836364956,5,0.21385291082501123,0.5626982161104955,0.596941432490599,0.6500469236816606,经过处理的数据 / public-data surrogate; not author-run logs
NSGA-III,26,1909061,3,144,48,48,1.0,0.0,0.0,7,0.22806846643562861,0.6008407606350811,0.596941432490599,0.6500469236816606,经过处理的数据 / public-data surrogate; not author-run logs
NSGA-III,26,1909061,4,192,48,48,1.0,0.0,0.0,7,0.22957876948209982,0.6008407606350811,0.5970378792072506,0.6500469236816606,经过处理的数据 / public-data surrogate; not author-run logs
NSGA-III,26,1909061,5,240,48,48,1.0,0.0,0.0,12,0.2442792054124915,0.6008407606350811,0.6332307136186529,0.6580753748833175,经过处理的数据 / public-data surrogate; not author-run logs
NSGA-III,26,1909061,6,288,48,48,1.0,0.0,0.0,18,0.2558208878967446,0.6027269143398811,0.6527843330851931,0.6673311315739608,经过处理的数据 / public-data surrogate; not author-run logs
NSGA-III,26,1909061,7,336,48,48,1.0,0.0,0.0,24,0.26454815198565923,0.6165864539331465,0.6527843330851931,0.6795962607222226,经过处理的数据 / public-data surrogate; not author-run logs
NSGA-III,26,1909061,8,384,48,48,1.0,0.0,0.0,29,0.2780558502854301,0.6333629939438999,0.6642966745645302,0.6801190874973497,经过处理的数据 / public-data surrogate; not author-run logs
NSGA-III,26,1909061,9,432,48,48,1.0,0.0,0.0,36,0.28210129623489094,0.6333629939438999,0.6642966745645302,0.6851913415881575,经过处理的数据 / public-data surrogate; not author-run logs
NSGA-III,26,1909061,10,480,48,48,1.0,0.0,0.0,31,0.2918310175806804,0.6382567700602005,0.6830045321018412,0.6851913415881575,经过处理的数据 / public-data surrogate; not author-run logs
NSGA-III,26,1909061,11,528,48,48,1.0,0.0,0.0,24,0.3003848384780786,0.6382567700602005,0.695208762740191,0.6925673246888917,经过处理的数据 / public-data surrogate; not author-run logs
NSGA-III,26,1909061,12,576,48,48,1.0,0.0,0.0,27,0.3107458639899573,0.6607901164936135,0.695208762740191,0.6925673246888917,经过处理的数据 / public-data surrogate; not author-run logs
NSGA-III,26,1909061,13,624,48,48,1.0,0.0,0.0,28,0.31449745852730987,0.6607901164936135,0.695208762740191,0.698003131217658,经过处理的数据 / public-data surrogate; not author-run logs
NSGA-III,26,1909061,14,672,48,48,1.0,0.0,0.0,32,0.321365631774468,0.6706695043209381,0.6973943577957746,0.7003158583956501,经过处理的数据 / public-data surrogate; not author-run logs
NSGA-III,26,1909061,15,720,48,48,1.0,0.0,0.0,35,0.3265714636910329,0.6706695043209381,0.704216110660432,0.7039211866037973,经过处理的数据 / public-data surrogate; not author-run logs
NSGA-III,26,1909061,16,768,48,48,1.0,0.0,0.0,40,0.3476058507496126,0.6784303070048698,0.7465863993367039,0.7059701682384961,经过处理的数据 / public-data surrogate; not author-run logs
NSGA-III,26,1909061,17,816,48,48,1.0,0.0,0.0,24,0.3549533002570159,0.6897337349837613,0.7465863993367039,0.7059701682384961,经过处理的数据 / public-data surrogate; not author-run logs
NSGA-III,26,1909061,18,864,48,48,1.0,0.0,0.0,34,0.3587168638518031,0.6916713369690112,0.7465863993367039,0.7110363061346131,经过处理的数据 / public-data surrogate; not author-run logs
NSGA-III,26,1909061,19,912,48,48,1.0,0.0,0.0,35,0.3614138547482706,0.6963515931240989,0.7465863993367039,0.7110363061346131,经过处理的数据 / public-data surrogate; not author-run logs
NSGA-III,26,1909061,20,960,48,48,1.0,0.0,0.0,35,0.3649928707285709,0.6963515931240989,0.7529215105279549,0.7110363061346131,经过处理的数据 / public-data surrogate; not author-run logs
NSGA-III,26,1909061,21,1008,48,48,1.0,0.0,0.0,33,0.3692617278916501,0.7025464338141846,0.7529215105279549,0.7110363061346131,经过处理的数据 / public-data surrogate; not author-run logs
NSGA-III,26,1909061,22,1056,48,48,1.0,0.0,0.0,37,0.3744793019498286,0.7099383511239591,0.754213270466427,0.7123998278447023,经过处理的数据 / public-data surrogate; not author-run logs
NSGA-III,26,1909061,23,1104,48,48,1.0,0.0,0.0,40,0.3776079025200465,0.7145166061099987,0.754213270466427,0.7123998278447023,经过处理的数据 / public-data surrogate; not author-run logs
NSGA-III,26,1909061,24,1152,48,48,1.0,0.0,0.0,48,0.38441596818074913,0.7191885173900058,0.7632643484505762,0.7123998278447023,经过处理的数据 / public-data surrogate; not author-run logs
NSGA-III,26,1909061,25,1200,48,48,1.0,0.0,0.0,48,0.38567694785238177,0.7191885173900058,0.7632643484505762,0.7123998278447023,经过处理的数据 / public-data surrogate; not author-run logs
NSGA-III,26,1909061,26,1248,48,48,1.0,0.0,0.0,48,0.3934432551121041,0.7349329335365133,0.7632643484505762,0.7123998278447023,经过处理的数据 / public-data surrogate; not author-run logs
NSGA-III,26,1909061,27,1296,48,48,1.0,0.0,0.0,48,0.39702768334926475,0.7349329335365133,0.7715218578265182,0.7123998278447023,经过处理的数据 / public-data surrogate; not author-run logs
NSGA-III,26,1909061,28,1344,48,48,1.0,0.0,0.0,48,0.3973161654282345,0.7349329335365133,0.7715218578265182,0.7123998278447023,经过处理的数据 / public-data surrogate; not author-run logs
NSGA-III,26,1909061,29,1392,48,48,1.0,0.0,0.0,48,0.40279279888190056,0.7378386495143617,0.7813874958195508,0.7123998278447023,经过处理的数据 / public-data surrogate; not author-run logs
NSGA-III,26,1909061,30,1440,48,48,1.0,0.0,0.0,48,0.40331281220277726,0.7378386495143617,0.7813874958195508,0.7123998278447023,经过处理的数据 / public-data surrogate; not author-run logs
NSGA-III,27,1909062,1,48,48,16,0.3333333333333333,0.14048086236554147,0.6246370243721568,7,0.1951048033615182,0.5596790718252964,0.5419322511638354,0.6532898579261878,经过处理的数据 / public-data surrogate; not author-run logs
NSGA-III,27,1909062,2,96,48,41,0.8541666666666666,0.0010129463823760388,0.023559211000806046,8,0.21823268480226926,0.5759648052915367,0.5965057250808868,0.6569290103106661,经过处理的数据 / public-data surrogate; not author-run logs
NSGA-III,27,1909062,3,144,48,48,1.0,0.0,0.0,13,0.22508985793192932,0.5892157697205984,0.6014908557733336,0.6569290103106661,经过处理的数据 / public-data surrogate; not author-run logs
NSGA-III,27,1909062,4,192,48,48,1.0,0.0,0.0,14,0.23297022874603887,0.5904492553241698,0.6014908557733336,0.6672080643106753,经过处理的数据 / public-data surrogate; not author-run logs
NSGA-III,27,1909062,5,240,48,48,1.0,0.0,0.0,10,0.2518391499129038,0.6362037412333746,0.6040632043147304,0.6672080643106753,经过处理的数据 / public-data surrogate; not author-run logs
NSGA-III,27,1909062,6,288,48,48,1.0,0.0,0.0,20,0.2537655433022733,0.6362037412333746,0.6086856662506496,0.6672080643106753,经过处理的数据 / public-data surrogate; not author-run logs
NSGA-III,27,1909062,7,336,48,48,1.0,0.0,0.0,21,0.2715549013287794,0.6444130110842511,0.6239430909094422,0.6876763655902696,经过处理的数据 / public-data surrogate; not author-run logs
NSGA-III,27,1909062,8,384,48,48,1.0,0.0,0.0,29,0.27245569052524576,0.6444130110842511,0.6239430909094422,0.6898843901897183,经过处理的数据 / public-data surrogate; not author-run logs
NSGA-III,27,1909062,9,432,48,48,1.0,0.0,0.0,23,0.27776204618199424,0.6444130110842511,0.6353696569831142,0.6909591250087332,经过处理的数据 / public-data surrogate; not author-run logs
NSGA-III,27,1909062,10,480,48,48,1.0,0.0,0.0,24,0.285873082852273,0.6449821985250388,0.6412281430742273,0.7021120123684664,经过处理的数据 / public-data surrogate; not author-run logs
NSGA-III,27,1909062,11,528,48,48,1.0,0.0,0.0,17,0.3179426034971275,0.6799895325703563,0.6908633530605318,0.7021120123684664,经过处理的数据 / public-data surrogate; not author-run logs
NSGA-III,27,1909062,12,576,48,48,1.0,0.0,0.0,20,0.32072993342445866,0.6809108314652539,0.6908633530605318,0.7021120123684664,经过处理的数据 / public-data surrogate; not author-run logs
NSGA-III,27,1909062,13,624,48,48,1.0,0.0,0.0,39,0.33330167450864645,0.6809108314652539,0.7073627308173293,0.7191130178843003,经过处理的数据 / public-data surrogate; not author-run logs
NSGA-III,27,1909062,14,672,48,48,1.0,0.0,0.0,34,0.33642309825093253,0.681219105992411,0.7073627308173293,0.7191130178843003,经过处理的数据 / public-data surrogate; not author-run logs
NSGA-III,27,1909062,15,720,48,48,1.0,0.0,0.0,41,0.34470501366642503,0.6911266368583564,0.7186175757087083,0.7191130178843003,经过处理的数据 / public-data surrogate; not author-run logs
NSGA-III,27,1909062,16,768,48,48,1.0,0.0,0.0,48,0.3455873315578046,0.6911266368583564,0.7186175757087083,0.7191130178843003,经过处理的数据 / public-data surrogate; not author-run logs
NSGA-III,27,1909062,17,816,48,48,1.0,0.0,0.0,44,0.34941762598718484,0.6911266368583564,0.7188000904706291,0.7218682746358872,经过处理的数据 / public-data surrogate; not author-run logs
NSGA-III,27,1909062,18,864,48,48,1.0,0.0,0.0,38,0.35182744775492986,0.6928604906988015,0.7188000904706291,0.7218682746358872,经过处理的数据 / public-data surrogate; not author-run logs
NSGA-III,27,1909062,19,912,48,48,1.0,0.0,0.0,44,0.36619653238122724,0.7036238340688569,0.7333049119143598,0.7286691773042967,经过处理的数据 / public-data surrogate; not author-run logs
NSGA-III,27,1909062,20,960,48,48,1.0,0.0,0.0,48,0.36788041785429004,0.7052646507192147,0.7333049119143598,0.7286691773042967,经过处理的数据 / public-data surrogate; not author-run logs
NSGA-III,27,1909062,21,1008,48,48,1.0,0.0,0.0,48,0.37150020128877664,0.7052646507192147,0.7407646216167247,0.7289241502755155,经过处理的数据 / public-data surrogate; not author-run logs
NSGA-III,27,1909062,22,1056,48,48,1.0,0.0,0.0,47,0.374936563289038,0.7052646507192147,0.7407646216167247,0.7342277749560672,经过处理的数据 / public-data surrogate; not author-run logs
NSGA-III,27,1909062,23,1104,48,48,1.0,0.0,0.0,48,0.3789786722976688,0.7128234804946431,0.7407646216167247,0.7342277749560672,经过处理的数据 / public-data surrogate; not author-run logs
NSGA-III,27,1909062,24,1152,48,48,1.0,0.0,0.0,48,0.38881342370746713,0.7273474357825298,0.7474726084311424,0.7342277749560672,经过处理的数据 / public-data surrogate; not author-run logs
NSGA-III,27,1909062,25,1200,48,48,1.0,0.0,0.0,38,0.3900432972893526,0.7273474357825298,0.7474726084311424,0.7342277749560672,经过处理的数据 / public-data surrogate; not author-run logs
NSGA-III,27,1909062,26,1248,48,48,1.0,0.0,0.0,48,0.39480258293691456,0.7273474357825298,0.7633407970911052,0.7278243288162218,经过处理的数据 / public-data surrogate; not author-run logs
NSGA-III,27,1909062,27,1296,48,48,1.0,0.0,0.0,48,0.39770971221884094,0.7273474357825298,0.7696372750340054,0.7278243288162218,经过处理的数据 / public-data surrogate; not author-run logs
NSGA-III,27,1909062,28,1344,48,48,1.0,0.0,0.0,48,0.3988862513767751,0.7276063059443559,0.7696372750340054,0.7278243288162218,经过处理的数据 / public-data surrogate; not author-run logs
NSGA-III,27,1909062,29,1392,48,48,1.0,0.0,0.0,48,0.41187737908001637,0.744289599498952,0.7743102824728317,0.7360086075116288,经过处理的数据 / public-data surrogate; not author-run logs
NSGA-III,27,1909062,30,1440,48,48,1.0,0.0,0.0,48,0.41524687568023105,0.7497993503915344,0.7744970801829698,0.7360086075116288,经过处理的数据 / public-data surrogate; not author-run logs
NSGA-III,28,1909063,1,48,48,15,0.3125,0.19407567872082568,0.747132347545097,7,0.21304788227519988,0.6151763755627417,0.5571681078442403,0.6465234123428845,经过处理的数据 / public-data surrogate; not author-run logs
NSGA-III,28,1909063,2,96,48,35,0.7291666666666666,0.008556446643395313,0.05628478275130777,8,0.22772925981518574,0.6151763755627417,0.5843572108954845,0.6465234123428845,经过处理的数据 / public-data surrogate; not author-run logs
NSGA-III,28,1909063,3,144,48,48,1.0,0.0,0.0,16,0.22941982399204502,0.6151763755627417,0.5862931514730321,0.6471976755594417,经过处理的数据 / public-data surrogate; not author-run logs
NSGA-III,28,1909063,4,192,48,48,1.0,0.0,0.0,20,0.24991986181673587,0.6500451853835932,0.6000629641710468,0.6571920186948803,经过处理的数据 / public-data surrogate; not author-run logs
NSGA-III,28,1909063,5,240,48,48,1.0,0.0,0.0,27,0.263878810494215,0.6500451853835932,0.6371797403275214,0.668075995923165,经过处理的数据 / public-data surrogate; not author-run logs
NSGA-III,28,1909063,6,288,48,48,1.0,0.0,0.0,11,0.27523331069494394,0.6500451853835932,0.640539525340465,0.6790493076840532,经过处理的数据 / public-data surrogate; not author-run logs
NSGA-III,28,1909063,7,336,48,48,1.0,0.0,0.0,18,0.2842612904600814,0.6707608895143712,0.640539525340465,0.6790493076840532,经过处理的数据 / public-data surrogate; not author-run logs
NSGA-III,28,1909063,8,384,48,48,1.0,0.0,0.0,21,0.285828772451483,0.6707608895143712,0.640539525340465,0.6790493076840532,经过处理的数据 / public-data surrogate; not author-run logs
NSGA-III,28,1909063,9,432,48,48,1.0,0.0,0.0,20,0.308200434151879,0.6735657363406943,0.687738824177016,0.6790493076840532,经过处理的数据 / public-data surrogate; not author-run logs
NSGA-III,28,1909063,10,480,48,48,1.0,0.0,0.0,27,0.3101257978150036,0.6735657363406943,0.687738824177016,0.6827144437233414,经过处理的数据 / public-data surrogate; not author-run logs
NSGA-III,28,1909063,11,528,48,48,1.0,0.0,0.0,26,0.3113192455081897,0.6736775182335791,0.687738824177016,0.6827144437233414,经过处理的数据 / public-data surrogate; not author-run logs
NSGA-III,28,1909063,12,576,48,48,1.0,0.0,0.0,25,0.3201543751533516,0.6895507638404079,0.687738824177016,0.6871543372788348,经过处理的数据 / public-data surrogate; not author-run logs
NSGA-III,28,1909063,13,624,48,48,1.0,0.0,0.0,27,0.3252385252868989,0.6940376120803131,0.6933188308481679,0.6871543372788348,经过处理的数据 / public-data surrogate; not author-run logs
NSGA-III,28,1909063,14,672,48,48,1.0,0.0,0.0,23,0.3305933822664416,0.6940376120803131,0.702908043481984,0.6871543372788348,经过处理的数据 / public-data surrogate; not author-run logs
NSGA-III,28,1909063,15,720,48,48,1.0,0.0,0.0,30,0.3409191956559845,0.705426237546472,0.702908043481984,0.6964570349060051,经过处理的数据 / public-data surrogate; not author-run logs
NSGA-III,28,1909063,16,768,48,48,1.0,0.0,0.0,27,0.3416414205394758,0.705426237546472,0.702908043481984,0.6964570349060051,经过处理的数据 / public-data surrogate; not author-run logs
NSGA-III,28,1909063,17,816,48,48,1.0,0.0,0.0,26,0.34722973315103844,0.7138254094149769,0.702908043481984,0.6992954038168401,经过处理的数据 / public-data surrogate; not author-run logs
NSGA-III,28,1909063,18,864,48,48,1.0,0.0,0.0,25,0.3504743838666515,0.7138254094149769,0.7085098584898254,0.6992954038168401,经过处理的数据 / public-data surrogate; not author-run logs
NSGA-III,28,1909063,19,912,48,48,1.0,0.0,0.0,29,0.351553552275477,0.7138254094149769,0.7085098584898254,0.6992954038168401,经过处理的数据 / public-data surrogate; not author-run logs
NSGA-III,28,1909063,20,960,48,48,1.0,0.0,0.0,28,0.35887983193878364,0.7185963945028987,0.7124997456287812,0.7067693105180775,经过处理的数据 / public-data surrogate; not author-run logs
NSGA-III,28,1909063,21,1008,48,48,1.0,0.0,0.0,19,0.3671865979921297,0.7348718050216073,0.7124997456287812,0.7067693105180775,经过处理的数据 / public-data surrogate; not author-run logs
NSGA-III,28,1909063,22,1056,48,48,1.0,0.0,0.0,26,0.36872847740308146,0.7348718050216073,0.7136645957895287,0.7082240102807996,经过处理的数据 / public-data surrogate; not author-run logs
NSGA-III,28,1909063,23,1104,48,48,1.0,0.0,0.0,34,0.37399882988395106,0.7443650224558245,0.7136645957895287,0.7086637999708386,经过处理的数据 / public-data surrogate; not author-run logs
NSGA-III,28,1909063,24,1152,48,48,1.0,0.0,0.0,25,0.37464106816950477,0.7443650224558245,0.7138500720892118,0.7086637999708386,经过处理的数据 / public-data surrogate; not author-run logs
NSGA-III,28,1909063,25,1200,48,48,1.0,0.0,0.0,32,0.3796570977455266,0.7465716811402087,0.7216673500427273,0.7086637999708386,经过处理的数据 / public-data surrogate; not author-run logs
NSGA-III,28,1909063,26,1248,48,48,1.0,0.0,0.0,43,0.3820650650281926,0.7488864718085158,0.7236409453757643,0.7086637999708386,经过处理的数据 / public-data surrogate; not author-run logs
NSGA-III,28,1909063,27,1296,48,48,1.0,0.0,0.0,48,0.39192595218810444,0.7549374856627197,0.732108698138226,0.7147819315613454,经过处理的数据 / public-data surrogate; not author-run logs
NSGA-III,28,1909063,28,1344,48,48,1.0,0.0,0.0,48,0.39670380555349244,0.7652007367630438,0.732108698138226,0.7147819315613454,经过处理的数据 / public-data surrogate; not author-run logs
NSGA-III,28,1909063,29,1392,48,48,1.0,0.0,0.0,44,0.39719583618860915,0.7652007367630438,0.732108698138226,0.7147819315613454,经过处理的数据 / public-data surrogate; not author-run logs
NSGA-III,28,1909063,30,1440,48,48,1.0,0.0,0.0,42,0.3979621601985141,0.7652007367630438,0.732579619299243,0.7147819315613454,经过处理的数据 / public-data surrogate; not author-run logs
NSGA-III,29,1909064,1,48,48,19,0.3958333333333333,0.12642948615754918,0.5775816811537604,9,0.212446655634762,0.5828776710253691,0.5863567039733786,0.6455615967895774,经过处理的数据 / public-data surrogate; not author-run logs
NSGA-III,29,1909064,2,96,48,43,0.8958333333333334,0.0018517414264314312,0.02571931072437028,9,0.22085819642218976,0.5912491560121412,0.5875201790067548,0.6525600137651755,经过处理的数据 / public-data surrogate; not author-run logs
NSGA-III,29,1909064,3,144,48,48,1.0,0.0,0.0,15,0.22788635839383126,0.5912491560121412,0.6046711859214094,0.6525600137651755,经过处理的数据 / public-data surrogate; not author-run logs
NSGA-III,29,1909064,4,192,48,48,1.0,0.0,0.0,18,0.22882794195458245,0.5912491560121412,0.6046711859214094,0.6525600137651755,经过处理的数据 / public-data surrogate; not author-run logs
NSGA-III,29,1909064,5,240,48,48,1.0,0.0,0.0,20,0.23697212217289415,0.6081456132127026,0.6069301212521462,0.6525600137651755,经过处理的数据 / public-data surrogate; not author-run logs
NSGA-III,29,1909064,6,288,48,48,1.0,0.0,0.0,14,0.257960873410048,0.6126815209547172,0.6683920394124844,0.6531268588866854,经过处理的数据 / public-data surrogate; not author-run logs
NSGA-III,29,1909064,7,336,48,48,1.0,0.0,0.0,20,0.26330061665055055,0.6126815209547172,0.6683920394124844,0.6629321080764202,经过处理的数据 / public-data surrogate; not author-run logs
NSGA-III,29,1909064,8,384,48,48,1.0,0.0,0.0,14,0.27207976844785176,0.6184424006060393,0.6683920394124844,0.6748086173845439,经过处理的数据 / public-data surrogate; not author-run logs
NSGA-III,29,1909064,9,432,48,48,1.0,0.0,0.0,18,0.2779918465182434,0.6350765974905435,0.6683920394124844,0.6748086173845439,经过处理的数据 / public-data surrogate; not author-run logs
NSGA-III,29,1909064,10,480,48,48,1.0,0.0,0.0,21,0.28529024111574014,0.6519762095968067,0.6683920394124844,0.6748086173845439,经过处理的数据 / public-data surrogate; not author-run logs
NSGA-III,29,1909064,11,528,48,48,1.0,0.0,0.0,24,0.2917917521281899,0.6519762095968067,0.6748464082667104,0.6782376088572349,经过处理的数据 / public-data surrogate; not author-run logs
NSGA-III,29,1909064,12,576,48,48,1.0,0.0,0.0,23,0.2953068784407485,0.6568362310156729,0.6748464082667104,0.6790573609464174,经过处理的数据 / public-data surrogate; not author-run logs
NSGA-III,29,1909064,13,624,48,48,1.0,0.0,0.0,15,0.3120167485360122,0.6741111015961461,0.6890538167137595,0.6795100307436444,经过处理的数据 / public-data surrogate; not author-run logs
NSGA-III,29,1909064,14,672,48,48,1.0,0.0,0.0,24,0.31825667539878,0.6777811586581617,0.6983588270030918,0.6795100307436444,经过处理的数据 / public-data surrogate; not author-run logs
NSGA-III,29,1909064,15,720,48,48,1.0,0.0,0.0,24,0.3194683661137754,0.6777811586581617,0.6983588270030918,0.6810235091746099,经过处理的数据 / public-data surrogate; not author-run logs
NSGA-III,29,1909064,16,768,48,48,1.0,0.0,0.0,32,0.33930272252725846,0.6777811586581617,0.7296302309955539,0.6983735953632696,经过处理的数据 / public-data surrogate; not author-run logs
NSGA-III,29,1909064,17,816,48,48,1.0,0.0,0.0,47,0.3415322049210633,0.6815580347303241,0.7296302309955539,0.6983735953632696,经过处理的数据 / public-data surrogate; not author-run logs
NSGA-III,29,1909064,18,864,48,48,1.0,0.0,0.0,41,0.349633625075045,0.6899748175182301,0.7296302309955539,0.7091864852562841,经过处理的数据 / public-data surrogate; not author-run logs
NSGA-III,29,1909064,19,912,48,48,1.0,0.0,0.0,36,0.3507144285147218,0.6899748175182301,0.7296302309955539,0.7091864852562841,经过处理的数据 / public-data surrogate; not author-run logs
NSGA-III,29,1909064,20,960,48,48,1.0,0.0,0.0,36,0.35948814234071685,0.6966867657208541,0.7397830197414857,0.7123607474235494,经过处理的数据 / public-data surrogate; not author-run logs
NSGA-III,29,1909064,21,1008,48,48,1.0,0.0,0.0,33,0.36140830834906135,0.6966867657208541,0.7405330016030195,0.7123607474235494,经过处理的数据 / public-data surrogate; not author-run logs
NSGA-III,29,1909064,22,1056,48,48,1.0,0.0,0.0,36,0.372058797334113,0.7055545790151014,0.7442943555327126,0.7223714091431982,经过处理的数据 / public-data surrogate; not author-run logs
NSGA-III,29,1909064,23,1104,48,48,1.0,0.0,0.0,41,0.3813279293414424,0.7055545790151014,0.7651946565821749,0.7223714091431982,经过处理的数据 / public-data surrogate; not author-run logs
NSGA-III,29,1909064,24,1152,48,48,1.0,0.0,0.0,47,0.38396667598298106,0.7092503248617446,0.7651946565821749,0.7223714091431982,经过处理的数据 / public-data surrogate; not author-run logs
NSGA-III,29,1909064,25,1200,48,48,1.0,0.0,0.0,38,0.3916787892676568,0.7197935030231453,0.768955268183456,0.7223714091431982,经过处理的数据 / public-data surrogate; not author-run logs
NSGA-III,29,1909064,26,1248,48,48,1.0,0.0,0.0,34,0.39311031531663304,0.7197935030231453,0.768955268183456,0.7223714091431982,经过处理的数据 / public-data surrogate; not author-run logs
NSGA-III,29,1909064,27,1296,48,48,1.0,0.0,0.0,37,0.39632293605557545,0.7197935030231453,0.768955268183456,0.7288914965402544,经过处理的数据 / public-data surrogate; not author-run logs
NSGA-III,29,1909064,28,1344,48,48,1.0,0.0,0.0,42,0.3978302550657582,0.7213014799737438,0.768955268183456,0.7288914965402544,经过处理的数据 / public-data surrogate; not author-run logs
NSGA-III,29,1909064,29,1392,48,48,1.0,0.0,0.0,48,0.4035767630334893,0.7303864374324024,0.768955268183456,0.7288914965402544,经过处理的数据 / public-data surrogate; not author-run logs
NSGA-III,29,1909064,30,1440,48,48,1.0,0.0,0.0,48,0.4041472630884045,0.7303864374324024,0.768955268183456,0.7288914965402544,经过处理的数据 / public-data surrogate; not author-run logs
NSGA-III,30,1909065,1,48,48,13,0.2708333333333333,0.18513764475888947,0.7331346254861015,3,0.20160048257293633,0.575244181840451,0.5530625864833509,0.6423621601350551,经过处理的数据 / public-data surrogate; not author-run logs
NSGA-III,30,1909065,2,96,48,33,0.6875,0.009051633736350734,0.06684438307421736,6,0.2167812726138461,0.5786738846885088,0.5614086289339483,0.682774859388981,经过处理的数据 / public-data surrogate; not author-run logs
NSGA-III,30,1909065,3,144,48,48,1.0,0.0,0.0,15,0.22229513099320902,0.5819481658662212,0.5724764008246458,0.682774859388981,经过处理的数据 / public-data surrogate; not author-run logs
NSGA-III,30,1909065,4,192,48,48,1.0,0.0,0.0,14,0.24560815333032537,0.6049518498065201,0.619554334304307,0.682774859388981,经过处理的数据 / public-data surrogate; not author-run logs
NSGA-III,30,1909065,5,240,48,48,1.0,0.0,0.0,15,0.24934914521824372,0.6049518498065201,0.619554334304307,0.682774859388981,经过处理的数据 / public-data surrogate; not author-run logs
NSGA-III,30,1909065,6,288,48,48,1.0,0.0,0.0,19,0.2553656742636779,0.6133493959040092,0.6270868492341101,0.682774859388981,经过处理的数据 / public-data surrogate; not author-run logs
NSGA-III,30,1909065,7,336,48,48,1.0,0.0,0.0,23,0.25786386386648397,0.6175526565789018,0.6270868492341101,0.682774859388981,经过处理的数据 / public-data surrogate; not author-run logs
NSGA-III,30,1909065,8,384,48,48,1.0,0.0,0.0,22,0.2721755779037807,0.63702225798953,0.6381936413747848,0.682774859388981,经过处理的数据 / public-data surrogate; not author-run logs
NSGA-III,30,1909065,9,432,48,48,1.0,0.0,0.0,18,0.29304712621202716,0.6686718830198051,0.6501076578615572,0.6922561882028233,经过处理的数据 / public-data surrogate; not author-run logs
NSGA-III,30,1909065,10,480,48,48,1.0,0.0,0.0,21,0.30331822559312555,0.6919918927107661,0.6501076578615572,0.6922561882028233,经过处理的数据 / public-data surrogate; not author-run logs
NSGA-III,30,1909065,11,528,48,48,1.0,0.0,0.0,29,0.30534519416710926,0.694607830511788,0.6501076578615572,0.6922561882028233,经过处理的数据 / public-data surrogate; not author-run logs
NSGA-III,30,1909065,12,576,48,48,1.0,0.0,0.0,26,0.31219910705981085,0.694607830511788,0.6586451948909973,0.695306527113962,经过处理的数据 / public-data surrogate; not author-run logs
NSGA-III,30,1909065,13,624,48,48,1.0,0.0,0.0,28,0.3267098627346975,0.7038060041462252,0.6786015460284647,0.6990379824620402,经过处理的数据 / public-data surrogate; not author-run logs
NSGA-III,30,1909065,14,672,48,48,1.0,0.0,0.0,30,0.32818479623394387,0.7038060041462252,0.6786015460284647,0.6990379824620402,经过处理的数据 / public-data surrogate; not author-run logs
NSGA-III,30,1909065,15,720,48,48,1.0,0.0,0.0,26,0.33508056469179287,0.7046585211555602,0.6850889493955404,0.7017767120351307,经过处理的数据 / public-data surrogate; not author-run logs
NSGA-III,30,1909065,16,768,48,48,1.0,0.0,0.0,31,0.34311755562815355,0.7094570177656607,0.6959185900913075,0.7052972615650073,经过处理的数据 / public-data surrogate; not author-run logs
NSGA-III,30,1909065,17,816,48,48,1.0,0.0,0.0,35,0.3438267706985149,0.7094570177656607,0.6959185900913075,0.7052972615650073,经过处理的数据 / public-data surrogate; not author-run logs
NSGA-III,30,1909065,18,864,48,48,1.0,0.0,0.0,27,0.3561606448535361,0.7094570177656607,0.7200690540164552,0.7052972615650073,经过处理的数据 / public-data surrogate; not author-run logs
NSGA-III,30,1909065,19,912,48,48,1.0,0.0,0.0,28,0.36366188625935353,0.7221966034540456,0.7200690540164552,0.7083830612522107,经过处理的数据 / public-data surrogate; not author-run logs
NSGA-III,30,1909065,20,960,48,48,1.0,0.0,0.0,37,0.3803879640595119,0.7395326157783096,0.7417493430505131,0.7083830612522107,经过处理的数据 / public-data surrogate; not author-run logs
NSGA-III,30,1909065,21,1008,48,48,1.0,0.0,0.0,40,0.38098910254136875,0.7395326157783096,0.7417493430505131,0.7083830612522107,经过处理的数据 / public-data surrogate; not author-run logs
NSGA-III,30,1909065,22,1056,48,48,1.0,0.0,0.0,41,0.3882339207137261,0.7497898435399425,0.7417493430505131,0.710537508583966,经过处理的数据 / public-data surrogate; not author-run logs
NSGA-III,30,1909065,23,1104,48,48,1.0,0.0,0.0,40,0.3925121693860065,0.7497898435399425,0.7429225876708946,0.7151277997227123,经过处理的数据 / public-data surrogate; not author-run logs
NSGA-III,30,1909065,24,1152,48,48,1.0,0.0,0.0,48,0.3933449128206362,0.7497898435399425,0.7429225876708946,0.7155679413788598,经过处理的数据 / public-data surrogate; not author-run logs
NSGA-III,30,1909065,25,1200,48,48,1.0,0.0,0.0,48,0.3995315375710807,0.7497898435399425,0.747139872522949,0.7245752915696172,经过处理的数据 / public-data surrogate; not author-run logs
NSGA-III,30,1909065,26,1248,48,48,1.0,0.0,0.0,48,0.40162769974930856,0.7500570470157808,0.7489116098475206,0.7245752915696172,经过处理的数据 / public-data surrogate; not author-run logs
NSGA-III,30,1909065,27,1296,48,48,1.0,0.0,0.0,48,0.41197247610826837,0.7618668099411227,0.7584796245156874,0.7245752915696172,经过处理的数据 / public-data surrogate; not author-run logs
NSGA-III,30,1909065,28,1344,48,48,1.0,0.0,0.0,48,0.4129651915346819,0.7618668099411227,0.7584796245156874,0.7245752915696172,经过处理的数据 / public-data surrogate; not author-run logs
NSGA-III,30,1909065,29,1392,48,48,1.0,0.0,0.0,48,0.41482718948809794,0.7618668099411227,0.7617052228312167,0.7245752915696172,经过处理的数据 / public-data surrogate; not author-run logs
NSGA-III,30,1909065,30,1440,48,48,1.0,0.0,0.0,48,0.4211180186515887,0.7724513804293945,0.763199267082412,0.7254070161739519,经过处理的数据 / public-data surrogate; not author-run logs
MOEA/D,1,2009036,1,48,48,17,0.3541666666666667,0.14897727212844492,0.5388150540001986,9,0.1969995422919731,0.5714928710071292,0.549341771825102,0.6481039319568782,经过处理的数据 / public-data surrogate; not author-run logs
MOEA/D,1,2009036,2,96,48,48,1.0,0.0,0.0,21,0.18833075847209685,0.5509148393748495,0.5467024442233395,0.6254038165985125,经过处理的数据 / public-data surrogate; not author-run logs
MOEA/D,1,2009036,3,144,48,48,1.0,0.0,0.0,43,0.20117579286611498,0.566468482219926,0.5656780047356963,0.6286894303127917,经过处理的数据 / public-data surrogate; not author-run logs
MOEA/D,1,2009036,4,192,48,48,1.0,0.0,0.0,32,0.2022370464390364,0.5693166049228153,0.5656780047356963,0.6286894303127917,经过处理的数据 / public-data surrogate; not author-run logs
MOEA/D,1,2009036,5,240,48,48,1.0,0.0,0.0,28,0.20149931944942204,0.5693166049228153,0.5632140302042448,0.6287028619270808,经过处理的数据 / public-data surrogate; not author-run logs
MOEA/D,1,2009036,6,288,48,48,1.0,0.0,0.0,31,0.2024006143809572,0.569576370210206,0.5632140302042448,0.6311034813277063,经过处理的数据 / public-data surrogate; not author-run logs
MOEA/D,1,2009036,7,336,48,48,1.0,0.0,0.0,23,0.2046219934057349,0.5737466858598886,0.5652523446254358,0.6314261378907443,经过处理的数据 / public-data surrogate; not author-run logs
MOEA/D,1,2009036,8,384,48,48,1.0,0.0,0.0,35,0.2061981195138783,0.5748853726177361,0.5686104187364247,0.6314664446823812,经过处理的数据 / public-data surrogate; not author-run logs
MOEA/D,1,2009036,9,432,48,48,1.0,0.0,0.0,28,0.20686698994935546,0.5748853726177361,0.570520681993941,0.6314268705939374,经过处理的数据 / public-data surrogate; not author-run logs
MOEA/D,1,2009036,10,480,48,48,1.0,0.0,0.0,34,0.20721297610279318,0.5749335769437939,0.570520681993941,0.6324194205150168,经过处理的数据 / public-data surrogate; not author-run logs
MOEA/D,1,2009036,11,528,48,48,1.0,0.0,0.0,29,0.20784218479633929,0.576398232695161,0.570520681993941,0.6327490429989151,经过处理的数据 / public-data surrogate; not author-run logs
MOEA/D,1,2009036,12,576,48,48,1.0,0.0,0.0,28,0.2080131244813209,0.5766437656254084,0.570520681993941,0.6329690645785565,经过处理的数据 / public-data surrogate; not author-run logs
MOEA/D,1,2009036,13,624,48,48,1.0,0.0,0.0,37,0.20807793837230548,0.5766437656254084,0.570520681993941,0.6331404645626431,经过处理的数据 / public-data surrogate; not author-run logs
MOEA/D,1,2009036,14,672,48,48,1.0,0.0,0.0,34,0.2080718131820986,0.5761673160396932,0.570520681993941,0.6335833396552218,经过处理的数据 / public-data surrogate; not author-run logs
MOEA/D,1,2009036,15,720,48,48,1.0,0.0,0.0,39,0.20831378142234774,0.5761673160396932,0.5704190129225587,0.6344273610011475,经过处理的数据 / public-data surrogate; not author-run logs
MOEA/D,1,2009036,16,768,48,48,1.0,0.0,0.0,32,0.20841313714226578,0.5762995530087068,0.5704190129225587,0.6345686690746507,经过处理的数据 / public-data surrogate; not author-run logs
MOEA/D,1,2009036,17,816,48,48,1.0,0.0,0.0,35,0.2086443484981738,0.5762995530087068,0.5704190129225587,0.635303249205333,经过处理的数据 / public-data surrogate; not author-run logs
MOEA/D,1,2009036,18,864,48,48,1.0,0.0,0.0,38,0.20870376235135804,0.5762995530087068,0.5704190129225587,0.6354811173042549,经过处理的数据 / public-data surrogate; not author-run logs
MOEA/D,1,2009036,19,912,48,48,1.0,0.0,0.0,38,0.20870687870385513,0.5762995530087068,0.5704190129225587,0.6354811173042549,经过处理的数据 / public-data surrogate; not author-run logs
MOEA/D,1,2009036,20,960,48,48,1.0,0.0,0.0,39,0.20872459302127067,0.576355809470579,0.5704190129225587,0.6354828849613061,经过处理的数据 / public-data surrogate; not author-run logs
MOEA/D,1,2009036,21,1008,48,48,1.0,0.0,0.0,40,0.20883522879661884,0.576355809470579,0.5704190129225587,0.635822361963934,经过处理的数据 / public-data surrogate; not author-run logs
MOEA/D,1,2009036,22,1056,48,48,1.0,0.0,0.0,38,0.20883712066978694,0.576355809470579,0.5704190129225587,0.6358230543392887,经过处理的数据 / public-data surrogate; not author-run logs
MOEA/D,1,2009036,23,1104,48,48,1.0,0.0,0.0,38,0.20929927962877903,0.576355809470579,0.5717075283336581,0.6358397874831492,经过处理的数据 / public-data surrogate; not author-run logs
MOEA/D,1,2009036,24,1152,48,48,1.0,0.0,0.0,37,0.20895919204651642,0.576355809470579,0.5706798213523002,0.6358869558007871,经过处理的数据 / public-data surrogate; not author-run logs
MOEA/D,1,2009036,25,1200,48,48,1.0,0.0,0.0,37,0.2090043400364836,0.5764046581334656,0.5706798213523002,0.6359310416846246,经过处理的数据 / public-data surrogate; not author-run logs
MOEA/D,1,2009036,26,1248,48,48,1.0,0.0,0.0,30,0.20900526788048668,0.5764046581334656,0.5706798213523002,0.6359310416846246,经过处理的数据 / public-data surrogate; not author-run logs
MOEA/D,1,2009036,27,1296,48,48,1.0,0.0,0.0,38,0.20929055064914112,0.5771691358166429,0.5706798213523002,0.6360014705299264,经过处理的数据 / public-data surrogate; not author-run logs
MOEA/D,1,2009036,28,1344,48,48,1.0,0.0,0.0,37,0.2093442451351081,0.5771691358166429,0.5706798213523002,0.636169643422289,经过处理的数据 / public-data surrogate; not author-run logs
MOEA/D,1,2009036,29,1392,48,48,1.0,0.0,0.0,35,0.20934675384663587,0.5771691358166429,0.5706798213523002,0.636169643422289,经过处理的数据 / public-data surrogate; not author-run logs
MOEA/D,1,2009036,30,1440,48,48,1.0,0.0,0.0,34,0.20937179911869272,0.5771691358166429,0.5706798213523002,0.6362312709492299,经过处理的数据 / public-data surrogate; not author-run logs
MOEA/D,2,2009037,1,48,48,16,0.3333333333333333,0.1437267050889969,0.579392124743344,4,0.1928693391157617,0.5758481842952952,0.5548215125489239,0.609572324308928,经过处理的数据 / public-data surrogate; not author-run logs
MOEA/D,2,2009037,2,96,48,48,1.0,0.0,0.0,48,0.20370910171179993,0.5498572886982954,0.5794746215634731,0.6416891957652631,经过处理的数据 / public-data surrogate; not author-run logs
MOEA/D,2,2009037,3,144,48,48,1.0,0.0,0.0,44,0.20174513816357958,0.5445916158659876,0.5788466220443955,0.6416891957652631,经过处理的数据 / public-data surrogate; not author-run logs
MOEA/D,2,2009037,4,192,48,48,1.0,0.0,0.0,45,0.20344610576753847,0.5494540947530002,0.5788466220443955,0.6409156141610317,经过处理的数据 / public-data surrogate; not author-run logs
MOEA/D,2,2009037,5,240,48,48,1.0,0.0,0.0,40,0.20378503746987883,0.5503356020548901,0.5788466220443955,0.6409156141610317,经过处理的数据 / public-data surrogate; not author-run logs
MOEA/D,2,2009037,6,288,48,48,1.0,0.0,0.0,33,0.20370334530003797,0.5502776736176529,0.5788466220443955,0.6406795188005107,经过处理的数据 / public-data surrogate; not author-run logs
MOEA/D,2,2009037,7,336,48,48,1.0,0.0,0.0,39,0.20359647846290918,0.5502776736176529,0.5784285630276391,0.6406999886577794,经过处理的数据 / public-data surrogate; not author-run logs
MOEA/D,2,2009037,8,384,48,48,1.0,0.0,0.0,36,0.20384449995804765,0.5502805762194893,0.5784285630276391,0.6414730442426213,经过处理的数据 / public-data surrogate; not author-run logs
MOEA/D,2,2009037,9,432,48,48,1.0,0.0,0.0,40,0.20394420296232854,0.5510497582265034,0.577872142040459,0.6414730442426213,经过处理的数据 / public-data surrogate; not author-run logs
MOEA/D,2,2009037,10,480,48,48,1.0,0.0,0.0,42,0.20407154941180247,0.5510497582265034,0.5782206009522651,0.6414730442426213,经过处理的数据 / public-data surrogate; not author-run logs
MOEA/D,2,2009037,11,528,48,48,1.0,0.0,0.0,40,0.20525819006871993,0.5517837014750959,0.5807215420538774,0.6418443028750027,经过处理的数据 / public-data surrogate; not author-run logs
MOEA/D,2,2009037,12,576,48,48,1.0,0.0,0.0,39,0.20528839279197664,0.5517837014750959,0.5807215420538774,0.641922672658233,经过处理的数据 / public-data surrogate; not author-run logs
MOEA/D,2,2009037,13,624,48,48,1.0,0.0,0.0,40,0.20527476891132,0.5518912538913504,0.5805396427263504,0.641922672658233,经过处理的数据 / public-data surrogate; not author-run logs
MOEA/D,2,2009037,14,672,48,48,1.0,0.0,0.0,41,0.20527845316166543,0.5518912538913504,0.5805396427263504,0.641922672658233,经过处理的数据 / public-data surrogate; not author-run logs
MOEA/D,2,2009037,15,720,48,48,1.0,0.0,0.0,40,0.20528675094360085,0.5518912538913504,0.5805396427263504,0.641922672658233,经过处理的数据 / public-data surrogate; not author-run logs
MOEA/D,2,2009037,16,768,48,48,1.0,0.0,0.0,41,0.20557385282474444,0.5518912538913504,0.5805396427263504,0.6428422467951483,经过处理的数据 / public-data surrogate; not author-run logs
MOEA/D,2,2009037,17,816,48,48,1.0,0.0,0.0,42,0.2059068705558099,0.5526577190441507,0.5807171460152383,0.6428422467951483,经过处理的数据 / public-data surrogate; not author-run logs
MOEA/D,2,2009037,18,864,48,48,1.0,0.0,0.0,42,0.20592173340034978,0.5526577190441507,0.5807171460152383,0.6428422467951483,经过处理的数据 / public-data surrogate; not author-run logs
MOEA/D,2,2009037,19,912,48,48,1.0,0.0,0.0,43,0.205966313083746,0.5527066123513529,0.5807929847144488,0.6428422467951483,经过处理的数据 / public-data surrogate; not author-run logs
MOEA/D,2,2009037,20,960,48,48,1.0,0.0,0.0,41,0.20619430293734645,0.5528899726305156,0.5812709911885383,0.6428422467951483,经过处理的数据 / public-data surrogate; not author-run logs
MOEA/D,2,2009037,21,1008,48,48,1.0,0.0,0.0,41,0.20648043702413585,0.5528899726305156,0.5812709911885383,0.6437500909980864,经过处理的数据 / public-data surrogate; not author-run logs
MOEA/D,2,2009037,22,1056,48,48,1.0,0.0,0.0,42,0.20664445842598686,0.5528899726305156,0.5812709911885383,0.6442809395611576,经过处理的数据 / public-data surrogate; not author-run logs
MOEA/D,2,2009037,23,1104,48,48,1.0,0.0,0.0,43,0.2076610709361803,0.5528899726305156,0.5843374122327776,0.6443722464953963,经过处理的数据 / public-data surrogate; not author-run logs
MOEA/D,2,2009037,24,1152,48,48,1.0,0.0,0.0,44,0.20766369973736395,0.5528899726305156,0.5843374122327776,0.6443722464953963,经过处理的数据 / public-data surrogate; not author-run logs
MOEA/D,2,2009037,25,1200,48,48,1.0,0.0,0.0,38,0.20766776239655652,0.5528899726305156,0.5843374122327776,0.6443722464953963,经过处理的数据 / public-data surrogate; not author-run logs
MOEA/D,2,2009037,26,1248,48,48,1.0,0.0,0.0,41,0.20768893730413923,0.5528899726305156,0.5843374122327776,0.6444033782561247,经过处理的数据 / public-data surrogate; not author-run logs
MOEA/D,2,2009037,27,1296,48,48,1.0,0.0,0.0,41,0.20788170821097818,0.5534482375517897,0.5843374122327776,0.6443981226967502,经过处理的数据 / public-data surrogate; not author-run logs
MOEA/D,2,2009037,28,1344,48,48,1.0,0.0,0.0,42,0.20813364773500828,0.5534482375517897,0.58509537366623,0.6443981226967502,经过处理的数据 / public-data surrogate; not author-run logs
MOEA/D,2,2009037,29,1392,48,48,1.0,0.0,0.0,41,0.20817703980568467,0.5534482375517897,0.58509537366623,0.6445113388526365,经过处理的数据 / public-data surrogate; not author-run logs
MOEA/D,2,2009037,30,1440,48,48,1.0,0.0,0.0,41,0.20821760018981633,0.5534482375517897,0.5852130472072452,0.6445113388526365,经过处理的数据 / public-data surrogate; not author-run logs
MOEA/D,3,2009038,1,48,48,14,0.2916666666666667,0.1445418889336438,0.6044997911955745,3,0.1965578319195808,0.5866834889217727,0.5370098027543277,0.6350402467305696,经过处理的数据 / public-data surrogate; not author-run logs
MOEA/D,3,2009038,2,96,48,48,1.0,0.0,0.0,35,0.2067210587748855,0.5634903539863907,0.6182928270457935,0.5997501404218448,经过处理的数据 / public-data surrogate; not author-run logs
MOEA/D,3,2009038,3,144,48,48,1.0,0.0,0.0,39,0.2119792626382475,0.563857306425419,0.6284023353162499,0.6029998415876687,经过处理的数据 / public-data surrogate; not author-run logs
MOEA/D,3,2009038,4,192,48,48,1.0,0.0,0.0,36,0.2119824633876608,0.5687850157094949,0.6200861004191409,0.6039217973649805,经过处理的数据 / public-data surrogate; not author-run logs
MOEA/D,3,2009038,5,240,48,48,1.0,0.0,0.0,37,0.21857683441960515,0.5834631600598293,0.620910969269866,0.6053250898471255,经过处理的数据 / public-data surrogate; not author-run logs
MOEA/D,3,2009038,6,288,48,48,1.0,0.0,0.0,22,0.2226051253217351,0.5878378680886449,0.6274816581277602,0.6058602147575743,经过处理的数据 / public-data surrogate; not author-run logs
MOEA/D,3,2009038,7,336,48,48,1.0,0.0,0.0,27,0.2230517374365075,0.5878378680886449,0.6285656971116284,0.6058660420822773,经过处理的数据 / public-data surrogate; not author-run logs
MOEA/D,3,2009038,8,384,48,48,1.0,0.0,0.0,31,0.22325695321157898,0.5878378680886449,0.6285656971116284,0.6063800106332342,经过处理的数据 / public-data surrogate; not author-run logs
MOEA/D,3,2009038,9,432,48,48,1.0,0.0,0.0,31,0.2271212167602624,0.592989470104166,0.6334441505482213,0.6065630589209956,经过处理的数据 / public-data surrogate; not author-run logs
MOEA/D,3,2009038,10,480,48,48,1.0,0.0,0.0,35,0.22903929322686623,0.5981292065432251,0.6334322260531378,0.6065944251890163,经过处理的数据 / public-data surrogate; not author-run logs
MOEA/D,3,2009038,11,528,48,48,1.0,0.0,0.0,34,0.2287864729931639,0.597264626756695,0.6334322260531378,0.6066137312557347,经过处理的数据 / public-data surrogate; not author-run logs
MOEA/D,3,2009038,12,576,48,48,1.0,0.0,0.0,38,0.2294370125724596,0.597264626756695,0.6354744787584868,0.606563180702391,经过处理的数据 / public-data surrogate; not author-run logs
MOEA/D,3,2009038,13,624,48,48,1.0,0.0,0.0,34,0.2295373611014025,0.597264626756695,0.6354744787584868,0.6067044852381736,经过处理的数据 / public-data surrogate; not author-run logs
MOEA/D,3,2009038,14,672,48,48,1.0,0.0,0.0,30,0.22961933869801018,0.597264626756695,0.6354744787584868,0.6067044852381736,经过处理的数据 / public-data surrogate; not author-run logs
MOEA/D,3,2009038,15,720,48,48,1.0,0.0,0.0,34,0.22968115994662427,0.597264626756695,0.6354744787584868,0.6068080223393939,经过处理的数据 / public-data surrogate; not author-run logs
MOEA/D,3,2009038,16,768,48,48,1.0,0.0,0.0,35,0.22973539200365573,0.597264626756695,0.6355811877655294,0.6068080223393939,经过处理的数据 / public-data surrogate; not author-run logs
MOEA/D,3,2009038,17,816,48,48,1.0,0.0,0.0,32,0.23065362910244816,0.599248767952538,0.6362341083102834,0.6068080223393939,经过处理的数据 / public-data surrogate; not author-run logs
MOEA/D,3,2009038,18,864,48,48,1.0,0.0,0.0,35,0.23067485262996648,0.599248767952538,0.6362341083102834,0.6068428241456734,经过处理的数据 / public-data surrogate; not author-run logs
MOEA/D,3,2009038,19,912,48,48,1.0,0.0,0.0,32,0.2315359567915869,0.599248767952538,0.6386927949891421,0.6068486201211507,经过处理的数据 / public-data surrogate; not author-run logs
MOEA/D,3,2009038,20,960,48,48,1.0,0.0,0.0,31,0.23181619424477568,0.599248767952538,0.6394529378760102,0.6069480275506347,经过处理的数据 / public-data surrogate; not author-run logs
MOEA/D,3,2009038,21,1008,48,48,1.0,0.0,0.0,31,0.23225558435971982,0.599248767952538,0.6394529378760102,0.6081151227222683,经过处理的数据 / public-data surrogate; not author-run logs
MOEA/D,3,2009038,22,1056,48,48,1.0,0.0,0.0,32,0.23233046078318337,0.599248767952538,0.6394529378760102,0.6083175501546454,经过处理的数据 / public-data surrogate; not author-run logs
MOEA/D,3,2009038,23,1104,48,48,1.0,0.0,0.0,36,0.23280451655981033,0.599248767952538,0.6408443658819499,0.6083719275635062,经过处理的数据 / public-data surrogate; not author-run logs
MOEA/D,3,2009038,24,1152,48,48,1.0,0.0,0.0,37,0.23296535711739536,0.599248767952538,0.6408443658819499,0.6088307519505312,经过处理的数据 / public-data surrogate; not author-run logs
MOEA/D,3,2009038,25,1200,48,48,1.0,0.0,0.0,36,0.2330470667742681,0.599248767952538,0.6408443658819499,0.6090432830801475,经过处理的数据 / public-data surrogate; not author-run logs
MOEA/D,3,2009038,26,1248,48,48,1.0,0.0,0.0,36,0.23311151284404327,0.599248767952538,0.6408443658819499,0.6092332681784302,经过处理的数据 / public-data surrogate; not author-run logs
MOEA/D,3,2009038,27,1296,48,48,1.0,0.0,0.0,34,0.23319136875674615,0.599248767952538,0.6410584359811969,0.6092332681784302,经过处理的数据 / public-data surrogate; not author-run logs
MOEA/D,3,2009038,28,1344,48,48,1.0,0.0,0.0,35,0.23335284636344628,0.599248767952538,0.6415077055481305,0.6092558463219069,经过处理的数据 / public-data surrogate; not author-run logs
MOEA/D,3,2009038,29,1392,48,48,1.0,0.0,0.0,33,0.2339178760347747,0.6006540302416911,0.6414972227499272,0.6093980734817324,经过处理的数据 / public-data surrogate; not author-run logs
MOEA/D,3,2009038,30,1440,48,48,1.0,0.0,0.0,36,0.23400288876202888,0.6006540302416911,0.6414972227499272,0.609476494305145,经过处理的数据 / public-data surrogate; not author-run logs
MOEA/D,4,2009039,1,48,48,16,0.3333333333333333,0.14701777743569697,0.7711099964520545,6,0.19824612896570237,0.5464672097644047,0.5540471702374933,0.6632179546358397,经过处理的数据 / public-data surrogate; not author-run logs
MOEA/D,4,2009039,2,96,48,48,1.0,0.0,0.0,45,0.2264077494001614,0.5605877978075874,0.6059069127847612,0.6918221202402516,经过处理的数据 / public-data surrogate; not author-run logs
MOEA/D,4,2009039,3,144,48,48,1.0,0.0,0.0,41,0.23308547446856426,0.5722896467596528,0.6059069127847612,0.6918221202402516,经过处理的数据 / public-data surrogate; not author-run logs
MOEA/D,4,2009039,4,192,48,48,1.0,0.0,0.0,37,0.2364552306281702,0.5828143584119916,0.5940832790376384,0.6918221202402516,经过处理的数据 / public-data surrogate; not author-run logs
MOEA/D,4,2009039,5,240,48,48,1.0,0.0,0.0,41,0.24066142797989717,0.5828143584119916,0.6051737615902862,0.6918221202402516,经过处理的数据 / public-data surrogate; not author-run logs
MOEA/D,4,2009039,6,288,48,48,1.0,0.0,0.0,42,0.25547544948333656,0.6097495270762802,0.6051737615902862,0.7013893206702407,经过处理的数据 / public-data surrogate; not author-run logs
MOEA/D,4,2009039,7,336,48,48,1.0,0.0,0.0,42,0.2621724655842132,0.6122316478381823,0.6074538030364728,0.7121884360471338,经过处理的数据 / public-data surrogate; not author-run logs
MOEA/D,4,2009039,8,384,48,48,1.0,0.0,0.0,42,0.26363685416993576,0.6128374613209912,0.6085190271465201,0.7123555567513182,经过处理的数据 / public-data surrogate; not author-run logs
MOEA/D,4,2009039,9,432,48,48,1.0,0.0,0.0,44,0.26359567824927754,0.6128374613209912,0.608057463806206,0.7123555567513182,经过处理的数据 / public-data surrogate; not author-run logs
MOEA/D,4,2009039,10,480,48,48,1.0,0.0,0.0,40,0.26364456925013624,0.6128374613209912,0.608057463806206,0.7123555567513182,经过处理的数据 / public-data surrogate; not author-run logs
MOEA/D,4,2009039,11,528,48,48,1.0,0.0,0.0,38,0.26669083394375137,0.6136836060782819,0.6141863567797181,0.7123555567513182,经过处理的数据 / public-data surrogate; not author-run logs
MOEA/D,4,2009039,12,576,48,48,1.0,0.0,0.0,41,0.26689401690401426,0.6136836060782819,0.6141863567797181,0.7123555567513182,经过处理的数据 / public-data surrogate; not author-run logs
MOEA/D,4,2009039,13,624,48,48,1.0,0.0,0.0,42,0.26788624340953304,0.6154417439512047,0.614529590170338,0.7123555567513182,经过处理的数据 / public-data surrogate; not author-run logs
MOEA/D,4,2009039,14,672,48,48,1.0,0.0,0.0,43,0.26839289320561294,0.6154417439512047,0.6117748941893735,0.7166825555003208,经过处理的数据 / public-data surrogate; not author-run logs
MOEA/D,4,2009039,15,720,48,48,1.0,0.0,0.0,40,0.27096515597355375,0.621111298302741,0.6123685799681894,0.7166825555003208,经过处理的数据 / public-data surrogate; not author-run logs
MOEA/D,4,2009039,16,768,48,48,1.0,0.0,0.0,42,0.2710841257915697,0.621111298302741,0.6123685799681894,0.7166825555003208,经过处理的数据 / public-data surrogate; not author-run logs
MOEA/D,4,2009039,17,816,48,48,1.0,0.0,0.0,43,0.2714360649553955,0.621111298302741,0.6123685799681894,0.7166629385860702,经过处理的数据 / public-data surrogate; not author-run logs
MOEA/D,4,2009039,18,864,48,48,1.0,0.0,0.0,44,0.2724629809918735,0.6237085441410627,0.6123685799681894,0.7166629385860702,经过处理的数据 / public-data surrogate; not author-run logs
MOEA/D,4,2009039,19,912,48,48,1.0,0.0,0.0,41,0.2775529011410782,0.62800109427973,0.6123685799681894,0.7263496432224259,经过处理的数据 / public-data surrogate; not author-run logs
MOEA/D,4,2009039,20,960,48,48,1.0,0.0,0.0,44,0.27766958984584983,0.62800109427973,0.6123685799681894,0.7268050506166331,经过处理的数据 / public-data surrogate; not author-run logs
MOEA/D,4,2009039,21,1008,48,48,1.0,0.0,0.0,44,0.2780354207340052,0.6284972130430128,0.6123685799681894,0.7268050506166331,经过处理的数据 / public-data surrogate; not author-run logs
MOEA/D,4,2009039,22,1056,48,48,1.0,0.0,0.0,45,0.2781145638039847,0.6284972130430128,0.6123685799681894,0.7268050506166331,经过处理的数据 / public-data surrogate; not author-run logs
MOEA/D,4,2009039,23,1104,48,48,1.0,0.0,0.0,41,0.2781272640165267,0.6284972130430128,0.6123685799681894,0.7268050506166331,经过处理的数据 / public-data surrogate; not author-run logs
MOEA/D,4,2009039,24,1152,48,48,1.0,0.0,0.0,40,0.27779668503447225,0.6276383245142505,0.6123685799681894,0.7268050506166331,经过处理的数据 / public-data surrogate; not author-run logs
MOEA/D,4,2009039,25,1200,48,48,1.0,0.0,0.0,42,0.2778396680267493,0.6276383245142505,0.6123685799681894,0.7268050506166331,经过处理的数据 / public-data surrogate; not author-run logs
MOEA/D,4,2009039,26,1248,48,48,1.0,0.0,0.0,43,0.2780968194140345,0.6276383245142505,0.6123685799681894,0.7275888535008714,经过处理的数据 / public-data surrogate; not author-run logs
MOEA/D,4,2009039,27,1296,48,48,1.0,0.0,0.0,43,0.2783148813330799,0.6276383245142505,0.6123685799681894,0.7281930472452086,经过处理的数据 / public-data surrogate; not author-run logs
MOEA/D,4,2009039,28,1344,48,48,1.0,0.0,0.0,43,0.2783174493108105,0.6276383245142505,0.6123685799681894,0.7281930472452086,经过处理的数据 / public-data surrogate; not author-run logs
MOEA/D,4,2009039,29,1392,48,48,1.0,0.0,0.0,44,0.2780486227252924,0.6268292218795708,0.6123685799681894,0.7281930472452086,经过处理的数据 / public-data surrogate; not author-run logs
MOEA/D,4,2009039,30,1440,48,48,1.0,0.0,0.0,45,0.27882472480273207,0.628670388884917,0.6123685799681894,0.7281930472452086,经过处理的数据 / public-data surrogate; not author-run logs
MOEA/D,5,2009040,1,48,48,10,0.20833333333333334,0.19655431681527114,0.7065604187409318,6,0.19994548112852217,0.5740525622975194,0.5348886645797944,0.6658649010067138,经过处理的数据 / public-data surrogate; not author-run logs
MOEA/D,5,2009040,2,96,48,48,1.0,0.0,0.0,41,0.2103591734618954,0.6068900886857149,0.5411290528675893,0.6453018664553373,经过处理的数据 / public-data surrogate; not author-run logs
MOEA/D,5,2009040,3,144,48,48,1.0,0.0,0.0,32,0.22150726767300816,0.6231751594111856,0.5492598348527231,0.6494650523352447,经过处理的数据 / public-data surrogate; not author-run logs
MOEA/D,5,2009040,4,192,48,48,1.0,0.0,0.0,38,0.23331550251778085,0.6239470359033166,0.5776766550527661,0.6500519166139043,经过处理的数据 / public-data surrogate; not author-run logs
MOEA/D,5,2009040,5,240,48,48,1.0,0.0,0.0,44,0.2383960920760522,0.6272479651333243,0.5865074104878255,0.6500519166139043,经过处理的数据 / public-data surrogate; not author-run logs
MOEA/D,5,2009040,6,288,48,48,1.0,0.0,0.0,36,0.24591783806403866,0.6357743135642008,0.5931784270401066,0.654837535891049,经过处理的数据 / public-data surrogate; not author-run logs
MOEA/D,5,2009040,7,336,48,48,1.0,0.0,0.0,44,0.24880323602038448,0.6383828121575543,0.5931784270401066,0.6600401350283882,经过处理的数据 / public-data surrogate; not author-run logs
MOEA/D,5,2009040,8,384,48,48,1.0,0.0,0.0,41,0.24968849020725825,0.6383828121575543,0.5931784270401066,0.6615802178547584,经过处理的数据 / public-data surrogate; not author-run logs
MOEA/D,5,2009040,9,432,48,48,1.0,0.0,0.0,42,0.2503398968186936,0.6386608590191343,0.5936501057912609,0.662144103828481,经过处理的数据 / public-data surrogate; not author-run logs
MOEA/D,5,2009040,10,480,48,48,1.0,0.0,0.0,46,0.25312911897212265,0.6456349473911704,0.5931784270401066,0.6635279635120266,经过处理的数据 / public-data surrogate; not author-run logs
MOEA/D,5,2009040,11,528,48,48,1.0,0.0,0.0,43,0.25150033408690786,0.6390986884295973,0.5949325993215104,0.6635279635120266,经过处理的数据 / public-data surrogate; not author-run logs
MOEA/D,5,2009040,12,576,48,48,1.0,0.0,0.0,46,0.2526177304864192,0.6418297107469941,0.5949325993215104,0.6635279635120266,经过处理的数据 / public-data surrogate; not author-run logs
MOEA/D,5,2009040,13,624,48,48,1.0,0.0,0.0,44,0.2545857090455346,0.6472325121449529,0.5949325993215104,0.6635279635120266,经过处理的数据 / public-data surrogate; not author-run logs
MOEA/D,5,2009040,14,672,48,48,1.0,0.0,0.0,44,0.25445621662997064,0.6467599697340829,0.5949325993215104,0.6635279635120266,经过处理的数据 / public-data surrogate; not author-run logs
MOEA/D,5,2009040,15,720,48,48,1.0,0.0,0.0,43,0.2549503179164828,0.6467599697340829,0.595730397444506,0.6635279635120266,经过处理的数据 / public-data surrogate; not author-run logs
MOEA/D,5,2009040,16,768,48,48,1.0,0.0,0.0,43,0.25593115426587504,0.6494842511662049,0.595730397444506,0.6635279635120266,经过处理的数据 / public-data surrogate; not author-run logs
MOEA/D,5,2009040,17,816,48,48,1.0,0.0,0.0,46,0.2563714653330714,0.6498095354954707,0.595730397444506,0.6643642347860219,经过处理的数据 / public-data surrogate; not author-run logs
MOEA/D,5,2009040,18,864,48,48,1.0,0.0,0.0,45,0.2563863863405961,0.6498095354954707,0.595730397444506,0.6643642347860219,经过处理的数据 / public-data surrogate; not author-run logs
MOEA/D,5,2009040,19,912,48,48,1.0,0.0,0.0,45,0.2552242018848873,0.6498095354954707,0.595730397444506,0.6609043044344292,经过处理的数据 / public-data surrogate; not author-run logs
MOEA/D,5,2009040,20,960,48,48,1.0,0.0,0.0,44,0.2562333312768673,0.6498095354954707,0.595730397444506,0.6636988594810214,经过处理的数据 / public-data surrogate; not author-run logs
MOEA/D,5,2009040,21,1008,48,48,1.0,0.0,0.0,44,0.25624128792230466,0.6497603097649414,0.5957813127343209,0.6636988594810214,经过处理的数据 / public-data surrogate; not author-run logs
MOEA/D,5,2009040,22,1056,48,48,1.0,0.0,0.0,46,0.25627835182510306,0.6497603097649414,0.5957813127343209,0.6636988594810214,经过处理的数据 / public-data surrogate; not author-run logs
MOEA/D,5,2009040,23,1104,48,48,1.0,0.0,0.0,48,0.25968050360171097,0.6538389514667983,0.6007939961231821,0.6636988594810214,经过处理的数据 / public-data surrogate; not author-run logs
MOEA/D,5,2009040,24,1152,48,48,1.0,0.0,0.0,47,0.2600730833791971,0.6546632489619753,0.6007939961231821,0.6636988594810214,经过处理的数据 / public-data surrogate; not author-run logs
MOEA/D,5,2009040,25,1200,48,48,1.0,0.0,0.0,47,0.26036885736964926,0.6554430676524425,0.6007939961231821,0.6636988594810214,经过处理的数据 / public-data surrogate; not author-run logs
MOEA/D,5,2009040,26,1248,48,48,1.0,0.0,0.0,47,0.2604224796077958,0.6554430676524425,0.6007939961231821,0.6636988594810214,经过处理的数据 / public-data surrogate; not author-run logs
MOEA/D,5,2009040,27,1296,48,48,1.0,0.0,0.0,47,0.2604302308693335,0.6554430676524425,0.6007939961231821,0.6636988594810214,经过处理的数据 / public-data surrogate; not author-run logs
MOEA/D,5,2009040,28,1344,48,48,1.0,0.0,0.0,46,0.2609356805550577,0.6554430676524425,0.6001235797662605,0.6656880769781699,经过处理的数据 / public-data surrogate; not author-run logs
MOEA/D,5,2009040,29,1392,48,48,1.0,0.0,0.0,46,0.2610070391709364,0.6554430676524425,0.6001235797662605,0.6656880769781699,经过处理的数据 / public-data surrogate; not author-run logs
MOEA/D,5,2009040,30,1440,48,48,1.0,0.0,0.0,46,0.2610209687034506,0.6554430676524425,0.6001235797662605,0.6656880769781699,经过处理的数据 / public-data surrogate; not author-run logs
MOEA/D,6,2009041,1,48,48,14,0.2916666666666667,0.20309694196252837,0.7077627284356707,6,0.21158726032738015,0.6037598534885071,0.5769596464730682,0.6280542537476627,经过处理的数据 / public-data surrogate; not author-run logs
MOEA/D,6,2009041,2,96,48,48,1.0,0.0,0.0,37,0.21980289506136275,0.5799265880041616,0.6012415514797858,0.6403197887243344,经过处理的数据 / public-data surrogate; not author-run logs
MOEA/D,6,2009041,3,144,48,48,1.0,0.0,0.0,38,0.22467665492486932,0.5871136188441481,0.6012409413006607,0.6442624641021608,经过处理的数据 / public-data surrogate; not author-run logs
MOEA/D,6,2009041,4,192,48,48,1.0,0.0,0.0,38,0.2351841574486633,0.596470995452923,0.6316588829018661,0.6295003279519976,经过处理的数据 / public-data surrogate; not author-run logs
MOEA/D,6,2009041,5,240,48,48,1.0,0.0,0.0,44,0.23622592555335864,0.596470995452923,0.6316588829018661,0.6298183449099635,经过处理的数据 / public-data surrogate; not author-run logs
MOEA/D,6,2009041,6,288,48,48,1.0,0.0,0.0,46,0.24917487771259503,0.6111325716752352,0.6458872318676352,0.6360302016302658,经过处理的数据 / public-data surrogate; not author-run logs
MOEA/D,6,2009041,7,336,48,48,1.0,0.0,0.0,42,0.25194630574274873,0.6171158999162756,0.6458872318676352,0.6359317232848904,经过处理的数据 / public-data surrogate; not author-run logs
MOEA/D,6,2009041,8,384,48,48,1.0,0.0,0.0,40,0.25430261010840705,0.6227258928257248,0.6458872318676352,0.6357674522226782,经过处理的数据 / public-data surrogate; not author-run logs
MOEA/D,6,2009041,9,432,48,48,1.0,0.0,0.0,41,0.2658985404819958,0.6519567473680083,0.6458872318676352,0.6359176374610199,经过处理的数据 / public-data surrogate; not author-run logs
MOEA/D,6,2009041,10,480,48,48,1.0,0.0,0.0,46,0.26679642076481347,0.6519567473680083,0.6473551858645672,0.6356835134014974,经过处理的数据 / public-data surrogate; not author-run logs
MOEA/D,6,2009041,11,528,48,48,1.0,0.0,0.0,46,0.2670957050086091,0.6522766973967129,0.6473551858645672,0.6356835134014974,经过处理的数据 / public-data surrogate; not author-run logs
MOEA/D,6,2009041,12,576,48,48,1.0,0.0,0.0,39,0.26777429081015564,0.6535083607552418,0.6473551858645672,0.6356835134014974,经过处理的数据 / public-data surrogate; not author-run logs
MOEA/D,6,2009041,13,624,48,48,1.0,0.0,0.0,43,0.2678507357274321,0.6535083607552418,0.6473551858645672,0.6356835134014974,经过处理的数据 / public-data surrogate; not author-run logs
MOEA/D,6,2009041,14,672,48,48,1.0,0.0,0.0,42,0.26888329561155655,0.6551752262967213,0.648097525791683,0.6356835134014974,经过处理的数据 / public-data surrogate; not author-run logs
MOEA/D,6,2009041,15,720,48,48,1.0,0.0,0.0,45,0.26969320960243975,0.655882181798342,0.6492891911125601,0.6356835134014974,经过处理的数据 / public-data surrogate; not author-run logs
MOEA/D,6,2009041,16,768,48,48,1.0,0.0,0.0,42,0.26968843242776636,0.655882181798342,0.6492891911125601,0.6356835134014974,经过处理的数据 / public-data surrogate; not author-run logs
MOEA/D,6,2009041,17,816,48,48,1.0,0.0,0.0,41,0.2707699940005136,0.658579420409781,0.6492891911125601,0.6356835134014974,经过处理的数据 / public-data surrogate; not author-run logs
MOEA/D,6,2009041,18,864,48,48,1.0,0.0,0.0,45,0.2693773598506749,0.658579420409781,0.6492891911125601,0.6315932824525379,经过处理的数据 / public-data surrogate; not author-run logs
MOEA/D,6,2009041,19,912,48,48,1.0,0.0,0.0,45,0.26934609769150014,0.655882181798342,0.6492891911125601,0.6340836190833561,经过处理的数据 / public-data surrogate; not author-run logs
MOEA/D,6,2009041,20,960,48,48,1.0,0.0,0.0,45,0.26976231510344495,0.656891619789987,0.6492891911125601,0.6341139245929445,经过处理的数据 / public-data surrogate; not author-run logs
MOEA/D,6,2009041,21,1008,48,48,1.0,0.0,0.0,42,0.2705007658656905,0.6587359081256796,0.6492891911125601,0.6341139245929445,经过处理的数据 / public-data surrogate; not author-run logs
MOEA/D,6,2009041,22,1056,48,48,1.0,0.0,0.0,46,0.2710550976668558,0.6587359081256796,0.649747902467375,0.6349854180715439,经过处理的数据 / public-data surrogate; not author-run logs
MOEA/D,6,2009041,23,1104,48,48,1.0,0.0,0.0,45,0.2711704662667795,0.6587359081256796,0.649747902467375,0.635196762824582,经过处理的数据 / public-data surrogate; not author-run logs
MOEA/D,6,2009041,24,1152,48,48,1.0,0.0,0.0,46,0.2715115484331469,0.6587359081256796,0.6506145216924722,0.6352082329727013,经过处理的数据 / public-data surrogate; not author-run logs
MOEA/D,6,2009041,25,1200,48,48,1.0,0.0,0.0,45,0.27153957798408357,0.6586802715973481,0.6506145216924722,0.6352082329727013,经过处理的数据 / public-data surrogate; not author-run logs
MOEA/D,6,2009041,26,1248,48,48,1.0,0.0,0.0,45,0.27234545207105004,0.6605341500904605,0.6506145216924722,0.6353434588954413,经过处理的数据 / public-data surrogate; not author-run logs
MOEA/D,6,2009041,27,1296,48,48,1.0,0.0,0.0,45,0.2739566662270181,0.6605341500904605,0.6549952860991576,0.6353434588954413,经过处理的数据 / public-data surrogate; not author-run logs
MOEA/D,6,2009041,28,1344,48,48,1.0,0.0,0.0,45,0.27400848211398443,0.6605341500904605,0.6549952860991576,0.6353434588954413,经过处理的数据 / public-data surrogate; not author-run logs
MOEA/D,6,2009041,29,1392,48,48,1.0,0.0,0.0,45,0.27413273887827416,0.6605341500904605,0.6552268974197171,0.6353434588954413,经过处理的数据 / public-data surrogate; not author-run logs
MOEA/D,6,2009041,30,1440,48,48,1.0,0.0,0.0,46,0.27439255405988366,0.6605341500904605,0.6552268974197171,0.6359945930506561,经过处理的数据 / public-data surrogate; not author-run logs
MOEA/D,7,2009042,1,48,48,11,0.22916666666666666,0.20360913063538622,0.6384713089717378,3,0.19350602252791788,0.5402647541504961,0.5805434483825362,0.6204583747816306,经过处理的数据 / public-data surrogate; not author-run logs
MOEA/D,7,2009042,2,96,48,48,1.0,0.0,0.0,44,0.20074456213071895,0.5713630146666807,0.5556720617949346,0.6439261284613855,经过处理的数据 / public-data surrogate; not author-run logs
MOEA/D,7,2009042,3,144,48,48,1.0,0.0,0.0,45,0.2162926290503928,0.594694767994862,0.5815970410867733,0.6361821037154205,经过处理的数据 / public-data surrogate; not author-run logs
MOEA/D,7,2009042,4,192,48,48,1.0,0.0,0.0,44,0.22764952027030325,0.6077271714328951,0.5914278234752276,0.6426663149924878,经过处理的数据 / public-data surrogate; not author-run logs
MOEA/D,7,2009042,5,240,48,48,1.0,0.0,0.0,36,0.23516238687688748,0.6059907525816527,0.5914278234752276,0.6662804948700503,经过处理的数据 / public-data surrogate; not author-run logs
MOEA/D,7,2009042,6,288,48,48,1.0,0.0,0.0,34,0.24404187754516782,0.6209230496898596,0.6003480118543889,0.6662804948700503,经过处理的数据 / public-data surrogate; not author-run logs
MOEA/D,7,2009042,7,336,48,48,1.0,0.0,0.0,31,0.24590747519642298,0.6209230496898596,0.5997247192818291,0.6658855045344717,经过处理的数据 / public-data surrogate; not author-run logs
MOEA/D,7,2009042,8,384,48,48,1.0,0.0,0.0,36,0.2484428571461914,0.6209230496898596,0.6018470847285238,0.669240857035057,经过处理的数据 / public-data surrogate; not author-run logs
MOEA/D,7,2009042,9,432,48,48,1.0,0.0,0.0,38,0.2526807061656557,0.6219581530689362,0.6103482272162292,0.669240857035057,经过处理的数据 / public-data surrogate; not author-run logs
MOEA/D,7,2009042,10,480,48,48,1.0,0.0,0.0,44,0.2525866840342953,0.6209230496898596,0.6103482272162292,0.669240857035057,经过处理的数据 / public-data surrogate; not author-run logs
MOEA/D,7,2009042,11,528,48,48,1.0,0.0,0.0,42,0.25395997489789307,0.6204707873700056,0.609725875941454,0.6728530426755961,经过处理的数据 / public-data surrogate; not author-run logs
MOEA/D,7,2009042,12,576,48,48,1.0,0.0,0.0,34,0.2563705715274715,0.6255431127888511,0.6108129745540001,0.6727850911792947,经过处理的数据 / public-data surrogate; not author-run logs
MOEA/D,7,2009042,13,624,48,48,1.0,0.0,0.0,37,0.2589914768343552,0.633429781518438,0.6097170060405311,0.6727164968936279,经过处理的数据 / public-data surrogate; not author-run logs
MOEA/D,7,2009042,14,672,48,48,1.0,0.0,0.0,41,0.25902819868658467,0.633429781518438,0.6097170060405311,0.6727164968936279,经过处理的数据 / public-data surrogate; not author-run logs
MOEA/D,7,2009042,15,720,48,48,1.0,0.0,0.0,43,0.2597376502167544,0.6341791828614857,0.6106817823811622,0.6727164968936279,经过处理的数据 / public-data surrogate; not author-run logs
MOEA/D,7,2009042,16,768,48,48,1.0,0.0,0.0,41,0.2609671773192913,0.6341791828614857,0.6106817823811622,0.6751961976916036,经过处理的数据 / public-data surrogate; not author-run logs
MOEA/D,7,2009042,17,816,48,48,1.0,0.0,0.0,40,0.2617523201039314,0.6348632527668849,0.6119093470331768,0.6751961976916036,经过处理的数据 / public-data surrogate; not author-run logs
MOEA/D,7,2009042,18,864,48,48,1.0,0.0,0.0,40,0.26184983214948815,0.6348632527668849,0.6120612418806826,0.6751961976916036,经过处理的数据 / public-data surrogate; not author-run logs
MOEA/D,7,2009042,19,912,48,48,1.0,0.0,0.0,38,0.2632551037224022,0.6384651604657938,0.6120612418806826,0.6752909213458198,经过处理的数据 / public-data surrogate; not author-run logs
MOEA/D,7,2009042,20,960,48,48,1.0,0.0,0.0,40,0.2638699524262706,0.6399963737091056,0.6120612418806826,0.6753622306272653,经过处理的数据 / public-data surrogate; not author-run logs
MOEA/D,7,2009042,21,1008,48,48,1.0,0.0,0.0,40,0.2638821313032869,0.6399963737091056,0.6120612418806826,0.6753622306272653,经过处理的数据 / public-data surrogate; not author-run logs
MOEA/D,7,2009042,22,1056,48,48,1.0,0.0,0.0,39,0.2638882985866542,0.6399963737091056,0.6120612418806826,0.6753622306272653,经过处理的数据 / public-data surrogate; not author-run logs
MOEA/D,7,2009042,23,1104,48,48,1.0,0.0,0.0,41,0.26395970074005815,0.6399963737091056,0.6122149723377162,0.6753622306272653,经过处理的数据 / public-data surrogate; not author-run logs
MOEA/D,7,2009042,24,1152,48,48,1.0,0.0,0.0,40,0.265267132493349,0.6399963737091056,0.6155819516296104,0.6753622306272653,经过处理的数据 / public-data surrogate; not author-run logs
MOEA/D,7,2009042,25,1200,48,48,1.0,0.0,0.0,40,0.26490090752351586,0.6389532919998938,0.6155819516296104,0.6754236955467205,经过处理的数据 / public-data surrogate; not author-run logs
MOEA/D,7,2009042,26,1248,48,48,1.0,0.0,0.0,38,0.26490527845222117,0.6389532919998938,0.6155819516296104,0.6754236955467205,经过处理的数据 / public-data surrogate; not author-run logs
MOEA/D,7,2009042,27,1296,48,48,1.0,0.0,0.0,39,0.2650815856303033,0.6394115625252441,0.6155819516296104,0.6754236955467205,经过处理的数据 / public-data surrogate; not author-run logs
MOEA/D,7,2009042,28,1344,48,48,1.0,0.0,0.0,40,0.2650853959343376,0.6394115625252441,0.6155819516296104,0.6754236955467205,经过处理的数据 / public-data surrogate; not author-run logs
MOEA/D,7,2009042,29,1392,48,48,1.0,0.0,0.0,40,0.2650933519983913,0.6394115625252441,0.6155819516296104,0.6754236955467205,经过处理的数据 / public-data surrogate; not author-run logs
MOEA/D,7,2009042,30,1440,48,48,1.0,0.0,0.0,40,0.2651277501269338,0.6394115625252441,0.6155819516296104,0.675514237100623,经过处理的数据 / public-data surrogate; not author-run logs
MOEA/D,8,2009043,1,48,48,18,0.375,0.16999544520421908,0.5597505218164369,9,0.20333269256129607,0.5834002984967542,0.5627755372798879,0.642006625132042,经过处理的数据 / public-data surrogate; not author-run logs
MOEA/D,8,2009043,2,96,48,48,1.0,0.0,0.0,44,0.19530194636806114,0.5689283864866036,0.5357136001087732,0.6455685092301278,经过处理的数据 / public-data surrogate; not author-run logs
MOEA/D,8,2009043,3,144,48,48,1.0,0.0,0.0,31,0.2051040862125386,0.5792196471197876,0.5650264650221263,0.6276422378344589,经过处理的数据 / public-data surrogate; not author-run logs
MOEA/D,8,2009043,4,192,48,48,1.0,0.0,0.0,40,0.205175979626689,0.5792196471197876,0.5650264650221263,0.6278531359290617,经过处理的数据 / public-data surrogate; not author-run logs
MOEA/D,8,2009043,5,240,48,48,1.0,0.0,0.0,22,0.20464270057629852,0.5799371627958618,0.5619579694761518,0.628338845951528,经过处理的数据 / public-data surrogate; not author-run logs
MOEA/D,8,2009043,6,288,48,48,1.0,0.0,0.0,32,0.20487099898890784,0.5802358902500416,0.5620601292331975,0.6285945131339356,经过处理的数据 / public-data surrogate; not author-run logs
MOEA/D,8,2009043,7,336,48,48,1.0,0.0,0.0,21,0.205000089582858,0.580429072993877,0.5620601292331975,0.6287294586307708,经过处理的数据 / public-data surrogate; not author-run logs
MOEA/D,8,2009043,8,384,48,48,1.0,0.0,0.0,19,0.20509394276728024,0.580429072993877,0.5623088538227898,0.6287294586307708,经过处理的数据 / public-data surrogate; not author-run logs
MOEA/D,8,2009043,9,432,48,48,1.0,0.0,0.0,31,0.20643288700894483,0.5827402083577301,0.5629442295609326,0.6297326393981819,经过处理的数据 / public-data surrogate; not author-run logs
MOEA/D,8,2009043,10,480,48,48,1.0,0.0,0.0,26,0.2065120078340702,0.5827402083577301,0.5629442295609326,0.6299647207032171,经过处理的数据 / public-data surrogate; not author-run logs
MOEA/D,8,2009043,11,528,48,48,1.0,0.0,0.0,31,0.20668105833988398,0.5827402083577301,0.5629442295609326,0.6304343873960154,经过处理的数据 / public-data surrogate; not author-run logs
MOEA/D,8,2009043,12,576,48,48,1.0,0.0,0.0,27,0.20687571821270556,0.5831288169358491,0.5629442295609326,0.6305848844950794,经过处理的数据 / public-data surrogate; not author-run logs
MOEA/D,8,2009043,13,624,48,48,1.0,0.0,0.0,25,0.2069418494770973,0.5833107296637886,0.5629442295609326,0.6305848844950794,经过处理的数据 / public-data surrogate; not author-run logs
MOEA/D,8,2009043,14,672,48,48,1.0,0.0,0.0,27,0.20698786590362903,0.5833107296637886,0.5629442295609326,0.6307220114239784,经过处理的数据 / public-data surrogate; not author-run logs
MOEA/D,8,2009043,15,720,48,48,1.0,0.0,0.0,32,0.2069965432532736,0.5833107296637886,0.5629442295609326,0.630739077709975,经过处理的数据 / public-data surrogate; not author-run logs
MOEA/D,8,2009043,16,768,48,48,1.0,0.0,0.0,31,0.20709379012831938,0.5833107296637886,0.5631791259484329,0.6307535701289086,经过处理的数据 / public-data surrogate; not author-run logs
MOEA/D,8,2009043,17,816,48,48,1.0,0.0,0.0,26,0.2071104781432767,0.5833107296637886,0.5631791259484329,0.6308052518801146,经过处理的数据 / public-data surrogate; not author-run logs
MOEA/D,8,2009043,18,864,48,48,1.0,0.0,0.0,31,0.20714066133341094,0.5833107296637886,0.5631791259484329,0.6309023957652706,经过处理的数据 / public-data surrogate; not author-run logs
MOEA/D,8,2009043,19,912,48,48,1.0,0.0,0.0,30,0.20739585926415183,0.5837431301036843,0.5631791259484329,0.6312141716560618,经过处理的数据 / public-data surrogate; not author-run logs
MOEA/D,8,2009043,20,960,48,48,1.0,0.0,0.0,28,0.20760778563396784,0.5843127055594831,0.5631791259484329,0.6312424938973522,经过处理的数据 / public-data surrogate; not author-run logs
MOEA/D,8,2009043,21,1008,48,48,1.0,0.0,0.0,27,0.2080573491431077,0.5856055739119256,0.5631791259484329,0.6312559396613844,经过处理的数据 / public-data surrogate; not author-run logs
MOEA/D,8,2009043,22,1056,48,48,1.0,0.0,0.0,23,0.20802958723580386,0.5856055739119256,0.5630170856658963,0.6313005240179332,经过处理的数据 / public-data surrogate; not author-run logs
MOEA/D,8,2009043,23,1104,48,48,1.0,0.0,0.0,20,0.2080226685851703,0.5856055739119256,0.5630170856658963,0.6313028753949324,经过处理的数据 / public-data surrogate; not author-run logs
MOEA/D,8,2009043,24,1152,48,48,1.0,0.0,0.0,23,0.208067529033938,0.5856055739119256,0.5630170856658963,0.6313972984622404,经过处理的数据 / public-data surrogate; not author-run logs
MOEA/D,8,2009043,25,1200,48,48,1.0,0.0,0.0,29,0.20809546949900495,0.5856055739119256,0.5630170856658963,0.6314847942954811,经过处理的数据 / public-data surrogate; not author-run logs
MOEA/D,8,2009043,26,1248,48,48,1.0,0.0,0.0,30,0.20807741594852996,0.5856055739119256,0.5629523940688927,0.6314852099083768,经过处理的数据 / public-data surrogate; not author-run logs
MOEA/D,8,2009043,27,1296,48,48,1.0,0.0,0.0,26,0.20833030876893968,0.5856055739119256,0.5636695102852699,0.6314852099083768,经过处理的数据 / public-data surrogate; not author-run logs
MOEA/D,8,2009043,28,1344,48,48,1.0,0.0,0.0,26,0.20848648388173907,0.5856055739119256,0.564008622252434,0.6315974699473658,经过处理的数据 / public-data surrogate; not author-run logs
MOEA/D,8,2009043,29,1392,48,48,1.0,0.0,0.0,28,0.20850382758340444,0.5856055739119256,0.564008622252434,0.6316509461472544,经过处理的数据 / public-data surrogate; not author-run logs
MOEA/D,8,2009043,30,1440,48,48,1.0,0.0,0.0,30,0.20850422611922867,0.5856055739119256,0.564008622252434,0.6316509461472544,经过处理的数据 / public-data surrogate; not author-run logs
MOEA/D,9,2009044,1,48,48,16,0.3333333333333333,0.16100486864595417,0.6888923571666263,3,0.18967819614548542,0.5598845208916381,0.5351251363857775,0.6385086209421569,经过处理的数据 / public-data surrogate; not author-run logs
MOEA/D,9,2009044,2,96,48,48,1.0,0.0,0.0,31,0.18566856547240654,0.5334463633314614,0.5567982031145697,0.6338280532949765,经过处理的数据 / public-data surrogate; not author-run logs
MOEA/D,9,2009044,3,144,48,48,1.0,0.0,0.0,35,0.1961387307139331,0.5424401387153726,0.5787585841630123,0.6338280532949765,经过处理的数据 / public-data surrogate; not author-run logs
MOEA/D,9,2009044,4,192,48,48,1.0,0.0,0.0,33,0.19951362912763876,0.551120147329,0.5841938736805918,0.6206240932813578,经过处理的数据 / public-data surrogate; not author-run logs
MOEA/D,9,2009044,5,240,48,48,1.0,0.0,0.0,38,0.20513668358714018,0.5583994334117286,0.5929554688868837,0.6206240932813578,经过处理的数据 / public-data surrogate; not author-run logs
MOEA/D,9,2009044,6,288,48,48,1.0,0.0,0.0,21,0.21071988017310792,0.5541807373788525,0.6134677759133985,0.6200859665371474,经过处理的数据 / public-data surrogate; not author-run logs
MOEA/D,9,2009044,7,336,48,48,1.0,0.0,0.0,21,0.21146820763475482,0.5557369825688593,0.6135380516105337,0.6202398598682624,经过处理的数据 / public-data surrogate; not author-run logs
MOEA/D,9,2009044,8,384,48,48,1.0,0.0,0.0,31,0.2116228903020756,0.555731978867676,0.6135627141048691,0.6206740000678872,经过处理的数据 / public-data surrogate; not author-run logs
MOEA/D,9,2009044,9,432,48,48,1.0,0.0,0.0,27,0.2116300907344787,0.555731978867676,0.6135627141048691,0.6206925890376085,经过处理的数据 / public-data surrogate; not author-run logs
MOEA/D,9,2009044,10,480,48,48,1.0,0.0,0.0,22,0.21164985722616653,0.5557623279332944,0.6135627141048691,0.6207137465742211,经过处理的数据 / public-data surrogate; not author-run logs
MOEA/D,9,2009044,11,528,48,48,1.0,0.0,0.0,26,0.21175305945084927,0.5559837052303206,0.6135627141048691,0.6207703909031995,经过处理的数据 / public-data surrogate; not author-run logs
MOEA/D,9,2009044,12,576,48,48,1.0,0.0,0.0,31,0.21175560412532232,0.5559837052303206,0.6135627141048691,0.6207702469981733,经过处理的数据 / public-data surrogate; not author-run logs
MOEA/D,9,2009044,13,624,48,48,1.0,0.0,0.0,28,0.21183460931708795,0.5559837052303206,0.6135627141048691,0.6210027898329157,经过处理的数据 / public-data surrogate; not author-run logs
MOEA/D,9,2009044,14,672,48,48,1.0,0.0,0.0,19,0.21203565138880562,0.5564251310652307,0.6135627141048691,0.6211011570299675,经过处理的数据 / public-data surrogate; not author-run logs
MOEA/D,9,2009044,15,720,48,48,1.0,0.0,0.0,21,0.21203590007822662,0.5564251310652307,0.6135627141048691,0.6211011570299675,经过处理的数据 / public-data surrogate; not author-run logs
MOEA/D,9,2009044,16,768,48,48,1.0,0.0,0.0,19,0.21203590887131113,0.5564251310652307,0.6135627141048691,0.6211011570299675,经过处理的数据 / public-data surrogate; not author-run logs
MOEA/D,9,2009044,17,816,48,48,1.0,0.0,0.0,27,0.212036010121374,0.5564251310652307,0.6135627141048691,0.6211011570299675,经过处理的数据 / public-data surrogate; not author-run logs
MOEA/D,9,2009044,18,864,48,48,1.0,0.0,0.0,13,0.2121344218654489,0.5566431692957201,0.6135627141048691,0.6211391719363033,经过处理的数据 / public-data surrogate; not author-run logs
MOEA/D,9,2009044,19,912,48,48,1.0,0.0,0.0,25,0.21214210437247202,0.5566431692957201,0.6135627141048691,0.6211606322250253,经过处理的数据 / public-data surrogate; not author-run logs
MOEA/D,9,2009044,20,960,48,48,1.0,0.0,0.0,29,0.21214238956442089,0.5566431692957201,0.6135627141048691,0.621161145741739,经过处理的数据 / public-data surrogate; not author-run logs
MOEA/D,9,2009044,21,1008,48,48,1.0,0.0,0.0,29,0.2121453721271002,0.5566475736386968,0.6135627141048691,0.6211647439443164,经过处理的数据 / public-data surrogate; not author-run logs
MOEA/D,9,2009044,22,1056,48,48,1.0,0.0,0.0,28,0.2121525234315119,0.5566475736386968,0.6135627141048691,0.6211857369058049,经过处理的数据 / public-data surrogate; not author-run logs
MOEA/D,9,2009044,23,1104,48,48,1.0,0.0,0.0,24,0.21232688361751786,0.5566475736386968,0.6140499514449282,0.6212106863622844,经过处理的数据 / public-data surrogate; not author-run logs
MOEA/D,9,2009044,24,1152,48,48,1.0,0.0,0.0,21,0.2123831444777844,0.5567587261169334,0.6140499514449282,0.6212424516860822,经过处理的数据 / public-data surrogate; not author-run logs
MOEA/D,9,2009044,25,1200,48,48,1.0,0.0,0.0,11,0.21239387470616064,0.5567587261169334,0.6140499514449282,0.6212753065521519,经过处理的数据 / public-data surrogate; not author-run logs
MOEA/D,9,2009044,26,1248,48,48,1.0,0.0,0.0,26,0.21239721226638972,0.5567587261169334,0.6140499514449282,0.621285094190601,经过处理的数据 / public-data surrogate; not author-run logs
MOEA/D,9,2009044,27,1296,48,48,1.0,0.0,0.0,17,0.2123986367169562,0.5567587261169334,0.6140499514449282,0.6212891495043752,经过处理的数据 / public-data surrogate; not author-run logs
MOEA/D,9,2009044,28,1344,48,48,1.0,0.0,0.0,10,0.2124589957320853,0.5567587261169334,0.6140531830802413,0.6214466553262322,经过处理的数据 / public-data surrogate; not author-run logs
MOEA/D,9,2009044,29,1392,48,48,1.0,0.0,0.0,10,0.2124589957320853,0.5567587261169334,0.6140531830802413,0.6214466553262322,经过处理的数据 / public-data surrogate; not author-run logs
MOEA/D,9,2009044,30,1440,48,48,1.0,0.0,0.0,8,0.21256209521251915,0.5567587261169334,0.6143176463610027,0.6214807421120466,经过处理的数据 / public-data surrogate; not author-run logs
MOEA/D,10,2009045,1,48,48,14,0.2916666666666667,0.1406454800726956,0.7814913253213909,8,0.19265324207153461,0.6024737780884729,0.5396867125199807,0.6087462871174226,经过处理的数据 / public-data surrogate; not author-run logs
MOEA/D,10,2009045,2,96,48,48,1.0,0.0,0.0,31,0.21176669887683472,0.5920084884163321,0.5437319962627609,0.6624224753042902,经过处理的数据 / public-data surrogate; not author-run logs
MOEA/D,10,2009045,3,144,48,48,1.0,0.0,0.0,34,0.2265034391090922,0.6033718537602761,0.5657866757731209,0.6668912045770141,经过处理的数据 / public-data surrogate; not author-run logs
MOEA/D,10,2009045,4,192,48,48,1.0,0.0,0.0,28,0.22923059025603643,0.6124119955479719,0.5625587550581514,0.6657395737669027,经过处理的数据 / public-data surrogate; not author-run logs
MOEA/D,10,2009045,5,240,48,48,1.0,0.0,0.0,45,0.2282699817064241,0.6127264140738816,0.558963581528109,0.6665558707169925,经过处理的数据 / public-data surrogate; not author-run logs
MOEA/D,10,2009045,6,288,48,48,1.0,0.0,0.0,45,0.229090283503477,0.61310042907634,0.5605902088178494,0.6666106290931604,经过处理的数据 / public-data surrogate; not author-run logs
MOEA/D,10,2009045,7,336,48,48,1.0,0.0,0.0,46,0.2291330773961166,0.61310042907634,0.5606919407383458,0.6666106290931604,经过处理的数据 / public-data surrogate; not author-run logs
MOEA/D,10,2009045,8,384,48,48,1.0,0.0,0.0,42,0.22921884062914177,0.61310042907634,0.5608628744972384,0.6666581563535529,经过处理的数据 / public-data surrogate; not author-run logs
MOEA/D,10,2009045,9,432,48,48,1.0,0.0,0.0,40,0.22922874457753845,0.61310042907634,0.5608851167680803,0.6666581563535529,经过处理的数据 / public-data surrogate; not author-run logs
MOEA/D,10,2009045,10,480,48,48,1.0,0.0,0.0,44,0.22927001812100367,0.61310042907634,0.5609836205623727,0.6666601940590338,经过处理的数据 / public-data surrogate; not author-run logs
MOEA/D,10,2009045,11,528,48,48,1.0,0.0,0.0,47,0.22927059218696108,0.61310042907634,0.5609836205623727,0.6666601940590338,经过处理的数据 / public-data surrogate; not author-run logs
MOEA/D,10,2009045,12,576,48,48,1.0,0.0,0.0,41,0.2292711848557617,0.61310042907634,0.5609836205623727,0.6666601940590338,经过处理的数据 / public-data surrogate; not author-run logs
MOEA/D,10,2009045,13,624,48,48,1.0,0.0,0.0,47,0.22944141533101015,0.6133186530999144,0.5611802434221542,0.6666896827277268,经过处理的数据 / public-data surrogate; not author-run logs
MOEA/D,10,2009045,14,672,48,48,1.0,0.0,0.0,46,0.2293939123711076,0.613257481166309,0.5611113869574,0.6666973848180833,经过处理的数据 / public-data surrogate; not author-run logs
MOEA/D,10,2009045,15,720,48,48,1.0,0.0,0.0,45,0.22946110949827267,0.6134157930644293,0.5611113869574,0.6667219485336208,经过处理的数据 / public-data surrogate; not author-run logs
MOEA/D,10,2009045,16,768,48,48,1.0,0.0,0.0,47,0.2294620451121742,0.6134157930644293,0.5611113869574,0.6667219485336208,经过处理的数据 / public-data surrogate; not author-run logs
MOEA/D,10,2009045,17,816,48,48,1.0,0.0,0.0,41,0.22969083492429515,0.6138376225061183,0.5612903494228105,0.6667219485336208,经过处理的数据 / public-data surrogate; not author-run logs
MOEA/D,10,2009045,18,864,48,48,1.0,0.0,0.0,43,0.2296911236586875,0.6138376225061183,0.5612903494228105,0.6667219485336208,经过处理的数据 / public-data surrogate; not author-run logs
MOEA/D,10,2009045,19,912,48,48,1.0,0.0,0.0,44,0.2296874810699177,0.6138376225061183,0.5612903494228105,0.6667089974561875,经过处理的数据 / public-data surrogate; not author-run logs
MOEA/D,10,2009045,20,960,48,48,1.0,0.0,0.0,47,0.2296884230721001,0.6138376225061183,0.5612918371218012,0.6667089974561875,经过处理的数据 / public-data surrogate; not author-run logs
MOEA/D,10,2009045,21,1008,48,48,1.0,0.0,0.0,45,0.229722945135068,0.6138376225061183,0.5612918371218012,0.6668081318993787,经过处理的数据 / public-data surrogate; not author-run logs
MOEA/D,10,2009045,22,1056,48,48,1.0,0.0,0.0,45,0.22978408668892628,0.6138768831607374,0.5614076313423417,0.6668081318993787,经过处理的数据 / public-data surrogate; not author-run logs
MOEA/D,10,2009045,23,1104,48,48,1.0,0.0,0.0,46,0.2297932989240883,0.6138768831607374,0.5614211862870765,0.6668173890160161,经过处理的数据 / public-data surrogate; not author-run logs
MOEA/D,10,2009045,24,1152,48,48,1.0,0.0,0.0,45,0.22979059128856894,0.6138773317262655,0.5614211862870765,0.6668070735730172,经过处理的数据 / public-data surrogate; not author-run logs
MOEA/D,10,2009045,25,1200,48,48,1.0,0.0,0.0,46,0.22983621840574622,0.6140005788089398,0.5614211862870765,0.6668070735730172,经过处理的数据 / public-data surrogate; not author-run logs
MOEA/D,10,2009045,26,1248,48,48,1.0,0.0,0.0,46,0.2298729370534928,0.6140005788089398,0.5615105469123635,0.6668070735730172,经过处理的数据 / public-data surrogate; not author-run logs
MOEA/D,10,2009045,27,1296,48,48,1.0,0.0,0.0,46,0.22988140624498016,0.6140005788089398,0.5615105469123635,0.6668300905670417,经过处理的数据 / public-data surrogate; not author-run logs
MOEA/D,10,2009045,28,1344,48,48,1.0,0.0,0.0,43,0.22988547862892988,0.6140005788089398,0.5615105469123635,0.6668406946314857,经过处理的数据 / public-data surrogate; not author-run logs
MOEA/D,10,2009045,29,1392,48,48,1.0,0.0,0.0,47,0.22990341264231737,0.6140005788089398,0.5615169113191103,0.666886014358625,经过处理的数据 / public-data surrogate; not author-run logs
MOEA/D,10,2009045,30,1440,48,48,1.0,0.0,0.0,45,0.22993067198999764,0.6140005788089398,0.5615285303337317,0.6669515030294642,经过处理的数据 / public-data surrogate; not author-run logs
MOEA/D,11,2009046,1,48,48,11,0.22916666666666666,0.15275000542687192,0.5749174573105036,6,0.1900558400121259,0.589026790046708,0.5496262450089593,0.595067526913547,经过处理的数据 / public-data surrogate; not author-run logs
MOEA/D,11,2009046,2,96,48,48,1.0,0.0,0.0,40,0.18907408986585547,0.589026790046708,0.533650412781608,0.6154149561516529,经过处理的数据 / public-data surrogate; not author-run logs
MOEA/D,11,2009046,3,144,48,48,1.0,0.0,0.0,40,0.20052369275533333,0.5699335026730723,0.5565008882004104,0.6346459931376214,经过处理的数据 / public-data surrogate; not author-run logs
MOEA/D,11,2009046,4,192,48,48,1.0,0.0,0.0,41,0.216924738978837,0.5674830524931109,0.6017591800339298,0.6366066549957448,经过处理的数据 / public-data surrogate; not author-run logs
MOEA/D,11,2009046,5,240,48,48,1.0,0.0,0.0,26,0.23032693610100605,0.5897667128710168,0.6063394582064401,0.6451550705994746,经过处理的数据 / public-data surrogate; not author-run logs
MOEA/D,11,2009046,6,288,48,48,1.0,0.0,0.0,37,0.23070928079155353,0.5902756205626839,0.6067966323844771,0.6451693951275715,经过处理的数据 / public-data surrogate; not author-run logs
MOEA/D,11,2009046,7,336,48,48,1.0,0.0,0.0,38,0.23138109743425778,0.5919304486207777,0.6067966323844771,0.6451693951275715,经过处理的数据 / public-data surrogate; not author-run logs
MOEA/D,11,2009046,8,384,48,48,1.0,0.0,0.0,34,0.23126903807387422,0.5924199237267983,0.6058177772389131,0.6451117723510723,经过处理的数据 / public-data surrogate; not author-run logs
MOEA/D,11,2009046,9,432,48,48,1.0,0.0,0.0,25,0.23128595251731152,0.5924199237267983,0.6058177772389131,0.6451117723510723,经过处理的数据 / public-data surrogate; not author-run logs
MOEA/D,11,2009046,10,480,48,48,1.0,0.0,0.0,23,0.23192264711882696,0.5940990591573226,0.6058177772389131,0.6451117723510723,经过处理的数据 / public-data surrogate; not author-run logs
MOEA/D,11,2009046,11,528,48,48,1.0,0.0,0.0,23,0.2320109879890141,0.5940990591573226,0.6062766080781536,0.6447277853009062,经过处理的数据 / public-data surrogate; not author-run logs
MOEA/D,11,2009046,12,576,48,48,1.0,0.0,0.0,20,0.23198977856404085,0.5944334485224887,0.6062766080781536,0.6442936836124866,经过处理的数据 / public-data surrogate; not author-run logs
MOEA/D,11,2009046,13,624,48,48,1.0,0.0,0.0,22,0.23229319819475858,0.5944334485224887,0.6071028698884444,0.6442803873746707,经过处理的数据 / public-data surrogate; not author-run logs
MOEA/D,11,2009046,14,672,48,48,1.0,0.0,0.0,23,0.2323164295196802,0.5944334485224887,0.6071028698884444,0.6442976020498192,经过处理的数据 / public-data surrogate; not author-run logs
MOEA/D,11,2009046,15,720,48,48,1.0,0.0,0.0,21,0.2323169062769694,0.5944334485224887,0.6071028698884444,0.6442976020498192,经过处理的数据 / public-data surrogate; not author-run logs
MOEA/D,11,2009046,16,768,48,48,1.0,0.0,0.0,21,0.23231893352835373,0.5944334485224887,0.6071028698884444,0.6442976020498192,经过处理的数据 / public-data surrogate; not author-run logs
MOEA/D,11,2009046,17,816,48,48,1.0,0.0,0.0,22,0.2321568976453426,0.5945116741838611,0.6065577758155938,0.6442976020498192,经过处理的数据 / public-data surrogate; not author-run logs
MOEA/D,11,2009046,18,864,48,48,1.0,0.0,0.0,24,0.23225188727104257,0.5945116741838611,0.6067920629483935,0.6442976020498192,经过处理的数据 / public-data surrogate; not author-run logs
MOEA/D,11,2009046,19,912,48,48,1.0,0.0,0.0,23,0.23232953990831953,0.5947255456798658,0.6067920629483935,0.6442745707109967,经过处理的数据 / public-data surrogate; not author-run logs
MOEA/D,11,2009046,20,960,48,48,1.0,0.0,0.0,27,0.23262778690068517,0.5947255456798658,0.6074029944918128,0.6444824360946135,经过处理的数据 / public-data surrogate; not author-run logs
MOEA/D,11,2009046,21,1008,48,48,1.0,0.0,0.0,25,0.2326281237512718,0.5947255456798658,0.6074029944918128,0.6444824360946135,经过处理的数据 / public-data surrogate; not author-run logs
MOEA/D,11,2009046,22,1056,48,48,1.0,0.0,0.0,32,0.23281099861340213,0.5947255456798658,0.607899694724962,0.6444824360946135,经过处理的数据 / public-data surrogate; not author-run logs
MOEA/D,11,2009046,23,1104,48,48,1.0,0.0,0.0,32,0.23285923238024664,0.5947255456798658,0.607899694724962,0.6446226062856345,经过处理的数据 / public-data surrogate; not author-run logs
MOEA/D,11,2009046,24,1152,48,48,1.0,0.0,0.0,31,0.23285593415120295,0.5947255456798658,0.6078868590321828,0.6446226062856345,经过处理的数据 / public-data surrogate; not author-run logs
MOEA/D,11,2009046,25,1200,48,48,1.0,0.0,0.0,32,0.23304039753446554,0.5947255456798658,0.6078868590321828,0.6451393922490352,经过处理的数据 / public-data surrogate; not author-run logs
MOEA/D,11,2009046,26,1248,48,48,1.0,0.0,0.0,33,0.2330400698172278,0.5947255456798658,0.6078776001828438,0.6451393922490352,经过处理的数据 / public-data surrogate; not author-run logs
MOEA/D,11,2009046,27,1296,48,48,1.0,0.0,0.0,32,0.23303330665769656,0.5947255456798658,0.6078776001828438,0.6451190762330536,经过处理的数据 / public-data surrogate; not author-run logs
MOEA/D,11,2009046,28,1344,48,48,1.0,0.0,0.0,32,0.23303425012965234,0.5947255456798658,0.6078776001828438,0.6451190762330536,经过处理的数据 / public-data surrogate; not author-run logs
MOEA/D,11,2009046,29,1392,48,48,1.0,0.0,0.0,33,0.23303866977722026,0.5947255456798658,0.6078776001828438,0.6451190762330536,经过处理的数据 / public-data surrogate; not author-run logs
MOEA/D,11,2009046,30,1440,48,48,1.0,0.0,0.0,32,0.23402641822083764,0.5947255456798658,0.6078776001828438,0.6479931627214452,经过处理的数据 / public-data surrogate; not author-run logs
MOEA/D,12,2009047,1,48,48,21,0.4375,0.12470980219679771,0.5647112825004281,8,0.2051932464827047,0.5761875741982054,0.5508026155584441,0.6693371625549952,经过处理的数据 / public-data surrogate; not author-run logs
MOEA/D,12,2009047,2,96,48,48,1.0,0.0,0.0,44,0.18623063863032122,0.552192588570987,0.5193488161886232,0.6503130695816816,经过处理的数据 / public-data surrogate; not author-run logs
MOEA/D,12,2009047,3,144,48,48,1.0,0.0,0.0,43,0.20210931450287997,0.5700934255679458,0.5426001108262407,0.6561663498151682,经过处理的数据 / public-data surrogate; not author-run logs
MOEA/D,12,2009047,4,192,48,48,1.0,0.0,0.0,40,0.20295715557233912,0.5725542294655963,0.5438543867966065,0.6534623100947039,经过处理的数据 / public-data surrogate; not author-run logs
MOEA/D,12,2009047,5,240,48,48,1.0,0.0,0.0,37,0.2029585675385174,0.5751073989262998,0.5404292575919186,0.6534623100947039,经过处理的数据 / public-data surrogate; not author-run logs
MOEA/D,12,2009047,6,288,48,48,1.0,0.0,0.0,39,0.20849048739739864,0.587677130280164,0.5423899272028132,0.6545809855975246,经过处理的数据 / public-data surrogate; not author-run logs
MOEA/D,12,2009047,7,336,48,48,1.0,0.0,0.0,33,0.21131956307324545,0.5905899491959249,0.542891621935841,0.6592481280466398,经过处理的数据 / public-data surrogate; not author-run logs
MOEA/D,12,2009047,8,384,48,48,1.0,0.0,0.0,34,0.21064306177372216,0.5883153656764604,0.5432737679441991,0.6591024285895125,经过处理的数据 / public-data surrogate; not author-run logs
MOEA/D,12,2009047,9,432,48,48,1.0,0.0,0.0,44,0.21147042609951705,0.5888560660918457,0.5448409561185854,0.659236699117575,经过处理的数据 / public-data surrogate; not author-run logs
MOEA/D,12,2009047,10,480,48,48,1.0,0.0,0.0,43,0.21206571820662154,0.5888594978009729,0.5459329419367842,0.6598128935239168,经过处理的数据 / public-data surrogate; not author-run logs
MOEA/D,12,2009047,11,528,48,48,1.0,0.0,0.0,39,0.212203335865219,0.5892309626034032,0.5459329419367842,0.659807054043476,经过处理的数据 / public-data surrogate; not author-run logs
MOEA/D,12,2009047,12,576,48,48,1.0,0.0,0.0,44,0.2143965803366385,0.5953184845685511,0.5459682279977962,0.6598378590872341,经过处理的数据 / public-data surrogate; not author-run logs
MOEA/D,12,2009047,13,624,48,48,1.0,0.0,0.0,39,0.2139715187290317,0.5940226096004091,0.5459682279977962,0.6599361684081116,经过处理的数据 / public-data surrogate; not author-run logs
MOEA/D,12,2009047,14,672,48,48,1.0,0.0,0.0,41,0.21425554911167086,0.5942648366010393,0.5459682279977962,0.6605319182899605,经过处理的数据 / public-data surrogate; not author-run logs
MOEA/D,12,2009047,15,720,48,48,1.0,0.0,0.0,40,0.2144750443659598,0.5948182532062216,0.5459682279977962,0.6605991286831044,经过处理的数据 / public-data surrogate; not author-run logs
MOEA/D,12,2009047,16,768,48,48,1.0,0.0,0.0,43,0.21478922419127672,0.5952905462213913,0.5463233167965951,0.6605991286831044,经过处理的数据 / public-data surrogate; not author-run logs
MOEA/D,12,2009047,17,816,48,48,1.0,0.0,0.0,40,0.21482348321975794,0.5952905462213913,0.5463233167965951,0.6606890025070753,经过处理的数据 / public-data surrogate; not author-run logs
MOEA/D,12,2009047,18,864,48,48,1.0,0.0,0.0,40,0.21540872012121215,0.5960645095625977,0.5471456320408086,0.6606890025070753,经过处理的数据 / public-data surrogate; not author-run logs
MOEA/D,12,2009047,19,912,48,48,1.0,0.0,0.0,38,0.21597155571851595,0.596926225964139,0.5477755727808361,0.6607272033886609,经过处理的数据 / public-data surrogate; not author-run logs
MOEA/D,12,2009047,20,960,48,48,1.0,0.0,0.0,45,0.21631008085484468,0.596926225964139,0.5486857379352973,0.660727989756173,经过处理的数据 / public-data surrogate; not author-run logs
MOEA/D,12,2009047,21,1008,48,48,1.0,0.0,0.0,41,0.21637497157466645,0.5971108213907143,0.5486857379352973,0.6607283434459044,经过处理的数据 / public-data surrogate; not author-run logs
MOEA/D,12,2009047,22,1056,48,48,1.0,0.0,0.0,42,0.21639486689016343,0.5971108213907143,0.5486857379352973,0.6607877323579953,经过处理的数据 / public-data surrogate; not author-run logs
MOEA/D,12,2009047,23,1104,48,48,1.0,0.0,0.0,40,0.2164705666936761,0.5971108213907143,0.5488213581132099,0.6608797917724581,经过处理的数据 / public-data surrogate; not author-run logs
MOEA/D,12,2009047,24,1152,48,48,1.0,0.0,0.0,40,0.21640879244666997,0.596926225964139,0.5488213581132099,0.6608797917724581,经过处理的数据 / public-data surrogate; not author-run logs
MOEA/D,12,2009047,25,1200,48,48,1.0,0.0,0.0,45,0.2166005353840974,0.596926225964139,0.5492026675781524,0.6610441418533658,经过处理的数据 / public-data surrogate; not author-run logs
MOEA/D,12,2009047,26,1248,48,48,1.0,0.0,0.0,42,0.21660135714320483,0.596926225964139,0.5492026675781524,0.6610441418533658,经过处理的数据 / public-data surrogate; not author-run logs
MOEA/D,12,2009047,27,1296,48,48,1.0,0.0,0.0,42,0.21661419953429004,0.596926225964139,0.5492026675781524,0.6610695046703498,经过处理的数据 / public-data surrogate; not author-run logs
MOEA/D,12,2009047,28,1344,48,48,1.0,0.0,0.0,41,0.21662512630456607,0.596926225964139,0.5492026675781524,0.6610883236992695,经过处理的数据 / public-data surrogate; not author-run logs
MOEA/D,12,2009047,29,1392,48,48,1.0,0.0,0.0,42,0.21663250515670399,0.596926225964139,0.5492026675781524,0.6611139355510613,经过处理的数据 / public-data surrogate; not author-run logs
MOEA/D,12,2009047,30,1440,48,48,1.0,0.0,0.0,43,0.21687285383994445,0.596926225964139,0.5494033037968917,0.6616105123697408,经过处理的数据 / public-data surrogate; not author-run logs
MOEA/D,13,2009048,1,48,48,14,0.2916666666666667,0.1301125336466883,0.4871760557466833,7,0.17270514737009227,0.5551447130379744,0.5142104208017395,0.6088321392058827,经过处理的数据 / public-data surrogate; not author-run logs
MOEA/D,13,2009048,2,96,48,48,1.0,0.0,0.0,33,0.1816969866523727,0.5752726861777719,0.5071355904757889,0.6296896606910147,经过处理的数据 / public-data surrogate; not author-run logs
MOEA/D,13,2009048,3,144,48,48,1.0,0.0,0.0,20,0.2104599215048152,0.5970085053663872,0.5695865979583781,0.6246380155387126,经过处理的数据 / public-data surrogate; not author-run logs
MOEA/D,13,2009048,4,192,48,48,1.0,0.0,0.0,34,0.21369996197671048,0.6010141009910651,0.5695865979583781,0.6270660576299568,经过处理的数据 / public-data surrogate; not author-run logs
MOEA/D,13,2009048,5,240,48,48,1.0,0.0,0.0,48,0.213238964562118,0.6010043969724438,0.5628295974792145,0.6304929413210074,经过处理的数据 / public-data surrogate; not author-run logs
MOEA/D,13,2009048,6,288,48,48,1.0,0.0,0.0,12,0.21428385734987782,0.6037961069342868,0.5628295974792145,0.6306221955040272,经过处理的数据 / public-data surrogate; not author-run logs
MOEA/D,13,2009048,7,336,48,48,1.0,0.0,0.0,29,0.215418197732551,0.6040483373478411,0.5652109194077821,0.6311204244738254,经过处理的数据 / public-data surrogate; not author-run logs
MOEA/D,13,2009048,8,384,48,48,1.0,0.0,0.0,32,0.2154207616546972,0.6040483373478411,0.5652109194077821,0.6311204244738254,经过处理的数据 / public-data surrogate; not author-run logs
MOEA/D,13,2009048,9,432,48,48,1.0,0.0,0.0,31,0.21548485944355633,0.6040483373478411,0.5652109194077821,0.6312392428177995,经过处理的数据 / public-data surrogate; not author-run logs
MOEA/D,13,2009048,10,480,48,48,1.0,0.0,0.0,40,0.21553388372441307,0.6040483373478411,0.5652109194077821,0.6313790636103386,经过处理的数据 / public-data surrogate; not author-run logs
MOEA/D,13,2009048,11,528,48,48,1.0,0.0,0.0,45,0.21643452865869248,0.6074217523566376,0.5654034234324481,0.6304165129452197,经过处理的数据 / public-data surrogate; not author-run logs
MOEA/D,13,2009048,12,576,48,48,1.0,0.0,0.0,41,0.2164343151274009,0.6074217523566376,0.5654034234324481,0.6304039715881746,经过处理的数据 / public-data surrogate; not author-run logs
MOEA/D,13,2009048,13,624,48,48,1.0,0.0,0.0,47,0.21643438209306504,0.6074217523566376,0.5654034234324481,0.6304039715881746,经过处理的数据 / public-data surrogate; not author-run logs
MOEA/D,13,2009048,14,672,48,48,1.0,0.0,0.0,47,0.21643418567381642,0.6074217523566376,0.5654034234324481,0.6304033816883255,经过处理的数据 / public-data surrogate; not author-run logs
MOEA/D,13,2009048,15,720,48,48,1.0,0.0,0.0,47,0.21643732271103788,0.6074217523566376,0.5654034234324481,0.6304070733360905,经过处理的数据 / public-data surrogate; not author-run logs
MOEA/D,13,2009048,16,768,48,48,1.0,0.0,0.0,46,0.2164342937875869,0.6074217523566376,0.5654034234324481,0.630398142549544,经过处理的数据 / public-data surrogate; not author-run logs
MOEA/D,13,2009048,17,816,48,48,1.0,0.0,0.0,47,0.21643919409813694,0.6074217523566376,0.5654034234324481,0.6304108749766473,经过处理的数据 / public-data surrogate; not author-run logs
MOEA/D,13,2009048,18,864,48,48,1.0,0.0,0.0,45,0.21650230430066764,0.6076001567429609,0.5653995319929801,0.6304108749766473,经过处理的数据 / public-data surrogate; not author-run logs
MOEA/D,13,2009048,19,912,48,48,1.0,0.0,0.0,47,0.21651259765290443,0.6076001567429609,0.5653995319929801,0.6304108749766473,经过处理的数据 / public-data surrogate; not author-run logs
MOEA/D,13,2009048,20,960,48,48,1.0,0.0,0.0,41,0.21652337233789473,0.6076001567429609,0.5653995319929801,0.6304411345218277,经过处理的数据 / public-data surrogate; not author-run logs
MOEA/D,13,2009048,21,1008,48,48,1.0,0.0,0.0,43,0.21652451044089369,0.6076001567429609,0.5653995319929801,0.6304411345218277,经过处理的数据 / public-data surrogate; not author-run logs
MOEA/D,13,2009048,22,1056,48,48,1.0,0.0,0.0,46,0.2165261944147128,0.6076001567429609,0.5653995319929801,0.6304411345218277,经过处理的数据 / public-data surrogate; not author-run logs
MOEA/D,13,2009048,23,1104,48,48,1.0,0.0,0.0,47,0.21662082348961606,0.6077988054329486,0.5654711940919521,0.6304411345218277,经过处理的数据 / public-data surrogate; not author-run logs
MOEA/D,13,2009048,24,1152,48,48,1.0,0.0,0.0,48,0.21664009542794194,0.6077988054329486,0.5654711940919521,0.6304924385316257,经过处理的数据 / public-data surrogate; not author-run logs
MOEA/D,13,2009048,25,1200,48,48,1.0,0.0,0.0,47,0.21680330840556833,0.6077988054329486,0.5654711940919521,0.6309694965656358,经过处理的数据 / public-data surrogate; not author-run logs
MOEA/D,13,2009048,26,1248,48,48,1.0,0.0,0.0,48,0.21680340385086472,0.6077988054329486,0.5654711940919521,0.6309694965656358,经过处理的数据 / public-data surrogate; not author-run logs
MOEA/D,13,2009048,27,1296,48,48,1.0,0.0,0.0,48,0.21680351803166345,0.6077988054329486,0.5654711940919521,0.6309694965656358,经过处理的数据 / public-data surrogate; not author-run logs
MOEA/D,13,2009048,28,1344,48,48,1.0,0.0,0.0,47,0.2171685601344392,0.6085977347854334,0.5657286019175332,0.6309695711566006,经过处理的数据 / public-data surrogate; not author-run logs
MOEA/D,13,2009048,29,1392,48,48,1.0,0.0,0.0,47,0.21717032684985665,0.6085977347854334,0.5657286019175332,0.6309695711566006,经过处理的数据 / public-data surrogate; not author-run logs
MOEA/D,13,2009048,30,1440,48,48,1.0,0.0,0.0,48,0.21717146858234337,0.6085977347854334,0.5657286019175332,0.6309695711566006,经过处理的数据 / public-data surrogate; not author-run logs
MOEA/D,14,2009049,1,48,48,12,0.25,0.17734354898413054,0.6530817792623311,3,0.17515872878139022,0.5672179308824025,0.508289421474462,0.6121188681843494,经过处理的数据 / public-data surrogate; not author-run logs
MOEA/D,14,2009049,2,96,48,48,1.0,0.0,0.0,31,0.19308633434783187,0.5495851557055241,0.5523229279842444,0.6391687249803295,经过处理的数据 / public-data surrogate; not author-run logs
MOEA/D,14,2009049,3,144,48,48,1.0,0.0,0.0,43,0.2100851847036139,0.5553483011033146,0.59855155432053,0.6391687249803295,经过处理的数据 / public-data surrogate; not author-run logs
MOEA/D,14,2009049,4,192,48,48,1.0,0.0,0.0,9,0.2247296293297172,0.5646438443490318,0.646369821450457,0.6158033211548134,经过处理的数据 / public-data surrogate; not author-run logs
MOEA/D,14,2009049,5,240,48,48,1.0,0.0,0.0,17,0.22834655662984008,0.5670462920556931,0.6536379729695508,0.6160822698591475,经过处理的数据 / public-data surrogate; not author-run logs
MOEA/D,14,2009049,6,288,48,48,1.0,0.0,0.0,17,0.23086880073533453,0.5735988067124497,0.6529275222896846,0.616453555096296,经过处理的数据 / public-data surrogate; not author-run logs
MOEA/D,14,2009049,7,336,48,48,1.0,0.0,0.0,21,0.23084302970061102,0.5739780997845492,0.6524179958743104,0.616453555096296,经过处理的数据 / public-data surrogate; not author-run logs
MOEA/D,14,2009049,8,384,48,48,1.0,0.0,0.0,18,0.23091033609270462,0.5743694038941076,0.6521272526153905,0.6164826849592514,经过处理的数据 / public-data surrogate; not author-run logs
MOEA/D,14,2009049,9,432,48,48,1.0,0.0,0.0,21,0.2309132881895863,0.5743732887284209,0.6521272526153905,0.61648599525236,经过处理的数据 / public-data surrogate; not author-run logs
MOEA/D,14,2009049,10,480,48,48,1.0,0.0,0.0,15,0.23091367868657853,0.5743733121704061,0.6521272526153905,0.6164872354777442,经过处理的数据 / public-data surrogate; not author-run logs
MOEA/D,14,2009049,11,528,48,48,1.0,0.0,0.0,20,0.23125399271221234,0.5746499030658897,0.652776837799311,0.616496714816726,经过处理的数据 / public-data surrogate; not author-run logs
MOEA/D,14,2009049,12,576,48,48,1.0,0.0,0.0,3,0.23127416026204406,0.5746895850089909,0.652776837799311,0.6165069731052049,经过处理的数据 / public-data surrogate; not author-run logs
MOEA/D,14,2009049,13,624,48,48,1.0,0.0,0.0,11,0.231468690728639,0.5747038727583004,0.6533126706275364,0.6165095450568039,经过处理的数据 / public-data surrogate; not author-run logs
MOEA/D,14,2009049,14,672,48,48,1.0,0.0,0.0,13,0.23134169778119362,0.5747054230828995,0.6529457940315824,0.6165095453823934,经过处理的数据 / public-data surrogate; not author-run logs
MOEA/D,14,2009049,15,720,48,48,1.0,0.0,0.0,21,0.2314777868061644,0.5750383092697472,0.6529457940315824,0.6165157349637813,经过处理的数据 / public-data surrogate; not author-run logs
MOEA/D,14,2009049,16,768,48,48,1.0,0.0,0.0,13,0.23159160497386688,0.5753100266582923,0.6529457940315824,0.6165233544393447,经过处理的数据 / public-data surrogate; not author-run logs
MOEA/D,14,2009049,17,816,48,48,1.0,0.0,0.0,20,0.23159160497386688,0.5753100266582923,0.6529457940315824,0.6165233544393447,经过处理的数据 / public-data surrogate; not author-run logs
MOEA/D,14,2009049,18,864,48,48,1.0,0.0,0.0,10,0.23171656323805576,0.5755987907519442,0.6529457940315824,0.6165433782568035,经过处理的数据 / public-data surrogate; not author-run logs
MOEA/D,14,2009049,19,912,48,48,1.0,0.0,0.0,9,0.23182999511114669,0.5758226785673004,0.6529913061154557,0.6165573246492573,经过处理的数据 / public-data surrogate; not author-run logs
MOEA/D,14,2009049,20,960,48,48,1.0,0.0,0.0,12,0.23182999511114669,0.5758226785673004,0.6529913061154557,0.6165573246492573,经过处理的数据 / public-data surrogate; not author-run logs
MOEA/D,14,2009049,21,1008,48,48,1.0,0.0,0.0,19,0.2319822881732466,0.5758394615489276,0.6534103692141511,0.6165581139084128,经过处理的数据 / public-data surrogate; not author-run logs
MOEA/D,14,2009049,22,1056,48,48,1.0,0.0,0.0,18,0.23198231588955226,0.5758394615489276,0.6534103692141511,0.6165581139084128,经过处理的数据 / public-data surrogate; not author-run logs
MOEA/D,14,2009049,23,1104,48,48,1.0,0.0,0.0,15,0.23226220675982898,0.5765124245069417,0.6534103692141511,0.6165795423472236,经过处理的数据 / public-data surrogate; not author-run logs
MOEA/D,14,2009049,24,1152,48,48,1.0,0.0,0.0,15,0.23226315033766093,0.5765147914016859,0.6534103692141511,0.6165795423472236,经过处理的数据 / public-data surrogate; not author-run logs
MOEA/D,14,2009049,25,1200,48,48,1.0,0.0,0.0,19,0.23287922697583513,0.5780000044313496,0.6534103692141511,0.616627032455557,经过处理的数据 / public-data surrogate; not author-run logs
MOEA/D,14,2009049,26,1248,48,48,1.0,0.0,0.0,21,0.2330970872692646,0.5780000044313496,0.6540314599706691,0.616627032455557,经过处理的数据 / public-data surrogate; not author-run logs
MOEA/D,14,2009049,27,1296,48,48,1.0,0.0,0.0,6,0.23311991275952657,0.578059313881226,0.6540314599706691,0.6166292499419798,经过处理的数据 / public-data surrogate; not author-run logs
MOEA/D,14,2009049,28,1344,48,48,1.0,0.0,0.0,16,0.23312012761913295,0.578059313881226,0.6540314599706691,0.6166297135335934,经过处理的数据 / public-data surrogate; not author-run logs
MOEA/D,14,2009049,29,1392,48,48,1.0,0.0,0.0,20,0.2331236011633827,0.5780650627903702,0.6540314599706691,0.6166307757409483,经过处理的数据 / public-data surrogate; not author-run logs
MOEA/D,14,2009049,30,1440,48,48,1.0,0.0,0.0,20,0.2331243458697005,0.5780650627903702,0.6540314599706691,0.6166327491375895,经过处理的数据 / public-data surrogate; not author-run logs
MOEA/D,15,2009050,1,48,48,16,0.3333333333333333,0.18754388109153605,0.8220609964701673,6,0.19075978005636732,0.5628557158445063,0.5559245459740996,0.6236337079034951,经过处理的数据 / public-data surrogate; not author-run logs
MOEA/D,15,2009050,2,96,48,48,1.0,0.0,0.0,25,0.18142996828348687,0.5513119183305467,0.5559245459740996,0.5951295473371664,经过处理的数据 / public-data surrogate; not author-run logs
MOEA/D,15,2009050,3,144,48,48,1.0,0.0,0.0,21,0.20779556597260093,0.5956751827039003,0.5834370114388358,0.599871110926264,经过处理的数据 / public-data surrogate; not author-run logs
MOEA/D,15,2009050,4,192,48,48,1.0,0.0,0.0,29,0.21198073336994652,0.6006116206077653,0.5934635659388425,0.5948658626515312,经过处理的数据 / public-data surrogate; not author-run logs
MOEA/D,15,2009050,5,240,48,48,1.0,0.0,0.0,26,0.21333919559217746,0.5995831566222126,0.5934635659388425,0.5998529649784496,经过处理的数据 / public-data surrogate; not author-run logs
MOEA/D,15,2009050,6,288,48,48,1.0,0.0,0.0,30,0.2139674765594635,0.5994323389732845,0.594137671923267,0.6009772430995486,经过处理的数据 / public-data surrogate; not author-run logs
MOEA/D,15,2009050,7,336,48,48,1.0,0.0,0.0,32,0.21458644450137532,0.59941162131069,0.595618472997379,0.6012564879924176,经过处理的数据 / public-data surrogate; not author-run logs
MOEA/D,15,2009050,8,384,48,48,1.0,0.0,0.0,30,0.2155117121363752,0.6019442385778164,0.595618472997379,0.6013492259457218,经过处理的数据 / public-data surrogate; not author-run logs
MOEA/D,15,2009050,9,432,48,48,1.0,0.0,0.0,25,0.21553996298421713,0.6019442385778164,0.595618472997379,0.6014281436918509,经过处理的数据 / public-data surrogate; not author-run logs
MOEA/D,15,2009050,10,480,48,48,1.0,0.0,0.0,30,0.2160285918039216,0.603305360112089,0.595618472997379,0.6014281436918509,经过处理的数据 / public-data surrogate; not author-run logs
MOEA/D,15,2009050,11,528,48,48,1.0,0.0,0.0,36,0.2161889045897691,0.603305360112089,0.595618472997379,0.6018423002001908,经过处理的数据 / public-data surrogate; not author-run logs
MOEA/D,15,2009050,12,576,48,48,1.0,0.0,0.0,33,0.21627814958640476,0.603305360112089,0.595618472997379,0.602089506608428,经过处理的数据 / public-data surrogate; not author-run logs
MOEA/D,15,2009050,13,624,48,48,1.0,0.0,0.0,32,0.21627826477809142,0.603305360112089,0.595618472997379,0.602089506608428,经过处理的数据 / public-data surrogate; not author-run logs
MOEA/D,15,2009050,14,672,48,48,1.0,0.0,0.0,31,0.2162787076941143,0.603305360112089,0.595618472997379,0.602089506608428,经过处理的数据 / public-data surrogate; not author-run logs
MOEA/D,15,2009050,15,720,48,48,1.0,0.0,0.0,31,0.21630265684746552,0.603305360112089,0.595618472997379,0.6021613197601599,经过处理的数据 / public-data surrogate; not author-run logs
MOEA/D,15,2009050,16,768,48,48,1.0,0.0,0.0,30,0.2163044054480637,0.603305360112089,0.595618472997379,0.6021613197601599,经过处理的数据 / public-data surrogate; not author-run logs
MOEA/D,15,2009050,17,816,48,48,1.0,0.0,0.0,30,0.2163087291873658,0.603305360112089,0.595618472997379,0.6021613197601599,经过处理的数据 / public-data surrogate; not author-run logs
MOEA/D,15,2009050,18,864,48,48,1.0,0.0,0.0,24,0.21633948370093783,0.603305360112089,0.595618472997379,0.6022399351570962,经过处理的数据 / public-data surrogate; not author-run logs
MOEA/D,15,2009050,19,912,48,48,1.0,0.0,0.0,25,0.21639081202101257,0.6034397447161369,0.595618472997379,0.6022399351570962,经过处理的数据 / public-data surrogate; not author-run logs
MOEA/D,15,2009050,20,960,48,48,1.0,0.0,0.0,29,0.21639093697524114,0.6034397447161369,0.595618472997379,0.6022399351570962,经过处理的数据 / public-data surrogate; not author-run logs
MOEA/D,15,2009050,21,1008,48,48,1.0,0.0,0.0,30,0.2169418116936826,0.6049135525137248,0.595618472997379,0.6023275607160947,经过处理的数据 / public-data surrogate; not author-run logs
MOEA/D,15,2009050,22,1056,48,48,1.0,0.0,0.0,28,0.21689233203477729,0.6049135525137248,0.595478572484293,0.6023275607160947,经过处理的数据 / public-data surrogate; not author-run logs
MOEA/D,15,2009050,23,1104,48,48,1.0,0.0,0.0,26,0.2169341914948719,0.6049135525137248,0.595478572484293,0.6024424723483117,经过处理的数据 / public-data surrogate; not author-run logs
MOEA/D,15,2009050,24,1152,48,48,1.0,0.0,0.0,29,0.21694935342056193,0.6049135525137248,0.595478572484293,0.6024825601977325,经过处理的数据 / public-data surrogate; not author-run logs
MOEA/D,15,2009050,25,1200,48,48,1.0,0.0,0.0,32,0.21695707705094747,0.6049135525137248,0.595478572484293,0.6024965964173552,经过处理的数据 / public-data surrogate; not author-run logs
MOEA/D,15,2009050,26,1248,48,48,1.0,0.0,0.0,32,0.2169598324983642,0.6049135525137248,0.595478572484293,0.6025053207081864,经过处理的数据 / public-data surrogate; not author-run logs
MOEA/D,15,2009050,27,1296,48,48,1.0,0.0,0.0,29,0.2179374604743879,0.6076107461842732,0.5954760861103259,0.602608076969541,经过处理的数据 / public-data surrogate; not author-run logs
MOEA/D,15,2009050,28,1344,48,48,1.0,0.0,0.0,33,0.21861623157818447,0.6076107461842732,0.5973637789324447,0.602608076969541,经过处理的数据 / public-data surrogate; not author-run logs
MOEA/D,15,2009050,29,1392,48,48,1.0,0.0,0.0,36,0.21871203042903967,0.6076107461842732,0.5973637789324447,0.6028630774626134,经过处理的数据 / public-data surrogate; not author-run logs
MOEA/D,15,2009050,30,1440,48,48,1.0,0.0,0.0,24,0.21878010588289865,0.6078377066295482,0.5972829494174983,0.6028630774626134,经过处理的数据 / public-data surrogate; not author-run logs
MOEA/D,16,2009051,1,48,48,14,0.2916666666666667,0.1441398427478524,0.5748987795181899,10,0.2233552365151135,0.5736589729035257,0.6495403074492296,0.6284475093458919,经过处理的数据 / public-data surrogate; not author-run logs
MOEA/D,16,2009051,2,96,48,48,1.0,0.0,0.0,35,0.20927519330144656,0.5591632643999904,0.609147727166737,0.6175894365908403,经过处理的数据 / public-data surrogate; not author-run logs
MOEA/D,16,2009051,3,144,48,48,1.0,0.0,0.0,37,0.2120499650258238,0.5634861834963962,0.6116598339919919,0.6175894365908403,经过处理的数据 / public-data surrogate; not author-run logs
MOEA/D,16,2009051,4,192,48,48,1.0,0.0,0.0,29,0.21301410861651296,0.5639310912064122,0.6116598339919919,0.6194747290972525,经过处理的数据 / public-data surrogate; not author-run logs
MOEA/D,16,2009051,5,240,48,48,1.0,0.0,0.0,38,0.2140103120365919,0.5639310912064122,0.61267790456177,0.62139980397199,经过处理的数据 / public-data surrogate; not author-run logs
MOEA/D,16,2009051,6,288,48,48,1.0,0.0,0.0,36,0.214080928160736,0.5639310912064122,0.61267790456177,0.62139980397199,经过处理的数据 / public-data surrogate; not author-run logs
MOEA/D,16,2009051,7,336,48,48,1.0,0.0,0.0,37,0.2143927990360013,0.5639310912064122,0.6135302248646255,0.62139980397199,经过处理的数据 / public-data surrogate; not author-run logs
MOEA/D,16,2009051,8,384,48,48,1.0,0.0,0.0,37,0.21440452715904984,0.5639310912064122,0.6135302248646255,0.62139980397199,经过处理的数据 / public-data surrogate; not author-run logs
MOEA/D,16,2009051,9,432,48,48,1.0,0.0,0.0,34,0.21461581856933426,0.5639310912064122,0.6136050557931874,0.6219414773805843,经过处理的数据 / public-data surrogate; not author-run logs
MOEA/D,16,2009051,10,480,48,48,1.0,0.0,0.0,33,0.21462555979258058,0.5639310912064122,0.6136050557931874,0.6219414773805843,经过处理的数据 / public-data surrogate; not author-run logs
MOEA/D,16,2009051,11,528,48,48,1.0,0.0,0.0,33,0.21465883160696114,0.5639310912064122,0.6136955954247213,0.6219414773805843,经过处理的数据 / public-data surrogate; not author-run logs
MOEA/D,16,2009051,12,576,48,48,1.0,0.0,0.0,34,0.2146780322044255,0.5639310912064122,0.6136986559443751,0.6219414773805843,经过处理的数据 / public-data surrogate; not author-run logs
MOEA/D,16,2009051,13,624,48,48,1.0,0.0,0.0,34,0.2146554871949387,0.5639310912064122,0.6136986559443751,0.6216926152767992,经过处理的数据 / public-data surrogate; not author-run logs
MOEA/D,16,2009051,14,672,48,48,1.0,0.0,0.0,35,0.21475558386772065,0.5639310912064122,0.6140378134349229,0.6216560926866121,经过处理的数据 / public-data surrogate; not author-run logs
MOEA/D,16,2009051,15,720,48,48,1.0,0.0,0.0,31,0.21585237028361623,0.5666398571056617,0.6143841872867596,0.6216560926866121,经过处理的数据 / public-data surrogate; not author-run logs
MOEA/D,16,2009051,16,768,48,48,1.0,0.0,0.0,34,0.21585497894340108,0.5666398571056617,0.6143841872867596,0.6216560926866121,经过处理的数据 / public-data surrogate; not author-run logs
MOEA/D,16,2009051,17,816,48,48,1.0,0.0,0.0,35,0.21559190299534503,0.5653262136759349,0.6149600415735761,0.6216560926866121,经过处理的数据 / public-data surrogate; not author-run logs
MOEA/D,16,2009051,18,864,48,48,1.0,0.0,0.0,34,0.21632022754849,0.5660702772225579,0.6151851463857336,0.6228584470238531,经过处理的数据 / public-data surrogate; not author-run logs
MOEA/D,16,2009051,19,912,48,48,1.0,0.0,0.0,34,0.21648127703919465,0.5660702772225579,0.6156459069870733,0.6228584470238531,经过处理的数据 / public-data surrogate; not author-run logs
MOEA/D,16,2009051,20,960,48,48,1.0,0.0,0.0,33,0.2164763258636806,0.5660702772225579,0.6156459069870733,0.6228584470238531,经过处理的数据 / public-data surrogate; not author-run logs
MOEA/D,16,2009051,21,1008,48,48,1.0,0.0,0.0,37,0.21708569719706633,0.567726273525519,0.6156459069870733,0.6228584470238531,经过处理的数据 / public-data surrogate; not author-run logs
MOEA/D,16,2009051,22,1056,48,48,1.0,0.0,0.0,34,0.21739596397981392,0.5685856186466557,0.6156459069870733,0.6228584470238531,经过处理的数据 / public-data surrogate; not author-run logs
MOEA/D,16,2009051,23,1104,48,48,1.0,0.0,0.0,35,0.2175539092412447,0.5685856186466557,0.6156459069870733,0.6233773902055786,经过处理的数据 / public-data surrogate; not author-run logs
MOEA/D,16,2009051,24,1152,48,48,1.0,0.0,0.0,34,0.21756821924160805,0.5685856186466557,0.6156459069870733,0.6233773902055786,经过处理的数据 / public-data surrogate; not author-run logs
MOEA/D,16,2009051,25,1200,48,48,1.0,0.0,0.0,32,0.21769764232064015,0.5685856186466557,0.615905026363721,0.6235152119697084,经过处理的数据 / public-data surrogate; not author-run logs
MOEA/D,16,2009051,26,1248,48,48,1.0,0.0,0.0,34,0.21776282231340394,0.5685856186466557,0.6160980788287045,0.6235152119697084,经过处理的数据 / public-data surrogate; not author-run logs
MOEA/D,16,2009051,27,1296,48,48,1.0,0.0,0.0,33,0.21777050869124565,0.5685856186466557,0.6161264827987142,0.6235152119697084,经过处理的数据 / public-data surrogate; not author-run logs
MOEA/D,16,2009051,28,1344,48,48,1.0,0.0,0.0,34,0.21789490812906745,0.5685856186466557,0.6165110285480421,0.6235152119697084,经过处理的数据 / public-data surrogate; not author-run logs
MOEA/D,16,2009051,29,1392,48,48,1.0,0.0,0.0,34,0.21789676273582273,0.5685856186466557,0.6165110285480421,0.6235152119697084,经过处理的数据 / public-data surrogate; not author-run logs
MOEA/D,16,2009051,30,1440,48,48,1.0,0.0,0.0,34,0.21810233456577316,0.5686648363960991,0.617064954195892,0.6235152119697084,经过处理的数据 / public-data surrogate; not author-run logs
MOEA/D,17,2009052,1,48,48,10,0.20833333333333334,0.17273239628239537,0.582943258520948,3,0.18295568583700395,0.5722315460574612,0.5256700989659046,0.6278125379864886,经过处理的数据 / public-data surrogate; not author-run logs
MOEA/D,17,2009052,2,96,48,48,1.0,0.0,0.0,20,0.17034709084841962,0.5277231584658508,0.5156534693397318,0.6275958323790315,经过处理的数据 / public-data surrogate; not author-run logs
MOEA/D,17,2009052,3,144,48,48,1.0,0.0,0.0,42,0.18262794994657433,0.5478150855364952,0.5321455396508432,0.6295097184267369,经过处理的数据 / public-data surrogate; not author-run logs
MOEA/D,17,2009052,4,192,48,48,1.0,0.0,0.0,43,0.18382725604404243,0.5478151826573272,0.5354047765071384,0.6301645753228255,经过处理的数据 / public-data surrogate; not author-run logs
MOEA/D,17,2009052,5,240,48,48,1.0,0.0,0.0,43,0.18481372311865985,0.5493856537808459,0.5359766892329572,0.6301645753228255,经过处理的数据 / public-data surrogate; not author-run logs
MOEA/D,17,2009052,6,288,48,48,1.0,0.0,0.0,34,0.18515719576026932,0.5498079237760558,0.5359766892329572,0.6307955484555007,经过处理的数据 / public-data surrogate; not author-run logs
MOEA/D,17,2009052,7,336,48,48,1.0,0.0,0.0,42,0.1888078526473,0.555115292910679,0.5412719327546852,0.6312480778798791,经过处理的数据 / public-data surrogate; not author-run logs
MOEA/D,17,2009052,8,384,48,48,1.0,0.0,0.0,44,0.18915779464352386,0.5552473758381468,0.5412719327546852,0.6322715345634574,经过处理的数据 / public-data surrogate; not author-run logs
MOEA/D,17,2009052,9,432,48,48,1.0,0.0,0.0,42,0.19015012353358812,0.5553450348153336,0.542846486017724,0.6338834047261696,经过处理的数据 / public-data surrogate; not author-run logs
MOEA/D,17,2009052,10,480,48,48,1.0,0.0,0.0,45,0.19068231238726305,0.5553450348153336,0.542846486017724,0.6357231634756026,经过处理的数据 / public-data surrogate; not author-run logs
MOEA/D,17,2009052,11,528,48,48,1.0,0.0,0.0,43,0.1907581152678459,0.5555124482959501,0.542846486017724,0.6357231634756026,经过处理的数据 / public-data surrogate; not author-run logs
MOEA/D,17,2009052,12,576,48,48,1.0,0.0,0.0,41,0.19028372033910435,0.5557440273557106,0.5410332674945592,0.6357231634756026,经过处理的数据 / public-data surrogate; not author-run logs
MOEA/D,17,2009052,13,624,48,48,1.0,0.0,0.0,40,0.19052031830986577,0.5557440273557106,0.5417717592402858,0.6357231634756026,经过处理的数据 / public-data surrogate; not author-run logs
MOEA/D,17,2009052,14,672,48,48,1.0,0.0,0.0,44,0.190536838322585,0.5557440273557106,0.5417717592402858,0.6357231634756026,经过处理的数据 / public-data surrogate; not author-run logs
MOEA/D,17,2009052,15,720,48,48,1.0,0.0,0.0,45,0.19045450454320048,0.5557440273557106,0.5414199672545287,0.6357231634756026,经过处理的数据 / public-data surrogate; not author-run logs
MOEA/D,17,2009052,16,768,48,48,1.0,0.0,0.0,44,0.1904883231293898,0.5557946884217354,0.5414199672545287,0.6357440610719309,经过处理的数据 / public-data surrogate; not author-run logs
MOEA/D,17,2009052,17,816,48,48,1.0,0.0,0.0,44,0.1904937598315565,0.5557946884217354,0.5414199672545287,0.6357440610719309,经过处理的数据 / public-data surrogate; not author-run logs
MOEA/D,17,2009052,18,864,48,48,1.0,0.0,0.0,46,0.19049490554383672,0.5557946884217354,0.5414199672545287,0.6357440610719309,经过处理的数据 / public-data surrogate; not author-run logs
MOEA/D,17,2009052,19,912,48,48,1.0,0.0,0.0,46,0.19049584805294054,0.5557946884217354,0.5414199672545287,0.6357440610719309,经过处理的数据 / public-data surrogate; not author-run logs
MOEA/D,17,2009052,20,960,48,48,1.0,0.0,0.0,43,0.19050200474065,0.5557946884217354,0.5414199672545287,0.6357440610719309,经过处理的数据 / public-data surrogate; not author-run logs
MOEA/D,17,2009052,21,1008,48,48,1.0,0.0,0.0,43,0.19050523913036746,0.5557946884217354,0.5414199672545287,0.635747167290139,经过处理的数据 / public-data surrogate; not author-run logs
MOEA/D,17,2009052,22,1056,48,48,1.0,0.0,0.0,42,0.1913185557015868,0.5557946884217354,0.5439878607094516,0.635747167290139,经过处理的数据 / public-data surrogate; not author-run logs
MOEA/D,17,2009052,23,1104,48,48,1.0,0.0,0.0,42,0.1913380021050483,0.5557946884217354,0.5439878607094516,0.635747167290139,经过处理的数据 / public-data surrogate; not author-run logs
MOEA/D,17,2009052,24,1152,48,48,1.0,0.0,0.0,43,0.19135107389491324,0.5557946884217354,0.5439878607094516,0.635747167290139,经过处理的数据 / public-data surrogate; not author-run logs
MOEA/D,17,2009052,25,1200,48,48,1.0,0.0,0.0,43,0.19135379018337476,0.5557946884217354,0.5439878607094516,0.635747167290139,经过处理的数据 / public-data surrogate; not author-run logs
MOEA/D,17,2009052,26,1248,48,48,1.0,0.0,0.0,43,0.19168059230957277,0.5568339491527471,0.5439878607094516,0.635747167290139,经过处理的数据 / public-data surrogate; not author-run logs
MOEA/D,17,2009052,27,1296,48,48,1.0,0.0,0.0,44,0.19170008655797016,0.5568339491527471,0.5439878607094516,0.635747167290139,经过处理的数据 / public-data surrogate; not author-run logs
MOEA/D,17,2009052,28,1344,48,48,1.0,0.0,0.0,45,0.19166731895302871,0.5572786569207769,0.5434383259209238,0.635747167290139,经过处理的数据 / public-data surrogate; not author-run logs
MOEA/D,17,2009052,29,1392,48,48,1.0,0.0,0.0,44,0.19161717299227612,0.5572786569207769,0.5434383259209238,0.635570638377293,经过处理的数据 / public-data surrogate; not author-run logs
MOEA/D,17,2009052,30,1440,48,48,1.0,0.0,0.0,45,0.19161931269218788,0.5572786569207769,0.5434383259209238,0.635570638377293,经过处理的数据 / public-data surrogate; not author-run logs
MOEA/D,18,2009053,1,48,48,15,0.3125,0.12901269893519104,0.6288837210442983,3,0.1974384906494362,0.5660318545167935,0.5455756023222279,0.6518153719272676,经过处理的数据 / public-data surrogate; not author-run logs
MOEA/D,18,2009053,2,96,48,48,1.0,0.0,0.0,31,0.2183845856933092,0.5888128266055329,0.5775488923357184,0.6539894200590236,经过处理的数据 / public-data surrogate; not author-run logs
MOEA/D,18,2009053,3,144,48,48,1.0,0.0,0.0,38,0.22196058529112583,0.5877578850890938,0.5880696098536574,0.6460794999945965,经过处理的数据 / public-data surrogate; not author-run logs
MOEA/D,18,2009053,4,192,48,48,1.0,0.0,0.0,42,0.23976464637212785,0.5959330989927891,0.595278131485623,0.6793982887991858,经过处理的数据 / public-data surrogate; not author-run logs
MOEA/D,18,2009053,5,240,48,48,1.0,0.0,0.0,25,0.24237936248901157,0.5954209780061666,0.5968699289604263,0.6843348754400308,经过处理的数据 / public-data surrogate; not author-run logs
MOEA/D,18,2009053,6,288,48,48,1.0,0.0,0.0,29,0.24299822739764876,0.5960116372158525,0.5980882350266814,0.6843348754400308,经过处理的数据 / public-data surrogate; not author-run logs
MOEA/D,18,2009053,7,336,48,48,1.0,0.0,0.0,38,0.24193996898869075,0.5932258926924191,0.5980882350266814,0.6837078043339854,经过处理的数据 / public-data surrogate; not author-run logs
MOEA/D,18,2009053,8,384,48,48,1.0,0.0,0.0,38,0.25097829718420145,0.6046200287320587,0.6062643667617992,0.6867598395846986,经过处理的数据 / public-data surrogate; not author-run logs
MOEA/D,18,2009053,9,432,48,48,1.0,0.0,0.0,41,0.257686488827829,0.6176470603145364,0.60868517277456,0.6882270857689364,经过处理的数据 / public-data surrogate; not author-run logs
MOEA/D,18,2009053,10,480,48,48,1.0,0.0,0.0,36,0.25953949867516035,0.6176470603145364,0.6123695291629605,0.6882270857689364,经过处理的数据 / public-data surrogate; not author-run logs
MOEA/D,18,2009053,11,528,48,48,1.0,0.0,0.0,34,0.25977557111783955,0.6176470603145364,0.6124201945196474,0.6885166379624679,经过处理的数据 / public-data surrogate; not author-run logs
MOEA/D,18,2009053,12,576,48,48,1.0,0.0,0.0,35,0.26283387146828174,0.6208792060403413,0.6164497510066824,0.6889305379846906,经过处理的数据 / public-data surrogate; not author-run logs
MOEA/D,18,2009053,13,624,48,48,1.0,0.0,0.0,36,0.2628885666731726,0.6208792060403413,0.6164497510066824,0.6889761425497296,经过处理的数据 / public-data surrogate; not author-run logs
MOEA/D,18,2009053,14,672,48,48,1.0,0.0,0.0,36,0.26290814301080023,0.6208792060403413,0.6164497510066824,0.6889761425497296,经过处理的数据 / public-data surrogate; not author-run logs
MOEA/D,18,2009053,15,720,48,48,1.0,0.0,0.0,34,0.2631789532170565,0.621568091915143,0.6164497510066824,0.6889761425497296,经过处理的数据 / public-data surrogate; not author-run logs
MOEA/D,18,2009053,16,768,48,48,1.0,0.0,0.0,36,0.26279769842640727,0.621568091915143,0.6153863673383898,0.6889761425497296,经过处理的数据 / public-data surrogate; not author-run logs
MOEA/D,18,2009053,17,816,48,48,1.0,0.0,0.0,33,0.2629738916774342,0.621568091915143,0.6160184178509885,0.6886241234456406,经过处理的数据 / public-data surrogate; not author-run logs
MOEA/D,18,2009053,18,864,48,48,1.0,0.0,0.0,34,0.2634263417671533,0.621568091915143,0.6160184178509885,0.689754720486159,经过处理的数据 / public-data surrogate; not author-run logs
MOEA/D,18,2009053,19,912,48,48,1.0,0.0,0.0,35,0.263458948399068,0.621568091915143,0.6160184178509885,0.689754720486159,经过处理的数据 / public-data surrogate; not author-run logs
MOEA/D,18,2009053,20,960,48,48,1.0,0.0,0.0,40,0.26319734996970107,0.6201383701780449,0.6167643874430521,0.689754720486159,经过处理的数据 / public-data surrogate; not author-run logs
MOEA/D,18,2009053,21,1008,48,48,1.0,0.0,0.0,39,0.2632522282641672,0.6201383701780449,0.6167643874430521,0.689754720486159,经过处理的数据 / public-data surrogate; not author-run logs
MOEA/D,18,2009053,22,1056,48,48,1.0,0.0,0.0,41,0.2646375704878606,0.6234066679272636,0.6167643874430521,0.6897517334190495,经过处理的数据 / public-data surrogate; not author-run logs
MOEA/D,18,2009053,23,1104,48,48,1.0,0.0,0.0,41,0.2650270825633554,0.6243479151263485,0.6160184178509885,0.6905783777618306,经过处理的数据 / public-data surrogate; not author-run logs
MOEA/D,18,2009053,24,1152,48,48,1.0,0.0,0.0,40,0.26475197951612583,0.6236033395906002,0.6160184178509885,0.6905783777618306,经过处理的数据 / public-data surrogate; not author-run logs
MOEA/D,18,2009053,25,1200,48,48,1.0,0.0,0.0,39,0.26476929056139875,0.6236033395906002,0.6160184178509885,0.6905783777618306,经过处理的数据 / public-data surrogate; not author-run logs
MOEA/D,18,2009053,26,1248,48,48,1.0,0.0,0.0,40,0.26472783680045237,0.62348912264626,0.6160184178509885,0.6905783777618306,经过处理的数据 / public-data surrogate; not author-run logs
MOEA/D,18,2009053,27,1296,48,48,1.0,0.0,0.0,39,0.26468237475108924,0.6234084030239936,0.6160184178509885,0.6905783777618306,经过处理的数据 / public-data surrogate; not author-run logs
MOEA/D,18,2009053,28,1344,48,48,1.0,0.0,0.0,35,0.26515305527194916,0.6245651357705372,0.6160184178509885,0.6905783777618306,经过处理的数据 / public-data surrogate; not author-run logs
MOEA/D,18,2009053,29,1392,48,48,1.0,0.0,0.0,36,0.2652282061771016,0.6247369752849281,0.6160184178509885,0.6905783777618306,经过处理的数据 / public-data surrogate; not author-run logs
MOEA/D,18,2009053,30,1440,48,48,1.0,0.0,0.0,39,0.2654753758121488,0.625332475334495,0.6160184178509885,0.6905783777618306,经过处理的数据 / public-data surrogate; not author-run logs
MOEA/D,19,2009054,1,48,48,16,0.3333333333333333,0.15657193112374906,0.7941205092685346,3,0.20591795052832323,0.5781048250955626,0.5469420605654791,0.6596905196250602,经过处理的数据 / public-data surrogate; not author-run logs
MOEA/D,19,2009054,2,96,48,48,1.0,0.0,0.0,40,0.219749500466075,0.5833627010769457,0.5837430284695818,0.652880791777785,经过处理的数据 / public-data surrogate; not author-run logs
MOEA/D,19,2009054,3,144,48,48,1.0,0.0,0.0,37,0.22386924251438983,0.5798865060286925,0.609871445020506,0.6360104406248104,经过处理的数据 / public-data surrogate; not author-run logs
MOEA/D,19,2009054,4,192,48,48,1.0,0.0,0.0,45,0.25776745896336534,0.6388570822218802,0.6228298411866721,0.6509739491313279,经过处理的数据 / public-data surrogate; not author-run logs
MOEA/D,19,2009054,5,240,48,48,1.0,0.0,0.0,36,0.2596270404131771,0.6390468250036555,0.6246051055859616,0.6522772113314107,经过处理的数据 / public-data surrogate; not author-run logs
MOEA/D,19,2009054,6,288,48,48,1.0,0.0,0.0,40,0.26269390391176733,0.6383743703996126,0.6323569155577109,0.6523367910538653,经过处理的数据 / public-data surrogate; not author-run logs
MOEA/D,19,2009054,7,336,48,48,1.0,0.0,0.0,44,0.26528647217902546,0.6380870673013406,0.63915504168094,0.6523367910538653,经过处理的数据 / public-data surrogate; not author-run logs
MOEA/D,19,2009054,8,384,48,48,1.0,0.0,0.0,38,0.2680283816053659,0.6439335252159121,0.63915504168094,0.6529913704452469,经过处理的数据 / public-data surrogate; not author-run logs
MOEA/D,19,2009054,9,432,48,48,1.0,0.0,0.0,43,0.2679400080876425,0.6439335252159121,0.6383252937000781,0.6531524282427459,经过处理的数据 / public-data surrogate; not author-run logs
MOEA/D,19,2009054,10,480,48,48,1.0,0.0,0.0,43,0.2704453545178895,0.6482430976690413,0.6401423595904558,0.6533434260842147,经过处理的数据 / public-data surrogate; not author-run logs
MOEA/D,19,2009054,11,528,48,48,1.0,0.0,0.0,43,0.2704947797686218,0.6482430976690413,0.6401423595904558,0.6533603613986168,经过处理的数据 / public-data surrogate; not author-run logs
MOEA/D,19,2009054,12,576,48,48,1.0,0.0,0.0,44,0.2710339061717239,0.6495717931596237,0.6401423595904558,0.6533603613986168,经过处理的数据 / public-data surrogate; not author-run logs
MOEA/D,19,2009054,13,624,48,48,1.0,0.0,0.0,43,0.2712448548758472,0.6495717931596237,0.6385320363609756,0.655444585888234,经过处理的数据 / public-data surrogate; not author-run logs
MOEA/D,19,2009054,14,672,48,48,1.0,0.0,0.0,41,0.27128527587510515,0.6495717931596237,0.6385320363609756,0.655444585888234,经过处理的数据 / public-data surrogate; not author-run logs
MOEA/D,19,2009054,15,720,48,48,1.0,0.0,0.0,43,0.27185000303784707,0.6495717931596237,0.639906387970302,0.655444585888234,经过处理的数据 / public-data surrogate; not author-run logs
MOEA/D,19,2009054,16,768,48,48,1.0,0.0,0.0,44,0.2724430723885351,0.6510412100928767,0.639906387970302,0.655444585888234,经过处理的数据 / public-data surrogate; not author-run logs
MOEA/D,19,2009054,17,816,48,48,1.0,0.0,0.0,43,0.27248600868515743,0.6510412100928767,0.639906387970302,0.655444585888234,经过处理的数据 / public-data surrogate; not author-run logs
MOEA/D,19,2009054,18,864,48,48,1.0,0.0,0.0,42,0.27245687910735544,0.6505436087472988,0.6402512891110764,0.655444585888234,经过处理的数据 / public-data surrogate; not author-run logs
MOEA/D,19,2009054,19,912,48,48,1.0,0.0,0.0,43,0.2726616984055401,0.6505436087472988,0.6402512891110764,0.6559842277798007,经过处理的数据 / public-data surrogate; not author-run logs
MOEA/D,19,2009054,20,960,48,48,1.0,0.0,0.0,45,0.2725255433309252,0.6505436087472988,0.6398823949993956,0.6559842277798007,经过处理的数据 / public-data surrogate; not author-run logs
MOEA/D,19,2009054,21,1008,48,48,1.0,0.0,0.0,45,0.2725243566393236,0.6505436087472988,0.6398823949993956,0.6559842277798007,经过处理的数据 / public-data surrogate; not author-run logs
MOEA/D,19,2009054,22,1056,48,48,1.0,0.0,0.0,44,0.2725732257258749,0.6506596653652829,0.6398823949993956,0.6559842277798007,经过处理的数据 / public-data surrogate; not author-run logs
MOEA/D,19,2009054,23,1104,48,48,1.0,0.0,0.0,46,0.2725879801237706,0.6506596653652829,0.6398823949993956,0.6559842277798007,经过处理的数据 / public-data surrogate; not author-run logs
MOEA/D,19,2009054,24,1152,48,48,1.0,0.0,0.0,45,0.27281055542916754,0.6506596653652829,0.6404175072333365,0.6559842277798007,经过处理的数据 / public-data surrogate; not author-run logs
MOEA/D,19,2009054,25,1200,48,48,1.0,0.0,0.0,46,0.2725360568723846,0.6506596653652829,0.6384736948890848,0.6572086048488341,经过处理的数据 / public-data surrogate; not author-run logs
MOEA/D,19,2009054,26,1248,48,48,1.0,0.0,0.0,45,0.2725993102556674,0.6507859464536124,0.6384736948890848,0.6572086048488341,经过处理的数据 / public-data surrogate; not author-run logs
MOEA/D,19,2009054,27,1296,48,48,1.0,0.0,0.0,42,0.27269927413178874,0.651092743014362,0.6384736948890848,0.6571707606438741,经过处理的数据 / public-data surrogate; not author-run logs
MOEA/D,19,2009054,28,1344,48,48,1.0,0.0,0.0,44,0.2727042208102305,0.651092743014362,0.6384736948890848,0.6571707606438741,经过处理的数据 / public-data surrogate; not author-run logs
MOEA/D,19,2009054,29,1392,48,48,1.0,0.0,0.0,44,0.2727069809788899,0.651092743014362,0.6384736948890848,0.6571707606438741,经过处理的数据 / public-data surrogate; not author-run logs
MOEA/D,19,2009054,30,1440,48,48,1.0,0.0,0.0,44,0.2727104492407543,0.651092743014362,0.6384736948890848,0.6571707606438741,经过处理的数据 / public-data surrogate; not author-run logs
MOEA/D,20,2009055,1,48,48,14,0.2916666666666667,0.1769341645909974,0.6864946288279103,8,0.19824956452304834,0.5682184627991338,0.5521506810138215,0.6465498692459124,经过处理的数据 / public-data surrogate; not author-run logs
MOEA/D,20,2009055,2,96,48,48,1.0,0.0,0.0,18,0.20084489735370414,0.580733106980552,0.5327084290402433,0.6600415656543713,经过处理的数据 / public-data surrogate; not author-run logs
MOEA/D,20,2009055,3,144,48,48,1.0,0.0,0.0,42,0.20117786847083607,0.5814722839351516,0.533146727241513,0.6650609619412279,经过处理的数据 / public-data surrogate; not author-run logs
MOEA/D,20,2009055,4,192,48,48,1.0,0.0,0.0,39,0.21347041682342538,0.6013177884149398,0.5405786377973779,0.6655498825053234,经过处理的数据 / public-data surrogate; not author-run logs
MOEA/D,20,2009055,5,240,48,48,1.0,0.0,0.0,38,0.21223241562387007,0.5935105545672216,0.5416888382869739,0.6656871986405175,经过处理的数据 / public-data surrogate; not author-run logs
MOEA/D,20,2009055,6,288,48,48,1.0,0.0,0.0,43,0.21494633252259446,0.6010799851312656,0.5410978914432941,0.6657372834631294,经过处理的数据 / public-data surrogate; not author-run logs
MOEA/D,20,2009055,7,336,48,48,1.0,0.0,0.0,46,0.21547833407868683,0.6003769619553526,0.5427222737496096,0.6657372834631294,经过处理的数据 / public-data surrogate; not author-run logs
MOEA/D,20,2009055,8,384,48,48,1.0,0.0,0.0,40,0.21935580106950292,0.6062290890036292,0.54684731554087,0.6671105692694629,经过处理的数据 / public-data surrogate; not author-run logs
MOEA/D,20,2009055,9,432,48,48,1.0,0.0,0.0,29,0.22208321568367317,0.6099642388172906,0.5488935689117481,0.6680119100564121,经过处理的数据 / public-data surrogate; not author-run logs
MOEA/D,20,2009055,10,480,48,48,1.0,0.0,0.0,27,0.2222521178724362,0.610223887026513,0.5486001909642455,0.6680119100564121,经过处理的数据 / public-data surrogate; not author-run logs
MOEA/D,20,2009055,11,528,48,48,1.0,0.0,0.0,39,0.2214337614384806,0.6078858604858536,0.5491116942903963,0.6671105692694629,经过处理的数据 / public-data surrogate; not author-run logs
MOEA/D,20,2009055,12,576,48,48,1.0,0.0,0.0,43,0.22435398999670095,0.6143221020000819,0.5491116942903963,0.6694778341646943,经过处理的数据 / public-data surrogate; not author-run logs
MOEA/D,20,2009055,13,624,48,48,1.0,0.0,0.0,46,0.22467354061705694,0.6165794831875289,0.5491116942903963,0.6678324728546907,经过处理的数据 / public-data surrogate; not author-run logs
MOEA/D,20,2009055,14,672,48,48,1.0,0.0,0.0,47,0.2260719713024399,0.6165794831875289,0.552525113746104,0.6678324728546907,经过处理的数据 / public-data surrogate; not author-run logs
MOEA/D,20,2009055,15,720,48,48,1.0,0.0,0.0,47,0.22628220527474233,0.6165794831875289,0.5526370475769764,0.6678324728546907,经过处理的数据 / public-data surrogate; not author-run logs
MOEA/D,20,2009055,16,768,48,48,1.0,0.0,0.0,47,0.22641179520304253,0.6165794831875289,0.5528256901268744,0.6678324728546907,经过处理的数据 / public-data surrogate; not author-run logs
MOEA/D,20,2009055,17,816,48,48,1.0,0.0,0.0,41,0.22637140166311417,0.6165794831875289,0.5528256901268744,0.6674859982551039,经过处理的数据 / public-data surrogate; not author-run logs
MOEA/D,20,2009055,18,864,48,48,1.0,0.0,0.0,40,0.22772667485670794,0.6177984126414413,0.5561926611214348,0.6665468007927279,经过处理的数据 / public-data surrogate; not author-run logs
MOEA/D,20,2009055,19,912,48,48,1.0,0.0,0.0,40,0.22819029647114725,0.6186583126002678,0.5561926611214348,0.6671102402120261,经过处理的数据 / public-data surrogate; not author-run logs
MOEA/D,20,2009055,20,960,48,48,1.0,0.0,0.0,41,0.2285321197013076,0.6194195440735717,0.5561926611214348,0.6671102402120261,经过处理的数据 / public-data surrogate; not author-run logs
MOEA/D,20,2009055,21,1008,48,48,1.0,0.0,0.0,40,0.22865967247697927,0.6194195440735717,0.5561926611214348,0.6674487694141322,经过处理的数据 / public-data surrogate; not author-run logs
MOEA/D,20,2009055,22,1056,48,48,1.0,0.0,0.0,41,0.22931018687439453,0.6194195440735717,0.557596572551505,0.6678118246437239,经过处理的数据 / public-data surrogate; not author-run logs
MOEA/D,20,2009055,23,1104,48,48,1.0,0.0,0.0,41,0.22923836486326069,0.6194195440735717,0.5573344989688779,0.6678118246437239,经过处理的数据 / public-data surrogate; not author-run logs
MOEA/D,20,2009055,24,1152,48,48,1.0,0.0,0.0,40,0.22922977713520623,0.6194195440735717,0.5573344989688779,0.6678118246437239,经过处理的数据 / public-data surrogate; not author-run logs
MOEA/D,20,2009055,25,1200,48,48,1.0,0.0,0.0,40,0.22925139222068358,0.6194195440735717,0.5573344989688779,0.6678118246437239,经过处理的数据 / public-data surrogate; not author-run logs
MOEA/D,20,2009055,26,1248,48,48,1.0,0.0,0.0,42,0.2292660615782431,0.6194195440735717,0.5573344989688779,0.6678118246437239,经过处理的数据 / public-data surrogate; not author-run logs
MOEA/D,20,2009055,27,1296,48,48,1.0,0.0,0.0,43,0.2293044008812281,0.6194195440735717,0.5573344989688779,0.6678118246437239,经过处理的数据 / public-data surrogate; not author-run logs
MOEA/D,20,2009055,28,1344,48,48,1.0,0.0,0.0,43,0.22989406921614636,0.6209423743979511,0.5573344989688779,0.6678118246437239,经过处理的数据 / public-data surrogate; not author-run logs
MOEA/D,20,2009055,29,1392,48,48,1.0,0.0,0.0,41,0.22991752758109288,0.6209423743979511,0.5573344989688779,0.6678118246437239,经过处理的数据 / public-data surrogate; not author-run logs
MOEA/D,20,2009055,30,1440,48,48,1.0,0.0,0.0,40,0.2299386306045406,0.6209423743979511,0.5573344989688779,0.6678118246437239,经过处理的数据 / public-data surrogate; not author-run logs
MOEA/D,21,2009056,1,48,48,14,0.2916666666666667,0.16942419744541462,0.7147844546397935,6,0.20759074711289113,0.613439894220437,0.5568015640661077,0.6244150819155309,经过处理的数据 / public-data surrogate; not author-run logs
MOEA/D,21,2009056,2,96,48,48,1.0,0.0,0.0,46,0.21211325313176027,0.5707214898076703,0.6117890022907639,0.6074938886361736,经过处理的数据 / public-data surrogate; not author-run logs
MOEA/D,21,2009056,3,144,48,48,1.0,0.0,0.0,29,0.21387180053086424,0.5721281079436764,0.6128736442600545,0.6099527614932069,经过处理的数据 / public-data surrogate; not author-run logs
MOEA/D,21,2009056,4,192,48,48,1.0,0.0,0.0,18,0.21487320636073154,0.5748099739599947,0.6128736442600545,0.6099527614932069,经过处理的数据 / public-data surrogate; not author-run logs
MOEA/D,21,2009056,5,240,48,48,1.0,0.0,0.0,19,0.21487425644962532,0.5748224476245661,0.6128736442600545,0.6099527614932069,经过处理的数据 / public-data surrogate; not author-run logs
MOEA/D,21,2009056,6,288,48,48,1.0,0.0,0.0,15,0.2152231787029236,0.5749243755278826,0.6137626292669879,0.6099556306892652,经过处理的数据 / public-data surrogate; not author-run logs
MOEA/D,21,2009056,7,336,48,48,1.0,0.0,0.0,9,0.21567010503008271,0.5751223306221087,0.6148267772099058,0.6099556306892652,经过处理的数据 / public-data surrogate; not author-run logs
MOEA/D,21,2009056,8,384,48,48,1.0,0.0,0.0,11,0.21575842094721967,0.5751223306221087,0.6149796398588947,0.6100496608048842,经过处理的数据 / public-data surrogate; not author-run logs
MOEA/D,21,2009056,9,432,48,48,1.0,0.0,0.0,16,0.21612497245842463,0.5752651670129042,0.615814834624831,0.6100943531994603,经过处理的数据 / public-data surrogate; not author-run logs
MOEA/D,21,2009056,10,480,48,48,1.0,0.0,0.0,13,0.2168903888892965,0.575524448967168,0.6178395149908363,0.6099828629464734,经过处理的数据 / public-data surrogate; not author-run logs
MOEA/D,21,2009056,11,528,48,48,1.0,0.0,0.0,24,0.2171378315475808,0.5756654089228084,0.6183968962312417,0.6099828629464734,经过处理的数据 / public-data surrogate; not author-run logs
MOEA/D,21,2009056,12,576,48,48,1.0,0.0,0.0,12,0.21747564578000303,0.575758274923041,0.6190563633220064,0.6101842703442634,经过处理的数据 / public-data surrogate; not author-run logs
MOEA/D,21,2009056,13,624,48,48,1.0,0.0,0.0,19,0.2178756045654097,0.5757938642511278,0.620138699893408,0.6101842703442634,经过处理的数据 / public-data surrogate; not author-run logs
MOEA/D,21,2009056,14,672,48,48,1.0,0.0,0.0,20,0.2179070864773523,0.5758766807157347,0.620138699893408,0.6101842703442634,经过处理的数据 / public-data surrogate; not author-run logs
MOEA/D,21,2009056,15,720,48,48,1.0,0.0,0.0,23,0.21800811214573526,0.5758766807157347,0.6204267192665189,0.6101842703442634,经过处理的数据 / public-data surrogate; not author-run logs
MOEA/D,21,2009056,16,768,48,48,1.0,0.0,0.0,15,0.21803581336432418,0.5758823570121981,0.6204967470921042,0.6101842703442634,经过处理的数据 / public-data surrogate; not author-run logs
MOEA/D,21,2009056,17,816,48,48,1.0,0.0,0.0,20,0.21811614445332633,0.5759390091807769,0.6206645595755216,0.6101842703442634,经过处理的数据 / public-data surrogate; not author-run logs
MOEA/D,21,2009056,18,864,48,48,1.0,0.0,0.0,23,0.2181770883819874,0.5760995883253809,0.6206648156392319,0.6101842703442634,经过处理的数据 / public-data surrogate; not author-run logs
MOEA/D,21,2009056,19,912,48,48,1.0,0.0,0.0,24,0.21822446002829768,0.5760995883253809,0.6207996999713493,0.6101842703442634,经过处理的数据 / public-data surrogate; not author-run logs
MOEA/D,21,2009056,20,960,48,48,1.0,0.0,0.0,11,0.2185424525419438,0.5761009458814241,0.6217014208528671,0.6101867019526598,经过处理的数据 / public-data surrogate; not author-run logs
MOEA/D,21,2009056,21,1008,48,48,1.0,0.0,0.0,12,0.21858790472496958,0.5761222023113619,0.6217105258491736,0.610282115001453,经过处理的数据 / public-data surrogate; not author-run logs
MOEA/D,21,2009056,22,1056,48,48,1.0,0.0,0.0,12,0.21859456551145015,0.5761395505302429,0.6217105258491736,0.610282115001453,经过处理的数据 / public-data surrogate; not author-run logs
MOEA/D,21,2009056,23,1104,48,48,1.0,0.0,0.0,12,0.21862849240583124,0.57619872935124,0.6217105258491736,0.6103132998964188,经过处理的数据 / public-data surrogate; not author-run logs
MOEA/D,21,2009056,24,1152,48,48,1.0,0.0,0.0,25,0.2187050290539254,0.5761774547251384,0.6218658538986441,0.610397760194856,经过处理的数据 / public-data surrogate; not author-run logs
MOEA/D,21,2009056,25,1200,48,48,1.0,0.0,0.0,23,0.21873981933591669,0.5762696420746559,0.6218658538986441,0.610397760194856,经过处理的数据 / public-data surrogate; not author-run logs
MOEA/D,21,2009056,26,1248,48,48,1.0,0.0,0.0,13,0.2188154989507208,0.5762733875051229,0.6219346582112306,0.6105382380969987,经过处理的数据 / public-data surrogate; not author-run logs
MOEA/D,21,2009056,27,1296,48,48,1.0,0.0,0.0,19,0.2188872132061596,0.5762483414345423,0.6219349163200428,0.6107636935304591,经过处理的数据 / public-data surrogate; not author-run logs
MOEA/D,21,2009056,28,1344,48,48,1.0,0.0,0.0,21,0.21889911522430175,0.5762483414345423,0.6219349378911297,0.6107970492060529,经过处理的数据 / public-data surrogate; not author-run logs
MOEA/D,21,2009056,29,1392,48,48,1.0,0.0,0.0,23,0.21906855560130234,0.5762483414345423,0.6219349378911297,0.6112721278205181,经过处理的数据 / public-data surrogate; not author-run logs
MOEA/D,21,2009056,30,1440,48,48,1.0,0.0,0.0,23,0.21919496056853838,0.5764209189181817,0.6221064575499511,0.6112721278205181,经过处理的数据 / public-data surrogate; not author-run logs
MOEA/D,22,2009057,1,48,48,11,0.22916666666666666,0.19336027686797297,0.6254319065986806,5,0.18612380803743195,0.5754885340028899,0.5260681270478397,0.6273574471176819,经过处理的数据 / public-data surrogate; not author-run logs
MOEA/D,22,2009057,2,96,48,48,1.0,0.0,0.0,48,0.18854036213307893,0.5964919959820032,0.5013970817500352,0.6311820587739801,经过处理的数据 / public-data surrogate; not author-run logs
MOEA/D,22,2009057,3,144,48,48,1.0,0.0,0.0,47,0.19292963298456076,0.597411626616568,0.5078534782007328,0.6363340038601276,经过处理的数据 / public-data surrogate; not author-run logs
MOEA/D,22,2009057,4,192,48,48,1.0,0.0,0.0,45,0.192778370535604,0.597411626616568,0.5079309994913569,0.6355956471229558,经过处理的数据 / public-data surrogate; not author-run logs
MOEA/D,22,2009057,5,240,48,48,1.0,0.0,0.0,42,0.19370601802391937,0.597411626616568,0.5101082133092496,0.6360070590610094,经过处理的数据 / public-data surrogate; not author-run logs
MOEA/D,22,2009057,6,288,48,48,1.0,0.0,0.0,36,0.19536723048570717,0.597411626616568,0.514491966895734,0.6360070590610094,经过处理的数据 / public-data surrogate; not author-run logs
MOEA/D,22,2009057,7,336,48,48,1.0,0.0,0.0,42,0.19620872163974798,0.6002478618044376,0.5149732036180669,0.6351443787120802,经过处理的数据 / public-data surrogate; not author-run logs
MOEA/D,22,2009057,8,384,48,48,1.0,0.0,0.0,37,0.19706003611431322,0.6003134117945497,0.5167735386684124,0.6356029259499902,经过处理的数据 / public-data surrogate; not author-run logs
MOEA/D,22,2009057,9,432,48,48,1.0,0.0,0.0,40,0.1979522435281558,0.6027443323102967,0.5167735386684124,0.6358882583128808,经过处理的数据 / public-data surrogate; not author-run logs
MOEA/D,22,2009057,10,480,48,48,1.0,0.0,0.0,43,0.1979656872712465,0.6027443323102967,0.5167735386684124,0.6359040059548168,经过处理的数据 / public-data surrogate; not author-run logs
MOEA/D,22,2009057,11,528,48,48,1.0,0.0,0.0,45,0.19820062915447273,0.6027443323102967,0.5170478216342892,0.6363339457182622,经过处理的数据 / public-data surrogate; not author-run logs
MOEA/D,22,2009057,12,576,48,48,1.0,0.0,0.0,44,0.19830641876043453,0.6027443323102967,0.5173137266897875,0.6363339457182622,经过处理的数据 / public-data surrogate; not author-run logs
MOEA/D,22,2009057,13,624,48,48,1.0,0.0,0.0,41,0.19848861487558794,0.6027443323102967,0.5178001868873664,0.6363339457182622,经过处理的数据 / public-data surrogate; not author-run logs
MOEA/D,22,2009057,14,672,48,48,1.0,0.0,0.0,43,0.19870063179397152,0.6034015796839395,0.5178001868873664,0.6363339457182622,经过处理的数据 / public-data surrogate; not author-run logs
MOEA/D,22,2009057,15,720,48,48,1.0,0.0,0.0,43,0.19872723552142818,0.6034015796839395,0.5178460960399658,0.6363339457182622,经过处理的数据 / public-data surrogate; not author-run logs
MOEA/D,22,2009057,16,768,48,48,1.0,0.0,0.0,43,0.19873107809614496,0.6034015796839395,0.5178460960399658,0.6363339457182622,经过处理的数据 / public-data surrogate; not author-run logs
MOEA/D,22,2009057,17,816,48,48,1.0,0.0,0.0,44,0.19879168259411592,0.6034729886597572,0.5178981095640571,0.6363858138503535,经过处理的数据 / public-data surrogate; not author-run logs
MOEA/D,22,2009057,18,864,48,48,1.0,0.0,0.0,43,0.19881507306671165,0.6035400963541274,0.5178981095640571,0.6363858138503535,经过处理的数据 / public-data surrogate; not author-run logs
MOEA/D,22,2009057,19,912,48,48,1.0,0.0,0.0,41,0.1988194879684139,0.6035400963541274,0.5178981095640571,0.6363858138503535,经过处理的数据 / public-data surrogate; not author-run logs
MOEA/D,22,2009057,20,960,48,48,1.0,0.0,0.0,42,0.1988295074784364,0.6035400963541274,0.5179106728828213,0.636402760230432,经过处理的数据 / public-data surrogate; not author-run logs
MOEA/D,22,2009057,21,1008,48,48,1.0,0.0,0.0,43,0.1988392534754704,0.6035400963541274,0.5179106728828213,0.6364325537137059,经过处理的数据 / public-data surrogate; not author-run logs
MOEA/D,22,2009057,22,1056,48,48,1.0,0.0,0.0,44,0.19897421147641875,0.6035400963541274,0.5182800618829441,0.6364325537137059,经过处理的数据 / public-data surrogate; not author-run logs
MOEA/D,22,2009057,23,1104,48,48,1.0,0.0,0.0,44,0.1990101897855415,0.6035400963541274,0.5183795239379543,0.6364325537137059,经过处理的数据 / public-data surrogate; not author-run logs
MOEA/D,22,2009057,24,1152,48,48,1.0,0.0,0.0,44,0.1990108154194167,0.6035400963541274,0.5183795239379543,0.6364341409997614,经过处理的数据 / public-data surrogate; not author-run logs
MOEA/D,22,2009057,25,1200,48,48,1.0,0.0,0.0,43,0.19901121985600576,0.6035400963541274,0.5183795239379543,0.6364341409997614,经过处理的数据 / public-data surrogate; not author-run logs
MOEA/D,22,2009057,26,1248,48,48,1.0,0.0,0.0,44,0.199026890410301,0.6035400963541274,0.5183795239379543,0.6364757960291194,经过处理的数据 / public-data surrogate; not author-run logs
MOEA/D,22,2009057,27,1296,48,48,1.0,0.0,0.0,43,0.19902510259864584,0.6035400963541274,0.5183795239379543,0.6364681730876411,经过处理的数据 / public-data surrogate; not author-run logs
MOEA/D,22,2009057,28,1344,48,48,1.0,0.0,0.0,44,0.19906034303786843,0.6035400963541274,0.5183795239379543,0.6365844746619455,经过处理的数据 / public-data surrogate; not author-run logs
MOEA/D,22,2009057,29,1392,48,48,1.0,0.0,0.0,46,0.1990681509887063,0.6035400963541274,0.5183795239379543,0.6366046266362679,经过处理的数据 / public-data surrogate; not author-run logs
MOEA/D,22,2009057,30,1440,48,48,1.0,0.0,0.0,46,0.19908492277865306,0.6035916179302725,0.5183795239379543,0.6366046266362679,经过处理的数据 / public-data surrogate; not author-run logs
MOEA/D,23,2009058,1,48,48,17,0.3541666666666667,0.12433912507500734,0.5064559980782262,5,0.19648957475124648,0.5657156181288875,0.5592173273653509,0.6349343585805336,经过处理的数据 / public-data surrogate; not author-run logs
MOEA/D,23,2009058,2,96,48,48,1.0,0.0,0.0,16,0.20804514619126852,0.5875000799291588,0.5841392173257264,0.6090084569397567,经过处理的数据 / public-data surrogate; not author-run logs
MOEA/D,23,2009058,3,144,48,48,1.0,0.0,0.0,35,0.21955144956015663,0.5874928934535804,0.6172959534920619,0.6063665274022096,经过处理的数据 / public-data surrogate; not author-run logs
MOEA/D,23,2009058,4,192,48,48,1.0,0.0,0.0,29,0.22540445817173702,0.6001371826333195,0.6178083668314597,0.6083986836764111,经过处理的数据 / public-data surrogate; not author-run logs
MOEA/D,23,2009058,5,240,48,48,1.0,0.0,0.0,22,0.225529553089944,0.6001371826333195,0.6178083668314597,0.6086684741657418,经过处理的数据 / public-data surrogate; not author-run logs
MOEA/D,23,2009058,6,288,48,48,1.0,0.0,0.0,17,0.22557207311561267,0.6001820126324,0.6178083668314597,0.6086684741657418,经过处理的数据 / public-data surrogate; not author-run logs
MOEA/D,23,2009058,7,336,48,48,1.0,0.0,0.0,33,0.22584424006111478,0.6008817562002177,0.6178083668314597,0.6087278273127098,经过处理的数据 / public-data surrogate; not author-run logs
MOEA/D,23,2009058,8,384,48,48,1.0,0.0,0.0,34,0.22566240204942634,0.6003728204814259,0.6178083668314597,0.6087307316728122,经过处理的数据 / public-data surrogate; not author-run logs
MOEA/D,23,2009058,9,432,48,48,1.0,0.0,0.0,33,0.2256873568806222,0.6003728204814259,0.6178083668314597,0.608787952390458,经过处理的数据 / public-data surrogate; not author-run logs
MOEA/D,23,2009058,10,480,48,48,1.0,0.0,0.0,27,0.22581900334539312,0.6007246918826795,0.6178083668314597,0.608787952390458,经过处理的数据 / public-data surrogate; not author-run logs
MOEA/D,23,2009058,11,528,48,48,1.0,0.0,0.0,28,0.22602462797126271,0.6007246918826795,0.618347139195976,0.608787952390458,经过处理的数据 / public-data surrogate; not author-run logs
MOEA/D,23,2009058,12,576,48,48,1.0,0.0,0.0,30,0.2260295506159597,0.6007246918826795,0.618347139195976,0.6087975774040356,经过处理的数据 / public-data surrogate; not author-run logs
MOEA/D,23,2009058,13,624,48,48,1.0,0.0,0.0,31,0.22635865952536832,0.6015417191975927,0.618347139195976,0.6088054471099315,经过处理的数据 / public-data surrogate; not author-run logs
MOEA/D,23,2009058,14,672,48,48,1.0,0.0,0.0,29,0.22637918802345383,0.6010881887575769,0.6187725171932319,0.608896883206232,经过处理的数据 / public-data surrogate; not author-run logs
MOEA/D,23,2009058,15,720,48,48,1.0,0.0,0.0,24,0.22638333282475767,0.6010881887575769,0.6187725171932319,0.608896883206232,经过处理的数据 / public-data surrogate; not author-run logs
MOEA/D,23,2009058,16,768,48,48,1.0,0.0,0.0,15,0.22639740201634564,0.6010881887575769,0.6187725171932319,0.608896883206232,经过处理的数据 / public-data surrogate; not author-run logs
MOEA/D,23,2009058,17,816,48,48,1.0,0.0,0.0,19,0.22651245356453792,0.6013607412501176,0.6187725171932319,0.608931901296306,经过处理的数据 / public-data surrogate; not author-run logs
MOEA/D,23,2009058,18,864,48,48,1.0,0.0,0.0,23,0.2272752052855762,0.6032499413502562,0.6187725171932319,0.6090315546856548,经过处理的数据 / public-data surrogate; not author-run logs
MOEA/D,23,2009058,19,912,48,48,1.0,0.0,0.0,23,0.22786380083527946,0.6032499413502562,0.620457772575132,0.6090315546856548,经过处理的数据 / public-data surrogate; not author-run logs
MOEA/D,23,2009058,20,960,48,48,1.0,0.0,0.0,21,0.22786477420427584,0.6032499413502562,0.620457772575132,0.6090315546856548,经过处理的数据 / public-data surrogate; not author-run logs
MOEA/D,23,2009058,21,1008,48,48,1.0,0.0,0.0,22,0.22799208279246536,0.6035801274129453,0.620457772575132,0.6090315546856548,经过处理的数据 / public-data surrogate; not author-run logs
MOEA/D,23,2009058,22,1056,48,48,1.0,0.0,0.0,15,0.22796093233175305,0.6034694676502554,0.620457772575132,0.6090336100004581,经过处理的数据 / public-data surrogate; not author-run logs
MOEA/D,23,2009058,23,1104,48,48,1.0,0.0,0.0,19,0.22801109431819946,0.6036000463582453,0.620457772575132,0.6090336100004581,经过处理的数据 / public-data surrogate; not author-run logs
MOEA/D,23,2009058,24,1152,48,48,1.0,0.0,0.0,15,0.22751938940922328,0.603492743668633,0.619154987086763,0.6090336100004581,经过处理的数据 / public-data surrogate; not author-run logs
MOEA/D,23,2009058,25,1200,48,48,1.0,0.0,0.0,15,0.22763089453414423,0.6036488100009244,0.6193033469780627,0.6090336100004581,经过处理的数据 / public-data surrogate; not author-run logs
MOEA/D,23,2009058,26,1248,48,48,1.0,0.0,0.0,21,0.22778828027608894,0.6040190449748175,0.6193033469780627,0.6090726486462891,经过处理的数据 / public-data surrogate; not author-run logs
MOEA/D,23,2009058,27,1296,48,48,1.0,0.0,0.0,15,0.22778723613407206,0.6040190449748175,0.6193033469780627,0.6090650201348419,经过处理的数据 / public-data surrogate; not author-run logs
MOEA/D,23,2009058,28,1344,48,48,1.0,0.0,0.0,24,0.22839455687185112,0.6036488100009244,0.6214279806650375,0.6090650201348419,经过处理的数据 / public-data surrogate; not author-run logs
MOEA/D,23,2009058,29,1392,48,48,1.0,0.0,0.0,22,0.2283943749770535,0.6036488100009244,0.6214279806650375,0.6090650201348419,经过处理的数据 / public-data surrogate; not author-run logs
MOEA/D,23,2009058,30,1440,48,48,1.0,0.0,0.0,26,0.22857884503292028,0.60411492056137,0.6214279806650375,0.6090678112953151,经过处理的数据 / public-data surrogate; not author-run logs
MOEA/D,24,2009059,1,48,48,17,0.3541666666666667,0.15044663164145136,0.6739034090891907,6,0.20526675781613923,0.5616590966435032,0.5824170872942785,0.6383980663952438,经过处理的数据 / public-data surrogate; not author-run logs
MOEA/D,24,2009059,2,96,48,48,1.0,0.0,0.0,19,0.19690907058896923,0.5720757706044611,0.5683973776207243,0.6064438994867107,经过处理的数据 / public-data surrogate; not author-run logs
MOEA/D,24,2009059,3,144,48,48,1.0,0.0,0.0,34,0.19989163805969962,0.5720757706044611,0.5686453824295145,0.6154241159204599,经过处理的数据 / public-data surrogate; not author-run logs
MOEA/D,24,2009059,4,192,48,48,1.0,0.0,0.0,38,0.20245956023909717,0.5779880104152422,0.56953871354475,0.6158831083137548,经过处理的数据 / public-data surrogate; not author-run logs
MOEA/D,24,2009059,5,240,48,48,1.0,0.0,0.0,44,0.20339141728980004,0.5779880104152422,0.5712655537442635,0.6170457997125656,经过处理的数据 / public-data surrogate; not author-run logs
MOEA/D,24,2009059,6,288,48,48,1.0,0.0,0.0,44,0.20397960396426174,0.5779880104152422,0.5712655537442635,0.6188856052853442,经过处理的数据 / public-data surrogate; not author-run logs
MOEA/D,24,2009059,7,336,48,48,1.0,0.0,0.0,40,0.2049299535728815,0.5789345734929296,0.5728926084851211,0.6188856052853442,经过处理的数据 / public-data surrogate; not author-run logs
MOEA/D,24,2009059,8,384,48,48,1.0,0.0,0.0,41,0.20493257687683059,0.5789345734929296,0.5728926084851211,0.6188856052853442,经过处理的数据 / public-data surrogate; not author-run logs
MOEA/D,24,2009059,9,432,48,48,1.0,0.0,0.0,36,0.20495494704960052,0.5789345734929296,0.5728926084851211,0.6188856052853442,经过处理的数据 / public-data surrogate; not author-run logs
MOEA/D,24,2009059,10,480,48,48,1.0,0.0,0.0,27,0.20700879233496572,0.5845750665924526,0.5728789378842075,0.6189093582118625,经过处理的数据 / public-data surrogate; not author-run logs
MOEA/D,24,2009059,11,528,48,48,1.0,0.0,0.0,26,0.20715299642412965,0.5845750665924526,0.5729141334304174,0.6192275762494514,经过处理的数据 / public-data surrogate; not author-run logs
MOEA/D,24,2009059,12,576,48,48,1.0,0.0,0.0,37,0.20718390832463057,0.5845750665924526,0.5729141334304174,0.6193101657260711,经过处理的数据 / public-data surrogate; not author-run logs
MOEA/D,24,2009059,13,624,48,48,1.0,0.0,0.0,32,0.2071326619995391,0.5840404658215888,0.5729215998326099,0.619687057745105,经过处理的数据 / public-data surrogate; not author-run logs
MOEA/D,24,2009059,14,672,48,48,1.0,0.0,0.0,36,0.20752022421324437,0.5840404658215888,0.5729228491819185,0.6209470131543311,经过处理的数据 / public-data surrogate; not author-run logs
MOEA/D,24,2009059,15,720,48,48,1.0,0.0,0.0,36,0.20791725983122558,0.5851000450499481,0.5729527748048651,0.620970944600846,经过处理的数据 / public-data surrogate; not author-run logs
MOEA/D,24,2009059,16,768,48,48,1.0,0.0,0.0,35,0.20792764779357675,0.5851000450499481,0.5729527748048651,0.6209770327545286,经过处理的数据 / public-data surrogate; not author-run logs
MOEA/D,24,2009059,17,816,48,48,1.0,0.0,0.0,40,0.2079578432051336,0.5851000450499481,0.5729527748048651,0.6209965072409959,经过处理的数据 / public-data surrogate; not author-run logs
MOEA/D,24,2009059,18,864,48,48,1.0,0.0,0.0,38,0.20777229060012378,0.5845208949700021,0.5729527748048651,0.6210337942648745,经过处理的数据 / public-data surrogate; not author-run logs
MOEA/D,24,2009059,19,912,48,48,1.0,0.0,0.0,36,0.20777241178692554,0.5845208949700021,0.5729527748048651,0.6210337942648745,经过处理的数据 / public-data surrogate; not author-run logs
MOEA/D,24,2009059,20,960,48,48,1.0,0.0,0.0,37,0.20798744662477264,0.5845208949700021,0.573328832736544,0.6213097201767294,经过处理的数据 / public-data surrogate; not author-run logs
MOEA/D,24,2009059,21,1008,48,48,1.0,0.0,0.0,37,0.20806352097509492,0.5845208949700021,0.5733675608019145,0.6214694475831515,经过处理的数据 / public-data surrogate; not author-run logs
MOEA/D,24,2009059,22,1056,48,48,1.0,0.0,0.0,39,0.20826371835645308,0.5850699734712713,0.5733675608019145,0.6215057484333618,经过处理的数据 / public-data surrogate; not author-run logs
MOEA/D,24,2009059,23,1104,48,48,1.0,0.0,0.0,36,0.2082927135911345,0.5850699734712713,0.5733675608019145,0.6215840291735261,经过处理的数据 / public-data surrogate; not author-run logs
MOEA/D,24,2009059,24,1152,48,48,1.0,0.0,0.0,39,0.20841174914625094,0.5850699734712713,0.5733675608019145,0.6219096267948326,经过处理的数据 / public-data surrogate; not author-run logs
MOEA/D,24,2009059,25,1200,48,48,1.0,0.0,0.0,39,0.20841236299948077,0.5850699734712713,0.5733675608019145,0.6219096267948326,经过处理的数据 / public-data surrogate; not author-run logs
MOEA/D,24,2009059,26,1248,48,48,1.0,0.0,0.0,39,0.20872929618308775,0.5850699734712713,0.5742313127780727,0.622012205674606,经过处理的数据 / public-data surrogate; not author-run logs
MOEA/D,24,2009059,27,1296,48,48,1.0,0.0,0.0,39,0.2087379390916161,0.5850699734712713,0.5742350175762019,0.622012205674606,经过处理的数据 / public-data surrogate; not author-run logs
MOEA/D,24,2009059,28,1344,48,48,1.0,0.0,0.0,42,0.20964423534254278,0.5861370024493618,0.5757831597090438,0.622012205674606,经过处理的数据 / public-data surrogate; not author-run logs
MOEA/D,24,2009059,29,1392,48,48,1.0,0.0,0.0,35,0.209645890073238,0.5861370024493618,0.5757831597090438,0.622012205674606,经过处理的数据 / public-data surrogate; not author-run logs
MOEA/D,24,2009059,30,1440,48,48,1.0,0.0,0.0,40,0.20965945682605888,0.5861370024493618,0.5757831597090438,0.622028908886809,经过处理的数据 / public-data surrogate; not author-run logs
MOEA/D,25,2009060,1,48,48,9,0.1875,0.22374255229928677,0.6109169756391082,5,0.18729065925389357,0.5767855335035874,0.518601020533065,0.6592321350450497,经过处理的数据 / public-data surrogate; not author-run logs
MOEA/D,25,2009060,2,96,48,48,1.0,0.0,0.0,29,0.1833968418032707,0.5322450904634523,0.5364453293041671,0.64440368636994,经过处理的数据 / public-data surrogate; not author-run logs
MOEA/D,25,2009060,3,144,48,48,1.0,0.0,0.0,32,0.21099078547083266,0.5738406085254715,0.5608965627976467,0.6563035951705753,经过处理的数据 / public-data surrogate; not author-run logs
MOEA/D,25,2009060,4,192,48,48,1.0,0.0,0.0,33,0.21458570341970445,0.5738406085254715,0.5672003650615975,0.6597842191592272,经过处理的数据 / public-data surrogate; not author-run logs
MOEA/D,25,2009060,5,240,48,48,1.0,0.0,0.0,41,0.21487982413528567,0.5753107020750062,0.5672003650615975,0.658861118886759,经过处理的数据 / public-data surrogate; not author-run logs
MOEA/D,25,2009060,6,288,48,48,1.0,0.0,0.0,44,0.21587065403877978,0.5753107020750062,0.5686794639992712,0.6601084445111636,经过处理的数据 / public-data surrogate; not author-run logs
MOEA/D,25,2009060,7,336,48,48,1.0,0.0,0.0,36,0.21821257641009523,0.5773235305172165,0.5728234820477626,0.6599024133044605,经过处理的数据 / public-data surrogate; not author-run logs
MOEA/D,25,2009060,8,384,48,48,1.0,0.0,0.0,23,0.21775825351556433,0.5775107149981448,0.5728234820477626,0.6582670721242025,经过处理的数据 / public-data surrogate; not author-run logs
MOEA/D,25,2009060,9,432,48,48,1.0,0.0,0.0,33,0.21776433570441167,0.5775165957508037,0.5728234820477626,0.6582787621586591,经过处理的数据 / public-data surrogate; not author-run logs
MOEA/D,25,2009060,10,480,48,48,1.0,0.0,0.0,31,0.21781359376487386,0.5776385806846746,0.5728234820477626,0.6582888548959349,经过处理的数据 / public-data surrogate; not author-run logs
MOEA/D,25,2009060,11,528,48,48,1.0,0.0,0.0,33,0.2178250983647379,0.5776385806846746,0.5728234820477626,0.6583236364211198,经过处理的数据 / public-data surrogate; not author-run logs
MOEA/D,25,2009060,12,576,48,48,1.0,0.0,0.0,33,0.21787481901766514,0.5776392718478295,0.5729438378768468,0.6583356658336664,经过处理的数据 / public-data surrogate; not author-run logs
MOEA/D,25,2009060,13,624,48,48,1.0,0.0,0.0,37,0.21789136157321892,0.5776395253852377,0.5729843140650359,0.6583392548795329,经过处理的数据 / public-data surrogate; not author-run logs
MOEA/D,25,2009060,14,672,48,48,1.0,0.0,0.0,36,0.2178920293314738,0.5776395253852377,0.5729843140650359,0.6583405280870436,经过处理的数据 / public-data surrogate; not author-run logs
MOEA/D,25,2009060,15,720,48,48,1.0,0.0,0.0,39,0.21789243126649926,0.5776395253852377,0.5729843140650359,0.6583405280870436,经过处理的数据 / public-data surrogate; not author-run logs
MOEA/D,25,2009060,16,768,48,48,1.0,0.0,0.0,37,0.21789292769980603,0.5776395253852377,0.5729843140650359,0.6583419110737422,经过处理的数据 / public-data surrogate; not author-run logs
MOEA/D,25,2009060,17,816,48,48,1.0,0.0,0.0,33,0.2178874167865646,0.5776246150325162,0.5729843140650359,0.6583419110737422,经过处理的数据 / public-data surrogate; not author-run logs
MOEA/D,25,2009060,18,864,48,48,1.0,0.0,0.0,29,0.21796044467195008,0.5777953905238936,0.5730009385317371,0.6583482267729482,经过处理的数据 / public-data surrogate; not author-run logs
MOEA/D,25,2009060,19,912,48,48,1.0,0.0,0.0,32,0.21799379938222962,0.5778659513297423,0.5730009385317371,0.6583685972235076,经过处理的数据 / public-data surrogate; not author-run logs
MOEA/D,25,2009060,20,960,48,48,1.0,0.0,0.0,31,0.2181013499072329,0.5779204117493602,0.5732311009345574,0.6583692705022818,经过处理的数据 / public-data surrogate; not author-run logs
MOEA/D,25,2009060,21,1008,48,48,1.0,0.0,0.0,35,0.21810129725553193,0.5779204117493602,0.5732311009345574,0.6583690949464792,经过处理的数据 / public-data surrogate; not author-run logs
MOEA/D,25,2009060,22,1056,48,48,1.0,0.0,0.0,36,0.21810110528959137,0.5779204117493602,0.5732305566262933,0.6583690949464792,经过处理的数据 / public-data surrogate; not author-run logs
MOEA/D,25,2009060,23,1104,48,48,1.0,0.0,0.0,35,0.2181011072604783,0.5779204117493602,0.5732305566262933,0.6583690949464792,经过处理的数据 / public-data surrogate; not author-run logs
MOEA/D,25,2009060,24,1152,48,48,1.0,0.0,0.0,40,0.21812911666834628,0.5779204117493602,0.5733025577685964,0.6583716330763005,经过处理的数据 / public-data surrogate; not author-run logs
MOEA/D,25,2009060,25,1200,48,48,1.0,0.0,0.0,37,0.2182643092591357,0.5782794043252937,0.5733025577685964,0.6583719596089983,经过处理的数据 / public-data surrogate; not author-run logs
MOEA/D,25,2009060,26,1248,48,48,1.0,0.0,0.0,35,0.21827527492424706,0.5783066846379064,0.5733025577685964,0.6583740132480105,经过处理的数据 / public-data surrogate; not author-run logs
MOEA/D,25,2009060,27,1296,48,48,1.0,0.0,0.0,39,0.2182756537419283,0.5783070290778439,0.5733025577685964,0.6583733552867357,经过处理的数据 / public-data surrogate; not author-run logs
MOEA/D,25,2009060,28,1344,48,48,1.0,0.0,0.0,38,0.21828055963961407,0.5783199609771769,0.5733025577685964,0.6583733552867357,经过处理的数据 / public-data surrogate; not author-run logs
MOEA/D,25,2009060,29,1392,48,48,1.0,0.0,0.0,38,0.21828057893789307,0.5783199609771769,0.5733025577685964,0.6583733552867357,经过处理的数据 / public-data surrogate; not author-run logs
MOEA/D,25,2009060,30,1440,48,48,1.0,0.0,0.0,37,0.21828074081004148,0.5783199609771769,0.5733025577685964,0.6583738011710634,经过处理的数据 / public-data surrogate; not author-run logs
MOEA/D,26,2009061,1,48,48,13,0.2708333333333333,0.152392480638924,0.6677181166021535,3,0.20194699702388622,0.5940803303957419,0.529648517407317,0.6545789519185132,经过处理的数据 / public-data surrogate; not author-run logs
MOEA/D,26,2009061,2,96,48,48,1.0,0.0,0.0,35,0.20173602130499166,0.5667810181707532,0.5797964291937528,0.6172498842712923,经过处理的数据 / public-data surrogate; not author-run logs
MOEA/D,26,2009061,3,144,48,48,1.0,0.0,0.0,32,0.2109446048968765,0.5844850752745532,0.5827222028338698,0.6203609713065794,经过处理的数据 / public-data surrogate; not author-run logs
MOEA/D,26,2009061,4,192,48,48,1.0,0.0,0.0,35,0.21739885581985893,0.5882018306886901,0.5827222028338698,0.6360624198221261,经过处理的数据 / public-data surrogate; not author-run logs
MOEA/D,26,2009061,5,240,48,48,1.0,0.0,0.0,36,0.22082414930751904,0.5896986975043731,0.590286526312769,0.6363110644600938,经过处理的数据 / public-data surrogate; not author-run logs
MOEA/D,26,2009061,6,288,48,48,1.0,0.0,0.0,39,0.22145740529480032,0.5902187353014136,0.590286526312769,0.6369486504510065,经过处理的数据 / public-data surrogate; not author-run logs
MOEA/D,26,2009061,7,336,48,48,1.0,0.0,0.0,42,0.22223608477745432,0.5916098145561752,0.5903120690537573,0.6374306595116177,经过处理的数据 / public-data surrogate; not author-run logs
MOEA/D,26,2009061,8,384,48,48,1.0,0.0,0.0,39,0.22307100386140827,0.593082841620269,0.5903120690537573,0.6380628896267742,经过处理的数据 / public-data surrogate; not author-run logs
MOEA/D,26,2009061,9,432,48,48,1.0,0.0,0.0,36,0.2232082231908731,0.593082841620269,0.5903120690537573,0.6383283024695603,经过处理的数据 / public-data surrogate; not author-run logs
MOEA/D,26,2009061,10,480,48,48,1.0,0.0,0.0,35,0.2243490467223409,0.593082841620269,0.5934514904016759,0.6383251082898004,经过处理的数据 / public-data surrogate; not author-run logs
MOEA/D,26,2009061,11,528,48,48,1.0,0.0,0.0,36,0.2244562587549266,0.593082841620269,0.5934514904016759,0.638579142608686,经过处理的数据 / public-data surrogate; not author-run logs
MOEA/D,26,2009061,12,576,48,48,1.0,0.0,0.0,34,0.22446416381149986,0.593082841620269,0.5934514904016759,0.638579142608686,经过处理的数据 / public-data surrogate; not author-run logs
MOEA/D,26,2009061,13,624,48,48,1.0,0.0,0.0,42,0.22469472786109784,0.5933738996892948,0.5934514904016759,0.638906985315471,经过处理的数据 / public-data surrogate; not author-run logs
MOEA/D,26,2009061,14,672,48,48,1.0,0.0,0.0,43,0.22471833313474715,0.5933738996892948,0.5934514904016759,0.638906985315471,经过处理的数据 / public-data surrogate; not author-run logs
MOEA/D,26,2009061,15,720,48,48,1.0,0.0,0.0,41,0.22475067398070997,0.5934036595158629,0.5934514904016759,0.638906985315471,经过处理的数据 / public-data surrogate; not author-run logs
MOEA/D,26,2009061,16,768,48,48,1.0,0.0,0.0,44,0.22496290553990478,0.5934036595158629,0.5934514904016759,0.6394648226398836,经过处理的数据 / public-data surrogate; not author-run logs
MOEA/D,26,2009061,17,816,48,48,1.0,0.0,0.0,44,0.22496662577914237,0.5934036595158629,0.5934514904016759,0.6394648226398836,经过处理的数据 / public-data surrogate; not author-run logs
MOEA/D,26,2009061,18,864,48,48,1.0,0.0,0.0,44,0.22513459419735837,0.5934036595158629,0.5934514904016759,0.6399257614283266,经过处理的数据 / public-data surrogate; not author-run logs
MOEA/D,26,2009061,19,912,48,48,1.0,0.0,0.0,46,0.22589190962896402,0.5954599522849398,0.5934514904016759,0.6400199548631319,经过处理的数据 / public-data surrogate; not author-run logs
MOEA/D,26,2009061,20,960,48,48,1.0,0.0,0.0,44,0.22587619094906378,0.5954599522849398,0.5932776903465917,0.6400953357037826,经过处理的数据 / public-data surrogate; not author-run logs
MOEA/D,26,2009061,21,1008,48,48,1.0,0.0,0.0,43,0.22589464597560704,0.5954599522849398,0.5932776903465917,0.640162872167103,经过处理的数据 / public-data surrogate; not author-run logs
MOEA/D,26,2009061,22,1056,48,48,1.0,0.0,0.0,44,0.2272994907389578,0.5954599522849398,0.5968638970065685,0.6404923490682264,经过处理的数据 / public-data surrogate; not author-run logs
MOEA/D,26,2009061,23,1104,48,48,1.0,0.0,0.0,46,0.22757090589741363,0.5954599522849398,0.5968638970065685,0.6412935495630967,经过处理的数据 / public-data surrogate; not author-run logs
MOEA/D,26,2009061,24,1152,48,48,1.0,0.0,0.0,47,0.2269545203526382,0.5954599522849398,0.5950806208400234,0.6413101799447959,经过处理的数据 / public-data surrogate; not author-run logs
MOEA/D,26,2009061,25,1200,48,48,1.0,0.0,0.0,46,0.22706277625973348,0.5954599522849398,0.5953460357842709,0.6413101799447959,经过处理的数据 / public-data surrogate; not author-run logs
MOEA/D,26,2009061,26,1248,48,48,1.0,0.0,0.0,46,0.22706899903559427,0.5954599522849398,0.5953460357842709,0.6413101799447959,经过处理的数据 / public-data surrogate; not author-run logs
MOEA/D,26,2009061,27,1296,48,48,1.0,0.0,0.0,47,0.22891159663659774,0.5942699092363506,0.6017688723212442,0.6413927594702187,经过处理的数据 / public-data surrogate; not author-run logs
MOEA/D,26,2009061,28,1344,48,48,1.0,0.0,0.0,46,0.228912476299807,0.5942699092363506,0.6017688723212442,0.6413927594702187,经过处理的数据 / public-data surrogate; not author-run logs
MOEA/D,26,2009061,29,1392,48,48,1.0,0.0,0.0,46,0.2289266490882854,0.5942699092363506,0.6017688723212442,0.6413927594702187,经过处理的数据 / public-data surrogate; not author-run logs
MOEA/D,26,2009061,30,1440,48,48,1.0,0.0,0.0,45,0.22878682118604426,0.5941598634860751,0.6014897805187305,0.6413927594702187,经过处理的数据 / public-data surrogate; not author-run logs
MOEA/D,27,2009062,1,48,48,12,0.25,0.1946801037880543,0.761543217273349,7,0.19822784105354757,0.569276350019172,0.5690967904630283,0.6352776668001674,经过处理的数据 / public-data surrogate; not author-run logs
MOEA/D,27,2009062,2,96,48,48,1.0,0.0,0.0,38,0.20212252775211578,0.5576130961391287,0.6071919977124876,0.6108692902418656,经过处理的数据 / public-data surrogate; not author-run logs
MOEA/D,27,2009062,3,144,48,48,1.0,0.0,0.0,29,0.21164679918053714,0.5542322273247712,0.6310767870074313,0.6088872896984989,经过处理的数据 / public-data surrogate; not author-run logs
MOEA/D,27,2009062,4,192,48,48,1.0,0.0,0.0,29,0.21497501331132965,0.5576674268347961,0.6310767870074313,0.6140851953067692,经过处理的数据 / public-data surrogate; not author-run logs
MOEA/D,27,2009062,5,240,48,48,1.0,0.0,0.0,25,0.21645488521905984,0.5592365566023118,0.6310767870074313,0.6146388371237642,经过处理的数据 / public-data surrogate; not author-run logs
MOEA/D,27,2009062,6,288,48,48,1.0,0.0,0.0,37,0.21809498756322854,0.5592411249658377,0.6344037575700049,0.6153058657880518,经过处理的数据 / public-data surrogate; not author-run logs
MOEA/D,27,2009062,7,336,48,48,1.0,0.0,0.0,36,0.21896978473211048,0.5592411249658377,0.634470175122339,0.6176118559211994,经过处理的数据 / public-data surrogate; not author-run logs
MOEA/D,27,2009062,8,384,48,48,1.0,0.0,0.0,34,0.22072733483079232,0.5629909535292317,0.6352851082099488,0.6177010851686293,经过处理的数据 / public-data surrogate; not author-run logs
MOEA/D,27,2009062,9,432,48,48,1.0,0.0,0.0,44,0.22247561592578435,0.5629909535292317,0.6401298713402228,0.6180535671069699,经过处理的数据 / public-data surrogate; not author-run logs
MOEA/D,27,2009062,10,480,48,48,1.0,0.0,0.0,46,0.22315247565690383,0.563031942663252,0.6419474313814004,0.6180978677401242,经过处理的数据 / public-data surrogate; not author-run logs
MOEA/D,27,2009062,11,528,48,48,1.0,0.0,0.0,36,0.22318132962392445,0.563031942663252,0.6419474313814004,0.6181705516797872,经过处理的数据 / public-data surrogate; not author-run logs
MOEA/D,27,2009062,12,576,48,48,1.0,0.0,0.0,39,0.22338029773025608,0.563031942663252,0.6419474313814004,0.6187316920554218,经过处理的数据 / public-data surrogate; not author-run logs
MOEA/D,27,2009062,13,624,48,48,1.0,0.0,0.0,44,0.22339396037371229,0.563031942663252,0.6419474313814004,0.6187316920554218,经过处理的数据 / public-data surrogate; not author-run logs
MOEA/D,27,2009062,14,672,48,48,1.0,0.0,0.0,43,0.22334444309493934,0.563031942663252,0.6419474313814004,0.6185586754969212,经过处理的数据 / public-data surrogate; not author-run logs
MOEA/D,27,2009062,15,720,48,48,1.0,0.0,0.0,43,0.2235074219875111,0.563031942663252,0.6419474313814004,0.6190263849037458,经过处理的数据 / public-data surrogate; not author-run logs
MOEA/D,27,2009062,16,768,48,48,1.0,0.0,0.0,42,0.2235121180551108,0.563031942663252,0.6419474313814004,0.6190263849037458,经过处理的数据 / public-data surrogate; not author-run logs
MOEA/D,27,2009062,17,816,48,48,1.0,0.0,0.0,45,0.22426323754097233,0.5632134658368599,0.6440559853302663,0.6189723613620242,经过处理的数据 / public-data surrogate; not author-run logs
MOEA/D,27,2009062,18,864,48,48,1.0,0.0,0.0,43,0.22427625709317645,0.5632134658368599,0.6440559853302663,0.6190038279242668,经过处理的数据 / public-data surrogate; not author-run logs
MOEA/D,27,2009062,19,912,48,48,1.0,0.0,0.0,46,0.22500618080266593,0.5642937090899093,0.6448175197851825,0.6191427556237757,经过处理的数据 / public-data surrogate; not author-run logs
MOEA/D,27,2009062,20,960,48,48,1.0,0.0,0.0,46,0.22502189218175936,0.5642937090899093,0.6448175197851825,0.6191427556237757,经过处理的数据 / public-data surrogate; not author-run logs
MOEA/D,27,2009062,21,1008,48,48,1.0,0.0,0.0,46,0.22506979389186044,0.5642937090899093,0.6448175197851825,0.6192491816538959,经过处理的数据 / public-data surrogate; not author-run logs
MOEA/D,27,2009062,22,1056,48,48,1.0,0.0,0.0,45,0.22507930158647335,0.5642937090899093,0.6448137398437754,0.6192527235430416,经过处理的数据 / public-data surrogate; not author-run logs
MOEA/D,27,2009062,23,1104,48,48,1.0,0.0,0.0,40,0.22512198347388443,0.5642937090899093,0.6448137398437754,0.6193572451953737,经过处理的数据 / public-data surrogate; not author-run logs
MOEA/D,27,2009062,24,1152,48,48,1.0,0.0,0.0,45,0.22520348714275154,0.5642937090899093,0.6450441373343254,0.6193637523851449,经过处理的数据 / public-data surrogate; not author-run logs
MOEA/D,27,2009062,25,1200,48,48,1.0,0.0,0.0,43,0.22528847262938123,0.5642937090899093,0.6452965968321503,0.6193637523851449,经过处理的数据 / public-data surrogate; not author-run logs
MOEA/D,27,2009062,26,1248,48,48,1.0,0.0,0.0,45,0.225349342084276,0.5642937090899093,0.6452965968321503,0.6195355310203556,经过处理的数据 / public-data surrogate; not author-run logs
MOEA/D,27,2009062,27,1296,48,48,1.0,0.0,0.0,47,0.2261317517143605,0.5642937090899093,0.6462909238327033,0.6208330643700852,经过处理的数据 / public-data surrogate; not author-run logs
MOEA/D,27,2009062,28,1344,48,48,1.0,0.0,0.0,47,0.2262029067624792,0.5642937090899093,0.6462909238327033,0.6210008848220985,经过处理的数据 / public-data surrogate; not author-run logs
MOEA/D,27,2009062,29,1392,48,48,1.0,0.0,0.0,43,0.22621930650183145,0.5642937090899093,0.6462909238327033,0.6210495587247755,经过处理的数据 / public-data surrogate; not author-run logs
MOEA/D,27,2009062,30,1440,48,48,1.0,0.0,0.0,43,0.22649323037599234,0.5642937090899093,0.647098718445745,0.6210495587247755,经过处理的数据 / public-data surrogate; not author-run logs
MOEA/D,28,2009063,1,48,48,13,0.2708333333333333,0.18872612362165522,0.7803368102481916,8,0.1931287512884422,0.5620447325405208,0.5308307748190249,0.6682405626910966,经过处理的数据 / public-data surrogate; not author-run logs
MOEA/D,28,2009063,2,96,48,48,1.0,0.0,0.0,44,0.19407647196135946,0.5457932596564018,0.5586741381648117,0.6417474952014338,经过处理的数据 / public-data surrogate; not author-run logs
MOEA/D,28,2009063,3,144,48,48,1.0,0.0,0.0,19,0.18981026892391697,0.5418379984324466,0.5457835151850362,0.6429495462043477,经过处理的数据 / public-data surrogate; not author-run logs
MOEA/D,28,2009063,4,192,48,48,1.0,0.0,0.0,22,0.1922902601429089,0.5457761560000037,0.5488764273884295,0.6426992035673229,经过处理的数据 / public-data surrogate; not author-run logs
MOEA/D,28,2009063,5,240,48,48,1.0,0.0,0.0,38,0.1922754243759561,0.5448646826637121,0.5488764273884295,0.643417457862039,经过处理的数据 / public-data surrogate; not author-run logs
MOEA/D,28,2009063,6,288,48,48,1.0,0.0,0.0,30,0.19233138165436336,0.5448646826637121,0.5488774154829685,0.6435581441391942,经过处理的数据 / public-data surrogate; not author-run logs
MOEA/D,28,2009063,7,336,48,48,1.0,0.0,0.0,32,0.19235004402472414,0.5448646826637121,0.5488774154829685,0.6436188704426247,经过处理的数据 / public-data surrogate; not author-run logs
MOEA/D,28,2009063,8,384,48,48,1.0,0.0,0.0,36,0.1940368000233101,0.5481067217298745,0.5501610471017361,0.6436757965394682,经过处理的数据 / public-data surrogate; not author-run logs
MOEA/D,28,2009063,9,432,48,48,1.0,0.0,0.0,28,0.19547558604096982,0.5518152840929041,0.550321381589101,0.6438748380701594,经过处理的数据 / public-data surrogate; not author-run logs
MOEA/D,28,2009063,10,480,48,48,1.0,0.0,0.0,30,0.19550767456152932,0.5518854228281654,0.550321381589101,0.6438780829662102,经过处理的数据 / public-data surrogate; not author-run logs
MOEA/D,28,2009063,11,528,48,48,1.0,0.0,0.0,24,0.19554486991199457,0.5519323333127114,0.550321381589101,0.643901976970957,经过处理的数据 / public-data surrogate; not author-run logs
MOEA/D,28,2009063,12,576,48,48,1.0,0.0,0.0,24,0.19569342340584414,0.5523340975283261,0.550321381589101,0.6439246033583095,经过处理的数据 / public-data surrogate; not author-run logs
MOEA/D,28,2009063,13,624,48,48,1.0,0.0,0.0,30,0.1962034290620442,0.5523340975283261,0.5517788216159355,0.6439652399079855,经过处理的数据 / public-data surrogate; not author-run logs
MOEA/D,28,2009063,14,672,48,48,1.0,0.0,0.0,38,0.19646975964722455,0.5523780467838593,0.5525038595272144,0.6439652399079855,经过处理的数据 / public-data surrogate; not author-run logs
MOEA/D,28,2009063,15,720,48,48,1.0,0.0,0.0,33,0.1965081786877021,0.552551837369236,0.5524088615459294,0.6439963054761065,经过处理的数据 / public-data surrogate; not author-run logs
MOEA/D,28,2009063,16,768,48,48,1.0,0.0,0.0,34,0.19664513815012355,0.5525819334567355,0.5527826254445259,0.64400044490077,经过处理的数据 / public-data surrogate; not author-run logs
MOEA/D,28,2009063,17,816,48,48,1.0,0.0,0.0,22,0.19680202464368235,0.5528663856443928,0.5527826254445259,0.6441415314243293,经过处理的数据 / public-data surrogate; not author-run logs
MOEA/D,28,2009063,18,864,48,48,1.0,0.0,0.0,22,0.19709660241288218,0.5536710332349906,0.5527826254445259,0.6441415314243293,经过处理的数据 / public-data surrogate; not author-run logs
MOEA/D,28,2009063,19,912,48,48,1.0,0.0,0.0,24,0.19746604535450032,0.5536710332349906,0.5537851367693338,0.6441415314243293,经过处理的数据 / public-data surrogate; not author-run logs
MOEA/D,28,2009063,20,960,48,48,1.0,0.0,0.0,25,0.19739867931886834,0.5534588531540133,0.5537851367693338,0.6441954886580503,经过处理的数据 / public-data surrogate; not author-run logs
MOEA/D,28,2009063,21,1008,48,48,1.0,0.0,0.0,30,0.19764235121746263,0.5541170614776448,0.5537851367693338,0.6441954886580503,经过处理的数据 / public-data surrogate; not author-run logs
MOEA/D,28,2009063,22,1056,48,48,1.0,0.0,0.0,30,0.19790060889236216,0.5542241624383988,0.5543309994090577,0.6442638617830546,经过处理的数据 / public-data surrogate; not author-run logs
MOEA/D,28,2009063,23,1104,48,48,1.0,0.0,0.0,21,0.19796455453429274,0.554380865503853,0.5543309994090577,0.6442548644611223,经过处理的数据 / public-data surrogate; not author-run logs
MOEA/D,28,2009063,24,1152,48,48,1.0,0.0,0.0,27,0.19810631558252903,0.554773899213947,0.5543309994090577,0.6442548644611223,经过处理的数据 / public-data surrogate; not author-run logs
MOEA/D,28,2009063,25,1200,48,48,1.0,0.0,0.0,26,0.1985108644448095,0.554773899213947,0.555413596708832,0.6443221071939864,经过处理的数据 / public-data surrogate; not author-run logs
MOEA/D,28,2009063,26,1248,48,48,1.0,0.0,0.0,30,0.1985142471247858,0.554773899213947,0.555413596708832,0.6443333690859451,经过处理的数据 / public-data surrogate; not author-run logs
MOEA/D,28,2009063,27,1296,48,48,1.0,0.0,0.0,28,0.19851211459079054,0.554773899213947,0.555413596708832,0.6443222018917135,经过处理的数据 / public-data surrogate; not author-run logs
MOEA/D,28,2009063,28,1344,48,48,1.0,0.0,0.0,24,0.19880460966468555,0.555538302724347,0.5554370526301597,0.6443564915329203,经过处理的数据 / public-data surrogate; not author-run logs
MOEA/D,28,2009063,29,1392,48,48,1.0,0.0,0.0,15,0.19880733352953955,0.555538302724347,0.5554370526301597,0.6443564915329203,经过处理的数据 / public-data surrogate; not author-run logs
MOEA/D,28,2009063,30,1440,48,48,1.0,0.0,0.0,30,0.1988158126383672,0.555538302724347,0.5554370526301597,0.6443806065082701,经过处理的数据 / public-data surrogate; not author-run logs
MOEA/D,29,2009064,1,48,48,14,0.2916666666666667,0.21156018579727767,0.7020758194135936,4,0.17608351008214893,0.5269160175257973,0.5262849342555711,0.638299747696683,经过处理的数据 / public-data surrogate; not author-run logs
MOEA/D,29,2009064,2,96,48,48,1.0,0.0,0.0,36,0.20380799620652892,0.539240825133278,0.5890232273909924,0.6492738062754506,经过处理的数据 / public-data surrogate; not author-run logs
MOEA/D,29,2009064,3,144,48,48,1.0,0.0,0.0,25,0.22718314531522524,0.5930149966694921,0.5813570015241162,0.6590655100290498,经过处理的数据 / public-data surrogate; not author-run logs
MOEA/D,29,2009064,4,192,48,48,1.0,0.0,0.0,26,0.24543689129596652,0.6177598197451913,0.6046417012416584,0.6571080532174107,经过处理的数据 / public-data surrogate; not author-run logs
MOEA/D,29,2009064,5,240,48,48,1.0,0.0,0.0,32,0.24854231251364262,0.62268831427001,0.6065730161098776,0.658035988050193,经过处理的数据 / public-data surrogate; not author-run logs
MOEA/D,29,2009064,6,288,48,48,1.0,0.0,0.0,12,0.24832145179620016,0.6224942331608689,0.606214868051561,0.6580504289961848,经过处理的数据 / public-data surrogate; not author-run logs
MOEA/D,29,2009064,7,336,48,48,1.0,0.0,0.0,15,0.2484558904910177,0.6227722030067762,0.6062705377988946,0.6580548392379013,经过处理的数据 / public-data surrogate; not author-run logs
MOEA/D,29,2009064,8,384,48,48,1.0,0.0,0.0,28,0.2484591442758967,0.6227751733480072,0.6062705377988946,0.6580601454173435,经过处理的数据 / public-data surrogate; not author-run logs
MOEA/D,29,2009064,9,432,48,48,1.0,0.0,0.0,18,0.24846040125506516,0.6227751733480072,0.6062705377988946,0.6580634969020618,经过处理的数据 / public-data surrogate; not author-run logs
MOEA/D,29,2009064,10,480,48,48,1.0,0.0,0.0,21,0.24859990189215406,0.6227751733480072,0.6066027624209461,0.6580635115583998,经过处理的数据 / public-data surrogate; not author-run logs
MOEA/D,29,2009064,11,528,48,48,1.0,0.0,0.0,20,0.24859193082779082,0.6227751733480072,0.6065843447928445,0.6580634578912575,经过处理的数据 / public-data surrogate; not author-run logs
MOEA/D,29,2009064,12,576,48,48,1.0,0.0,0.0,19,0.24862937816751177,0.6227944155224922,0.6066308951431525,0.6580911033669856,经过处理的数据 / public-data surrogate; not author-run logs
MOEA/D,29,2009064,13,624,48,48,1.0,0.0,0.0,22,0.24870095969254105,0.6229742184813122,0.6066308951431525,0.6580910905010843,经过处理的数据 / public-data surrogate; not author-run logs
MOEA/D,29,2009064,14,672,48,48,1.0,0.0,0.0,20,0.24864466304028437,0.622829927886201,0.6066308951431525,0.6580939863421659,经过处理的数据 / public-data surrogate; not author-run logs
MOEA/D,29,2009064,15,720,48,48,1.0,0.0,0.0,14,0.24872174425949148,0.6228889531716282,0.606759161016064,0.6580969930881214,经过处理的数据 / public-data surrogate; not author-run logs
MOEA/D,29,2009064,16,768,48,48,1.0,0.0,0.0,19,0.24872186336495403,0.6228889531716282,0.606759161016064,0.6580969930881214,经过处理的数据 / public-data surrogate; not author-run logs
MOEA/D,29,2009064,17,816,48,48,1.0,0.0,0.0,22,0.2487846635441823,0.6228889531716282,0.6069135013525304,0.6580971008868715,经过处理的数据 / public-data surrogate; not author-run logs
MOEA/D,29,2009064,18,864,48,48,1.0,0.0,0.0,22,0.2487870536262261,0.6228957082084857,0.6069135013525304,0.6580962886432185,经过处理的数据 / public-data surrogate; not author-run logs
MOEA/D,29,2009064,19,912,48,48,1.0,0.0,0.0,29,0.24882783496647343,0.6229975020140929,0.6069135013525304,0.6580969065741353,经过处理的数据 / public-data surrogate; not author-run logs
MOEA/D,29,2009064,20,960,48,48,1.0,0.0,0.0,29,0.24883019077273896,0.6229975020140929,0.6069191716880101,0.6580970345474483,经过处理的数据 / public-data surrogate; not author-run logs
MOEA/D,29,2009064,21,1008,48,48,1.0,0.0,0.0,19,0.24887873498925075,0.6231095499530175,0.6069288881260358,0.658096961263483,经过处理的数据 / public-data surrogate; not author-run logs
MOEA/D,29,2009064,22,1056,48,48,1.0,0.0,0.0,21,0.24891729710360566,0.6232053976238536,0.6069288881260358,0.6580969393132967,经过处理的数据 / public-data surrogate; not author-run logs
MOEA/D,29,2009064,23,1104,48,48,1.0,0.0,0.0,24,0.24894103660739744,0.6232638796512958,0.6069288881260358,0.6580975026829512,经过处理的数据 / public-data surrogate; not author-run logs
MOEA/D,29,2009064,24,1152,48,48,1.0,0.0,0.0,25,0.2489419156327464,0.6232638796512958,0.6069288881260358,0.6580988779404477,经过处理的数据 / public-data surrogate; not author-run logs
MOEA/D,29,2009064,25,1200,48,48,1.0,0.0,0.0,20,0.2489520258586812,0.6233071399953152,0.6069108918846745,0.6580988822608204,经过处理的数据 / public-data surrogate; not author-run logs
MOEA/D,29,2009064,26,1248,48,48,1.0,0.0,0.0,16,0.2490130699027247,0.623358744304397,0.6069108918846745,0.658205905063171,经过处理的数据 / public-data surrogate; not author-run logs
MOEA/D,29,2009064,27,1296,48,48,1.0,0.0,0.0,27,0.2490446405896445,0.6233597758168768,0.606972024859509,0.6582228827276642,经过处理的数据 / public-data surrogate; not author-run logs
MOEA/D,29,2009064,28,1344,48,48,1.0,0.0,0.0,23,0.24911212284408848,0.6235285760673824,0.606972024859509,0.6582228827276642,经过处理的数据 / public-data surrogate; not author-run logs
MOEA/D,29,2009064,29,1392,48,48,1.0,0.0,0.0,23,0.24909287306204006,0.6235285760673824,0.6069108918846745,0.6582369105382865,经过处理的数据 / public-data surrogate; not author-run logs
MOEA/D,29,2009064,30,1440,48,48,1.0,0.0,0.0,32,0.24910370697809098,0.6235285760673824,0.6069371801500685,0.6582371292137199,经过处理的数据 / public-data surrogate; not author-run logs
MOEA/D,30,2009065,1,48,48,18,0.375,0.15099998108403256,0.6318928098266239,8,0.21400561953384614,0.5878334227926254,0.5732511932983438,0.6648668978221725,经过处理的数据 / public-data surrogate; not author-run logs
MOEA/D,30,2009065,2,96,48,48,1.0,0.0,0.0,35,0.2099941913324777,0.5369121166202079,0.6110220727724183,0.6414224663649174,经过处理的数据 / public-data surrogate; not author-run logs
MOEA/D,30,2009065,3,144,48,48,1.0,0.0,0.0,41,0.2241238986498386,0.5630914812894195,0.6153825992943046,0.6468928093016044,经过处理的数据 / public-data surrogate; not author-run logs
MOEA/D,30,2009065,4,192,48,48,1.0,0.0,0.0,26,0.2242925659366988,0.5638600250411372,0.6149732526195177,0.6468928093016044,经过处理的数据 / public-data surrogate; not author-run logs
MOEA/D,30,2009065,5,240,48,48,1.0,0.0,0.0,22,0.22508282098546983,0.5646293877206071,0.6149732526195177,0.6482968659626018,经过处理的数据 / public-data surrogate; not author-run logs
MOEA/D,30,2009065,6,288,48,48,1.0,0.0,0.0,29,0.22509875095942197,0.5646293877206071,0.6149732526195177,0.64833639492661,经过处理的数据 / public-data surrogate; not author-run logs
MOEA/D,30,2009065,7,336,48,48,1.0,0.0,0.0,29,0.22542484899431095,0.5654149707973949,0.6149732526195177,0.6483631039399873,经过处理的数据 / public-data surrogate; not author-run logs
MOEA/D,30,2009065,8,384,48,48,1.0,0.0,0.0,22,0.22563560891597043,0.5659595896551494,0.6149732526195177,0.6483685060494406,经过处理的数据 / public-data surrogate; not author-run logs
MOEA/D,30,2009065,9,432,48,48,1.0,0.0,0.0,25,0.22578091162778263,0.5663330711021345,0.6149732526195177,0.6483685060494406,经过处理的数据 / public-data surrogate; not author-run logs
MOEA/D,30,2009065,10,480,48,48,1.0,0.0,0.0,22,0.2258063178083316,0.5663970411512389,0.6149732526195177,0.648369367868527,经过处理的数据 / public-data surrogate; not author-run logs
MOEA/D,30,2009065,11,528,48,48,1.0,0.0,0.0,19,0.2259229700041222,0.5665117759382882,0.6149732526195177,0.6485558055240164,经过处理的数据 / public-data surrogate; not author-run logs
MOEA/D,30,2009065,12,576,48,48,1.0,0.0,0.0,19,0.22607181627898867,0.5666841157050109,0.6151951524430378,0.6485558055240164,经过处理的数据 / public-data surrogate; not author-run logs
MOEA/D,30,2009065,13,624,48,48,1.0,0.0,0.0,24,0.22620795707681116,0.5666841157050109,0.6153302067592493,0.6488068177479552,经过处理的数据 / public-data surrogate; not author-run logs
MOEA/D,30,2009065,14,672,48,48,1.0,0.0,0.0,21,0.22635777155705883,0.5670622421152526,0.6153302067592493,0.6488068177479552,经过处理的数据 / public-data surrogate; not author-run logs
MOEA/D,30,2009065,15,720,48,48,1.0,0.0,0.0,27,0.22637873091604027,0.5670635790158656,0.6153302067592493,0.6488707071832096,经过处理的数据 / public-data surrogate; not author-run logs
MOEA/D,30,2009065,16,768,48,48,1.0,0.0,0.0,28,0.22638744953345805,0.567071394589285,0.6153302067592493,0.6488707071832096,经过处理的数据 / public-data surrogate; not author-run logs
MOEA/D,30,2009065,17,816,48,48,1.0,0.0,0.0,33,0.2266354738760929,0.5676796320906404,0.6153540895512318,0.6488707071832096,经过处理的数据 / public-data surrogate; not author-run logs
MOEA/D,30,2009065,18,864,48,48,1.0,0.0,0.0,31,0.22663792829060656,0.5676796320906404,0.6153540895512318,0.6488707071832096,经过处理的数据 / public-data surrogate; not author-run logs
MOEA/D,30,2009065,19,912,48,48,1.0,0.0,0.0,31,0.22663632886069235,0.5676796320906404,0.6153540895512318,0.6488707071832096,经过处理的数据 / public-data surrogate; not author-run logs
MOEA/D,30,2009065,20,960,48,48,1.0,0.0,0.0,31,0.22663636954380842,0.5676796320906404,0.6153540895512318,0.6488707071832096,经过处理的数据 / public-data surrogate; not author-run logs
MOEA/D,30,2009065,21,1008,48,48,1.0,0.0,0.0,31,0.22663666221925066,0.5676796320906404,0.6153540895512318,0.6488707071832096,经过处理的数据 / public-data surrogate; not author-run logs
MOEA/D,30,2009065,22,1056,48,48,1.0,0.0,0.0,30,0.22663783432366352,0.5676796320906404,0.6153540895512318,0.6488707071832096,经过处理的数据 / public-data surrogate; not author-run logs
MOEA/D,30,2009065,23,1104,48,48,1.0,0.0,0.0,26,0.22664793697494393,0.5676866045938869,0.6153540895512318,0.6488976163121434,经过处理的数据 / public-data surrogate; not author-run logs
MOEA/D,30,2009065,24,1152,48,48,1.0,0.0,0.0,25,0.22667800961499573,0.5677727794731301,0.6153540895512318,0.6488847280420813,经过处理的数据 / public-data surrogate; not author-run logs
MOEA/D,30,2009065,25,1200,48,48,1.0,0.0,0.0,19,0.2266787003545141,0.5677727794731301,0.6153540895512318,0.6488847280420813,经过处理的数据 / public-data surrogate; not author-run logs
MOEA/D,30,2009065,26,1248,48,48,1.0,0.0,0.0,29,0.2266817479021911,0.5677828358056736,0.6153540895512318,0.6488781701911799,经过处理的数据 / public-data surrogate; not author-run logs
MOEA/D,30,2009065,27,1296,48,48,1.0,0.0,0.0,25,0.2266836575439999,0.5677828358056736,0.6153540895512318,0.6488781701911799,经过处理的数据 / public-data surrogate; not author-run logs
MOEA/D,30,2009065,28,1344,48,48,1.0,0.0,0.0,25,0.2266923292252586,0.5677828358056736,0.6153540895512318,0.6489039393467231,经过处理的数据 / public-data surrogate; not author-run logs
MOEA/D,30,2009065,29,1392,48,48,1.0,0.0,0.0,27,0.22675762813516967,0.5678906288763655,0.6153540895512318,0.6489689328870596,经过处理的数据 / public-data surrogate; not author-run logs
MOEA/D,30,2009065,30,1440,48,48,1.0,0.0,0.0,28,0.22676783522890712,0.567913001992527,0.6153540895512318,0.6489689328870596,经过处理的数据 / public-data surrogate; not author-run logs
NSGA-II,1,2109036,1,48,48,15,0.3125,0.15933933055974794,0.7773047078199238,8,0.20332260089565057,0.5809587856935687,0.5672066509399462,0.6370853883528922,经过处理的数据 / public-data surrogate; not author-run logs
NSGA-II,1,2109036,2,96,48,36,0.75,0.004219387472350224,0.039749935091595745,17,0.2211412860828294,0.6167896616437685,0.5796107077172133,0.643490715554901,经过处理的数据 / public-data surrogate; not author-run logs
NSGA-II,1,2109036,3,144,48,48,1.0,0.0,0.0,25,0.22325290130360975,0.6167896616437685,0.5796107077172133,0.6448815377808881,经过处理的数据 / public-data surrogate; not author-run logs
NSGA-II,1,2109036,4,192,48,48,1.0,0.0,0.0,12,0.24082320909704094,0.6369294754559953,0.5982639437147687,0.6448815377808881,经过处理的数据 / public-data surrogate; not author-run logs
NSGA-II,1,2109036,5,240,48,48,1.0,0.0,0.0,18,0.2490147790500306,0.6409043835985924,0.6115016143147308,0.6496958996270373,经过处理的数据 / public-data surrogate; not author-run logs
NSGA-II,1,2109036,6,288,48,48,1.0,0.0,0.0,18,0.2650633612849951,0.6472504136023044,0.639699957447498,0.654555303071722,经过处理的数据 / public-data surrogate; not author-run logs
NSGA-II,1,2109036,7,336,48,48,1.0,0.0,0.0,24,0.2826232408240044,0.6531782178350976,0.6697883976366348,0.6775049347707092,经过处理的数据 / public-data surrogate; not author-run logs
NSGA-II,1,2109036,8,384,48,48,1.0,0.0,0.0,27,0.2906189473881721,0.6563366740847282,0.677707827373653,0.6783564484569573,经过处理的数据 / public-data surrogate; not author-run logs
NSGA-II,1,2109036,9,432,48,48,1.0,0.0,0.0,39,0.3111247350050804,0.6637081366694255,0.7057795393751309,0.7001583801762217,经过处理的数据 / public-data surrogate; not author-run logs
NSGA-II,1,2109036,10,480,48,48,1.0,0.0,0.0,42,0.3135382659757008,0.6637081366694255,0.7057795393751309,0.7001583801762217,经过处理的数据 / public-data surrogate; not author-run logs
NSGA-II,1,2109036,11,528,48,48,1.0,0.0,0.0,38,0.3271638114513086,0.6801513963228316,0.7118197219248009,0.707555392007334,经过处理的数据 / public-data surrogate; not author-run logs
NSGA-II,1,2109036,12,576,48,48,1.0,0.0,0.0,40,0.34194682983099556,0.6801513963228316,0.7461563595687161,0.707555392007334,经过处理的数据 / public-data surrogate; not author-run logs
NSGA-II,1,2109036,13,624,48,48,1.0,0.0,0.0,42,0.3502931539171821,0.6801513963228316,0.7564572584148851,0.7137019302796639,经过处理的数据 / public-data surrogate; not author-run logs
NSGA-II,1,2109036,14,672,48,48,1.0,0.0,0.0,41,0.3609740574293571,0.6969775706745058,0.7564572584148851,0.7153011167715234,经过处理的数据 / public-data surrogate; not author-run logs
NSGA-II,1,2109036,15,720,48,48,1.0,0.0,0.0,47,0.3624276377501016,0.6969775706745058,0.7564572584148851,0.7153011167715234,经过处理的数据 / public-data surrogate; not author-run logs
NSGA-II,1,2109036,16,768,48,48,1.0,0.0,0.0,38,0.36651610438294735,0.6997399074744189,0.7564572584148851,0.7153011167715234,经过处理的数据 / public-data surrogate; not author-run logs
NSGA-II,1,2109036,17,816,48,48,1.0,0.0,0.0,48,0.36902254298083653,0.7020489501756074,0.7564572584148851,0.7153011167715234,经过处理的数据 / public-data surrogate; not author-run logs
NSGA-II,1,2109036,18,864,48,48,1.0,0.0,0.0,48,0.37802873905808787,0.720659607194484,0.7564572584148851,0.7153011167715234,经过处理的数据 / public-data surrogate; not author-run logs
NSGA-II,1,2109036,19,912,48,48,1.0,0.0,0.0,48,0.38223202853454274,0.7230656485884107,0.7564572584148851,0.7177245106989438,经过处理的数据 / public-data surrogate; not author-run logs
NSGA-II,1,2109036,20,960,48,48,1.0,0.0,0.0,48,0.38414532789412503,0.7230656485884107,0.7588171870636818,0.7177245106989438,经过处理的数据 / public-data surrogate; not author-run logs
NSGA-II,1,2109036,21,1008,48,48,1.0,0.0,0.0,47,0.3893282611723047,0.7230656485884107,0.7692110020797922,0.7177245106989438,经过处理的数据 / public-data surrogate; not author-run logs
NSGA-II,1,2109036,22,1056,48,48,1.0,0.0,0.0,45,0.4070222956078106,0.7329191948799584,0.802897637147421,0.7177245106989438,经过处理的数据 / public-data surrogate; not author-run logs
NSGA-II,1,2109036,23,1104,48,48,1.0,0.0,0.0,48,0.4093216270520528,0.7329191948799584,0.802897637147421,0.7177245106989438,经过处理的数据 / public-data surrogate; not author-run logs
NSGA-II,1,2109036,24,1152,48,48,1.0,0.0,0.0,48,0.41194743693340374,0.7329191948799584,0.8056113911384921,0.7177245106989438,经过处理的数据 / public-data surrogate; not author-run logs
NSGA-II,1,2109036,25,1200,48,48,1.0,0.0,0.0,48,0.4141009630023019,0.7364233215706913,0.8056113911384921,0.7229729295082492,经过处理的数据 / public-data surrogate; not author-run logs
NSGA-II,1,2109036,26,1248,48,48,1.0,0.0,0.0,48,0.41590568515676385,0.7374775754585255,0.8056113911384921,0.7229729295082492,经过处理的数据 / public-data surrogate; not author-run logs
NSGA-II,1,2109036,27,1296,48,48,1.0,0.0,0.0,48,0.42056937902365815,0.7390142220420657,0.8056113911384921,0.729582378917891,经过处理的数据 / public-data surrogate; not author-run logs
NSGA-II,1,2109036,28,1344,48,48,1.0,0.0,0.0,48,0.4242207595075578,0.7459283766262154,0.8056113911384921,0.729582378917891,经过处理的数据 / public-data surrogate; not author-run logs
NSGA-II,1,2109036,29,1392,48,48,1.0,0.0,0.0,48,0.4281750129822812,0.7486253273502461,0.8056113911384921,0.7314132315919483,经过处理的数据 / public-data surrogate; not author-run logs
NSGA-II,1,2109036,30,1440,48,48,1.0,0.0,0.0,48,0.42833696709626135,0.7486253273502461,0.8056113911384921,0.7314132315919483,经过处理的数据 / public-data surrogate; not author-run logs
NSGA-II,2,2109037,1,48,48,12,0.25,0.1868411002029988,0.5872007058271553,6,0.1896680077965279,0.5708838199321182,0.5484744157856494,0.61855646277184,经过处理的数据 / public-data surrogate; not author-run logs
NSGA-II,2,2109037,2,96,48,31,0.6458333333333334,0.022999474595715427,0.10274021509445297,6,0.20233397253317437,0.59372268877282,0.5544536095674081,0.6240235107561971,经过处理的数据 / public-data surrogate; not author-run logs
NSGA-II,2,2109037,3,144,48,48,1.0,0.0,0.0,10,0.216416966843286,0.6262778308468944,0.5707760991365965,0.6240235107561971,经过处理的数据 / public-data surrogate; not author-run logs
NSGA-II,2,2109037,4,192,48,48,1.0,0.0,0.0,6,0.23146722268155118,0.6262778308468944,0.5989578218197334,0.6240235107561971,经过处理的数据 / public-data surrogate; not author-run logs
NSGA-II,2,2109037,5,240,48,48,1.0,0.0,0.0,10,0.2530728505404972,0.6350209107647178,0.63478208163793,0.6425472390808205,经过处理的数据 / public-data surrogate; not author-run logs
NSGA-II,2,2109037,6,288,48,48,1.0,0.0,0.0,17,0.2539966365479702,0.6350209107647178,0.63478208163793,0.6425472390808205,经过处理的数据 / public-data surrogate; not author-run logs
NSGA-II,2,2109037,7,336,48,48,1.0,0.0,0.0,27,0.2593237690351832,0.647409768711564,0.6366446350504044,0.6425472390808205,经过处理的数据 / public-data surrogate; not author-run logs
NSGA-II,2,2109037,8,384,48,48,1.0,0.0,0.0,21,0.2766447309098049,0.6648959864008369,0.6511668586794322,0.6578101663993529,经过处理的数据 / public-data surrogate; not author-run logs
NSGA-II,2,2109037,9,432,48,48,1.0,0.0,0.0,19,0.2834513459508012,0.6648959864008369,0.6652447718755882,0.6584827345320883,经过处理的数据 / public-data surrogate; not author-run logs
NSGA-II,2,2109037,10,480,48,48,1.0,0.0,0.0,22,0.29627088866977835,0.6648959864008369,0.6815136464649346,0.6731113248430483,经过处理的数据 / public-data surrogate; not author-run logs
NSGA-II,2,2109037,11,528,48,48,1.0,0.0,0.0,29,0.30232655577470335,0.6663686034742855,0.6815136464649346,0.6845405668736992,经过处理的数据 / public-data surrogate; not author-run logs
NSGA-II,2,2109037,12,576,48,48,1.0,0.0,0.0,26,0.30562227430082306,0.667318764264393,0.6839472472575668,0.6845405668736992,经过处理的数据 / public-data surrogate; not author-run logs
NSGA-II,2,2109037,13,624,48,48,1.0,0.0,0.0,18,0.31622638784042195,0.6833712990124576,0.6866439078858653,0.6845405668736992,经过处理的数据 / public-data surrogate; not author-run logs
NSGA-II,2,2109037,14,672,48,48,1.0,0.0,0.0,17,0.3243406488392211,0.6892526695130331,0.69132969864182,0.6906414568693074,经过处理的数据 / public-data surrogate; not author-run logs
NSGA-II,2,2109037,15,720,48,48,1.0,0.0,0.0,21,0.3396538958373455,0.6898039301583929,0.7237907018605836,0.6953774913718759,经过处理的数据 / public-data surrogate; not author-run logs
NSGA-II,2,2109037,16,768,48,48,1.0,0.0,0.0,28,0.34458606198302255,0.6984526635127658,0.7237907018605836,0.6968997715489433,经过处理的数据 / public-data surrogate; not author-run logs
NSGA-II,2,2109037,17,816,48,48,1.0,0.0,0.0,36,0.34631016087534355,0.6984526635127658,0.7237907018605836,0.7003967377014526,经过处理的数据 / public-data surrogate; not author-run logs
NSGA-II,2,2109037,18,864,48,48,1.0,0.0,0.0,48,0.350734719106504,0.6984526635127658,0.7237907018605836,0.710024021259731,经过处理的数据 / public-data surrogate; not author-run logs
NSGA-II,2,2109037,19,912,48,48,1.0,0.0,0.0,48,0.3609822870077616,0.7122239120602205,0.7320137556689231,0.710024021259731,经过处理的数据 / public-data surrogate; not author-run logs
NSGA-II,2,2109037,20,960,48,48,1.0,0.0,0.0,46,0.3671702543572437,0.7138611407406086,0.7369878793356414,0.7151218530478243,经过处理的数据 / public-data surrogate; not author-run logs
NSGA-II,2,2109037,21,1008,48,48,1.0,0.0,0.0,48,0.3726518793192273,0.7220376060671183,0.7403695262256318,0.7151218530478243,经过处理的数据 / public-data surrogate; not author-run logs
NSGA-II,2,2109037,22,1056,48,48,1.0,0.0,0.0,47,0.3806009403865021,0.7349422024786695,0.7403695262256318,0.7173350135216195,经过处理的数据 / public-data surrogate; not author-run logs
NSGA-II,2,2109037,23,1104,48,48,1.0,0.0,0.0,48,0.3880346787396102,0.7349422024786695,0.7490672477377038,0.7239461127021306,经过处理的数据 / public-data surrogate; not author-run logs
NSGA-II,2,2109037,24,1152,48,48,1.0,0.0,0.0,48,0.39155894603439617,0.7349422024786695,0.7490672477377038,0.7307864907528169,经过处理的数据 / public-data surrogate; not author-run logs
NSGA-II,2,2109037,25,1200,48,48,1.0,0.0,0.0,42,0.39386631363973046,0.7349422024786695,0.7509120403948041,0.7307864907528169,经过处理的数据 / public-data surrogate; not author-run logs
NSGA-II,2,2109037,26,1248,48,48,1.0,0.0,0.0,48,0.404851764040271,0.7539308012288971,0.7533418047159371,0.7307864907528169,经过处理的数据 / public-data surrogate; not author-run logs
NSGA-II,2,2109037,27,1296,48,48,1.0,0.0,0.0,48,0.40512495499283996,0.7539308012288971,0.7533418047159371,0.7307864907528169,经过处理的数据 / public-data surrogate; not author-run logs
NSGA-II,2,2109037,28,1344,48,48,1.0,0.0,0.0,48,0.4065784275446789,0.7553220921488184,0.7533418047159371,0.7307864907528169,经过处理的数据 / public-data surrogate; not author-run logs
NSGA-II,2,2109037,29,1392,48,48,1.0,0.0,0.0,48,0.41197916521981914,0.7576061886304464,0.7624607005363017,0.7307864907528169,经过处理的数据 / public-data surrogate; not author-run logs
NSGA-II,2,2109037,30,1440,48,48,1.0,0.0,0.0,48,0.41348205062030186,0.7576061886304464,0.7624607005363017,0.7307864907528169,经过处理的数据 / public-data surrogate; not author-run logs
NSGA-II,3,2109038,1,48,48,18,0.375,0.15038246642209616,0.6682231568478851,7,0.1982117064815177,0.572949291640015,0.5450557488285924,0.6415692688529261,经过处理的数据 / public-data surrogate; not author-run logs
NSGA-II,3,2109038,2,96,48,48,1.0,0.0,0.0,6,0.22086033506174776,0.5998474710698702,0.5806176733446532,0.6415692688529261,经过处理的数据 / public-data surrogate; not author-run logs
NSGA-II,3,2109038,3,144,48,48,1.0,0.0,0.0,9,0.23329059258301454,0.6007991218018928,0.6002492278717599,0.6556737878806428,经过处理的数据 / public-data surrogate; not author-run logs
NSGA-II,3,2109038,4,192,48,48,1.0,0.0,0.0,8,0.2448497730633583,0.6118614708019317,0.6002492278717599,0.6737185639975278,经过处理的数据 / public-data surrogate; not author-run logs
NSGA-II,3,2109038,5,240,48,48,1.0,0.0,0.0,13,0.25157277323242744,0.6118614708019317,0.609525605381754,0.6827753391520116,经过处理的数据 / public-data surrogate; not author-run logs
NSGA-II,3,2109038,6,288,48,48,1.0,0.0,0.0,18,0.2711099612993288,0.6272921927238945,0.6368449059418403,0.6940975758678687,经过处理的数据 / public-data surrogate; not author-run logs
NSGA-II,3,2109038,7,336,48,48,1.0,0.0,0.0,24,0.2748373149369723,0.6316815876904291,0.6376508835877389,0.6940975758678687,经过处理的数据 / public-data surrogate; not author-run logs
NSGA-II,3,2109038,8,384,48,48,1.0,0.0,0.0,26,0.29292593233348774,0.6506857257063958,0.6557385636589363,0.7043808366966459,经过处理的数据 / public-data surrogate; not author-run logs
NSGA-II,3,2109038,9,432,48,48,1.0,0.0,0.0,34,0.3014719548258884,0.6506857257063958,0.676603968814124,0.7043808366966459,经过处理的数据 / public-data surrogate; not author-run logs
NSGA-II,3,2109038,10,480,48,48,1.0,0.0,0.0,40,0.3033551994196404,0.6506857257063958,0.676603968814124,0.7043808366966459,经过处理的数据 / public-data surrogate; not author-run logs
NSGA-II,3,2109038,11,528,48,48,1.0,0.0,0.0,35,0.3053998940818433,0.6506857257063958,0.676603968814124,0.7084958648468287,经过处理的数据 / public-data surrogate; not author-run logs
NSGA-II,3,2109038,12,576,48,48,1.0,0.0,0.0,43,0.3186113155954558,0.6572932191005337,0.6932349577198761,0.7188967429310414,经过处理的数据 / public-data surrogate; not author-run logs
NSGA-II,3,2109038,13,624,48,48,1.0,0.0,0.0,48,0.3211616263713548,0.6619788311425172,0.6932349577198761,0.7188967429310414,经过处理的数据 / public-data surrogate; not author-run logs
NSGA-II,3,2109038,14,672,48,48,1.0,0.0,0.0,27,0.32810167835836157,0.6733128707673168,0.6932349577198761,0.7188967429310414,经过处理的数据 / public-data surrogate; not author-run logs
NSGA-II,3,2109038,15,720,48,48,1.0,0.0,0.0,32,0.3350103950099976,0.6797644715492563,0.6959931623319817,0.7248353334512473,经过处理的数据 / public-data surrogate; not author-run logs
NSGA-II,3,2109038,16,768,48,48,1.0,0.0,0.0,37,0.33818302866973393,0.6797644715492563,0.6989359994399126,0.726865161082487,经过处理的数据 / public-data surrogate; not author-run logs
NSGA-II,3,2109038,17,816,48,48,1.0,0.0,0.0,48,0.3467641186438738,0.6891682370024119,0.7070670981460411,0.7299429247343162,经过处理的数据 / public-data surrogate; not author-run logs
NSGA-II,3,2109038,18,864,48,48,1.0,0.0,0.0,43,0.3531731238865603,0.6891682370024119,0.7162033803072724,0.7335226852039474,经过处理的数据 / public-data surrogate; not author-run logs
NSGA-II,3,2109038,19,912,48,48,1.0,0.0,0.0,42,0.35760054652287704,0.6891682370024119,0.7240429482614836,0.733635350085274,经过处理的数据 / public-data surrogate; not author-run logs
NSGA-II,3,2109038,20,960,48,48,1.0,0.0,0.0,46,0.35966014787457956,0.6918059139628794,0.7240429482614836,0.733635350085274,经过处理的数据 / public-data surrogate; not author-run logs
NSGA-II,3,2109038,21,1008,48,48,1.0,0.0,0.0,48,0.3670282113051966,0.7058110459998672,0.7240429482614836,0.7377402670483617,经过处理的数据 / public-data surrogate; not author-run logs
NSGA-II,3,2109038,22,1056,48,48,1.0,0.0,0.0,48,0.371860825298955,0.7058110459998672,0.7293018821249891,0.740731215960013,经过处理的数据 / public-data surrogate; not author-run logs
NSGA-II,3,2109038,23,1104,48,48,1.0,0.0,0.0,48,0.381388260624079,0.7091970731189831,0.7404616901585276,0.7459424487606832,经过处理的数据 / public-data surrogate; not author-run logs
NSGA-II,3,2109038,24,1152,48,48,1.0,0.0,0.0,48,0.38613759953917226,0.718356878948426,0.7404616901585276,0.7459424487606832,经过处理的数据 / public-data surrogate; not author-run logs
NSGA-II,3,2109038,25,1200,48,48,1.0,0.0,0.0,48,0.3885366506038952,0.718356878948426,0.7433223197925293,0.7466439731499857,经过处理的数据 / public-data surrogate; not author-run logs
NSGA-II,3,2109038,26,1248,48,48,1.0,0.0,0.0,47,0.3911157400729883,0.718356878948426,0.7463702914332814,0.7469685838647158,经过处理的数据 / public-data surrogate; not author-run logs
NSGA-II,3,2109038,27,1296,48,48,1.0,0.0,0.0,48,0.3914857098233693,0.718356878948426,0.7463702914332814,0.7469685838647158,经过处理的数据 / public-data surrogate; not author-run logs
NSGA-II,3,2109038,28,1344,48,48,1.0,0.0,0.0,48,0.3932561444335154,0.7207969704359543,0.7463702914332814,0.7470364546419,经过处理的数据 / public-data surrogate; not author-run logs
NSGA-II,3,2109038,29,1392,48,48,1.0,0.0,0.0,48,0.3941274331264513,0.7207969704359543,0.7463702914332814,0.7470364546419,经过处理的数据 / public-data surrogate; not author-run logs
NSGA-II,3,2109038,30,1440,48,48,1.0,0.0,0.0,48,0.39744644328634904,0.7207969704359543,0.751174839237787,0.7486719825913268,经过处理的数据 / public-data surrogate; not author-run logs
NSGA-II,4,2109039,1,48,48,15,0.3125,0.17574188546067063,0.5984328428579917,9,0.18882688247217178,0.5542529504479387,0.5355095471139408,0.6503360991046945,经过处理的数据 / public-data surrogate; not author-run logs
NSGA-II,4,2109039,2,96,48,44,0.9166666666666666,0.0010570502632671896,0.018566112390723477,8,0.19724122141809586,0.5591576841543147,0.5490414728533456,0.6503360991046945,经过处理的数据 / public-data surrogate; not author-run logs
NSGA-II,4,2109039,3,144,48,48,1.0,0.0,0.0,14,0.22002832758424895,0.5777424137630787,0.5741208624951144,0.6813071049424414,经过处理的数据 / public-data surrogate; not author-run logs
NSGA-II,4,2109039,4,192,48,48,1.0,0.0,0.0,14,0.2580031428297944,0.6211956374490233,0.6352769316450059,0.6902212549814335,经过处理的数据 / public-data surrogate; not author-run logs
NSGA-II,4,2109039,5,240,48,48,1.0,0.0,0.0,13,0.27512894052632375,0.6211956374490233,0.6660541648296161,0.6980969962732576,经过处理的数据 / public-data surrogate; not author-run logs
NSGA-II,4,2109039,6,288,48,48,1.0,0.0,0.0,14,0.2852338794368657,0.6330777019149911,0.6660541648296161,0.6980969962732576,经过处理的数据 / public-data surrogate; not author-run logs
NSGA-II,4,2109039,7,336,48,48,1.0,0.0,0.0,15,0.29705939275259496,0.6493218147124871,0.6729692187563547,0.7012041208389227,经过处理的数据 / public-data surrogate; not author-run logs
NSGA-II,4,2109039,8,384,48,48,1.0,0.0,0.0,13,0.3028144694547418,0.6557156443994281,0.6750729264875293,0.7012041208389227,经过处理的数据 / public-data surrogate; not author-run logs
NSGA-II,4,2109039,9,432,48,48,1.0,0.0,0.0,18,0.32040174133662014,0.6671873603149349,0.7008797558616553,0.708157502008856,经过处理的数据 / public-data surrogate; not author-run logs
NSGA-II,4,2109039,10,480,48,48,1.0,0.0,0.0,21,0.3267025124166989,0.6671873603149349,0.7008797558616553,0.7213242997922323,经过处理的数据 / public-data surrogate; not author-run logs
NSGA-II,4,2109039,11,528,48,48,1.0,0.0,0.0,24,0.3329717406198718,0.67273182525186,0.7072240429835056,0.7213242997922323,经过处理的数据 / public-data surrogate; not author-run logs
NSGA-II,4,2109039,12,576,48,48,1.0,0.0,0.0,36,0.335917784025323,0.67273182525186,0.7116825272359039,0.7213242997922323,经过处理的数据 / public-data surrogate; not author-run logs
NSGA-II,4,2109039,13,624,48,48,1.0,0.0,0.0,39,0.34480040374941867,0.67273182525186,0.730350959691187,0.7222811253251655,经过处理的数据 / public-data surrogate; not author-run logs
NSGA-II,4,2109039,14,672,48,48,1.0,0.0,0.0,48,0.34847374427920497,0.6772473551382432,0.730350959691187,0.7222811253251655,经过处理的数据 / public-data surrogate; not author-run logs
NSGA-II,4,2109039,15,720,48,48,1.0,0.0,0.0,48,0.3612016959234053,0.6868357954184047,0.7490061235214904,0.725384923761309,经过处理的数据 / public-data surrogate; not author-run logs
NSGA-II,4,2109039,16,768,48,48,1.0,0.0,0.0,48,0.36264463769600047,0.6868357954184047,0.7490061235214904,0.725384923761309,经过处理的数据 / public-data surrogate; not author-run logs
NSGA-II,4,2109039,17,816,48,48,1.0,0.0,0.0,46,0.3711321120613835,0.6986605833713082,0.7490061235214904,0.7298587939711201,经过处理的数据 / public-data surrogate; not author-run logs
NSGA-II,4,2109039,18,864,48,48,1.0,0.0,0.0,47,0.37943440897520575,0.703172423699798,0.7622052496312629,0.7298587939711201,经过处理的数据 / public-data surrogate; not author-run logs
NSGA-II,4,2109039,19,912,48,48,1.0,0.0,0.0,46,0.38564467662758994,0.7104785500062084,0.7622052496312629,0.7336736944754014,经过处理的数据 / public-data surrogate; not author-run logs
NSGA-II,4,2109039,20,960,48,48,1.0,0.0,0.0,48,0.3865506963837798,0.7104785500062084,0.7622052496312629,0.7336736944754014,经过处理的数据 / public-data surrogate; not author-run logs
NSGA-II,4,2109039,21,1008,48,48,1.0,0.0,0.0,48,0.3949388809839187,0.719468684890451,0.7622052496312629,0.7399215932946441,经过处理的数据 / public-data surrogate; not author-run logs
NSGA-II,4,2109039,22,1056,48,48,1.0,0.0,0.0,48,0.3991607160724523,0.719468684890451,0.7696607738677367,0.7399215932946441,经过处理的数据 / public-data surrogate; not author-run logs
NSGA-II,4,2109039,23,1104,48,48,1.0,0.0,0.0,48,0.40001425168027377,0.7201315454037376,0.7696607738677367,0.7399215932946441,经过处理的数据 / public-data surrogate; not author-run logs
NSGA-II,4,2109039,24,1152,48,48,1.0,0.0,0.0,48,0.40646063633798857,0.7291796962624287,0.7719860257485829,0.7421889493724808,经过处理的数据 / public-data surrogate; not author-run logs
NSGA-II,4,2109039,25,1200,48,48,1.0,0.0,0.0,48,0.4089667679481745,0.7317648642573665,0.7719860257485829,0.7435754073060403,经过处理的数据 / public-data surrogate; not author-run logs
NSGA-II,4,2109039,26,1248,48,48,1.0,0.0,0.0,48,0.4100659337902659,0.7317648642573665,0.7753787981897814,0.7435754073060403,经过处理的数据 / public-data surrogate; not author-run logs
NSGA-II,4,2109039,27,1296,48,48,1.0,0.0,0.0,48,0.41146948028202024,0.7317648642573665,0.7753787981897814,0.7453183201865498,经过处理的数据 / public-data surrogate; not author-run logs
NSGA-II,4,2109039,28,1344,48,48,1.0,0.0,0.0,48,0.41180659956826227,0.7317648642573665,0.7753787981897814,0.7453183201865498,经过处理的数据 / public-data surrogate; not author-run logs
NSGA-II,4,2109039,29,1392,48,48,1.0,0.0,0.0,48,0.4126425140953308,0.7325939961888462,0.7753787981897814,0.7455991466295387,经过处理的数据 / public-data surrogate; not author-run logs
NSGA-II,4,2109039,30,1440,48,48,1.0,0.0,0.0,48,0.4127002614087893,0.7325939961888462,0.7753787981897814,0.7455991466295387,经过处理的数据 / public-data surrogate; not author-run logs
NSGA-II,5,2109040,1,48,48,16,0.3333333333333333,0.1708851910515241,0.6739547174341647,8,0.2022699222019517,0.5986996082096614,0.5492497847304383,0.6304137160284093,经过处理的数据 / public-data surrogate; not author-run logs
NSGA-II,5,2109040,2,96,48,35,0.7291666666666666,0.0037225912124010108,0.02292074974371383,13,0.21238893801516961,0.6040371532099751,0.5700778972299799,0.633035003944701,经过处理的数据 / public-data surrogate; not author-run logs
NSGA-II,5,2109040,3,144,48,48,1.0,0.0,0.0,11,0.22488544835728091,0.6063098554970487,0.5927763863768578,0.633035003944701,经过处理的数据 / public-data surrogate; not author-run logs
NSGA-II,5,2109040,4,192,48,48,1.0,0.0,0.0,21,0.23731708113516237,0.6114383351100023,0.6166341152220396,0.642910740532838,经过处理的数据 / public-data surrogate; not author-run logs
NSGA-II,5,2109040,5,240,48,48,1.0,0.0,0.0,28,0.24554418289083263,0.6160777165503408,0.6166341152220396,0.6673859270567231,经过处理的数据 / public-data surrogate; not author-run logs
NSGA-II,5,2109040,6,288,48,48,1.0,0.0,0.0,26,0.250904736623652,0.627668667034335,0.6166341152220396,0.6673859270567231,经过处理的数据 / public-data surrogate; not author-run logs
NSGA-II,5,2109040,7,336,48,48,1.0,0.0,0.0,16,0.26814306730522824,0.6363866016345999,0.6554029542915006,0.6675282433754889,经过处理的数据 / public-data surrogate; not author-run logs
NSGA-II,5,2109040,8,384,48,48,1.0,0.0,0.0,18,0.2833373699415503,0.6363866016345999,0.6893891621175645,0.6723628143861112,经过处理的数据 / public-data surrogate; not author-run logs
NSGA-II,5,2109040,9,432,48,48,1.0,0.0,0.0,23,0.28459709064415273,0.6363866016345999,0.6893891621175645,0.6723628143861112,经过处理的数据 / public-data surrogate; not author-run logs
NSGA-II,5,2109040,10,480,48,48,1.0,0.0,0.0,21,0.2921817860423357,0.6441666644725212,0.6893891621175645,0.678481133481763,经过处理的数据 / public-data surrogate; not author-run logs
NSGA-II,5,2109040,11,528,48,48,1.0,0.0,0.0,26,0.3089457010369101,0.6729037602167097,0.6954870656328895,0.678481133481763,经过处理的数据 / public-data surrogate; not author-run logs
NSGA-II,5,2109040,12,576,48,48,1.0,0.0,0.0,28,0.31078569155307983,0.6729037602167097,0.6960632154895481,0.678481133481763,经过处理的数据 / public-data surrogate; not author-run logs
NSGA-II,5,2109040,13,624,48,48,1.0,0.0,0.0,38,0.326352119708619,0.6870626991646637,0.7210154603210235,0.678481133481763,经过处理的数据 / public-data surrogate; not author-run logs
NSGA-II,5,2109040,14,672,48,48,1.0,0.0,0.0,29,0.3303923356499665,0.6870626991646637,0.7210154603210235,0.6814675898170992,经过处理的数据 / public-data surrogate; not author-run logs
NSGA-II,5,2109040,15,720,48,48,1.0,0.0,0.0,39,0.33379287280714376,0.6870626991646637,0.7210154603210235,0.6885043618197462,经过处理的数据 / public-data surrogate; not author-run logs
NSGA-II,5,2109040,16,768,48,48,1.0,0.0,0.0,36,0.33698638165361205,0.6900568394822708,0.7210154603210235,0.6885043618197462,经过处理的数据 / public-data surrogate; not author-run logs
NSGA-II,5,2109040,17,816,48,48,1.0,0.0,0.0,47,0.3424812543286253,0.6941884999016391,0.7228164227683413,0.6941987672929059,经过处理的数据 / public-data surrogate; not author-run logs
NSGA-II,5,2109040,18,864,48,48,1.0,0.0,0.0,48,0.3594143802125217,0.7016720818479082,0.7568654997711601,0.6941987672929059,经过处理的数据 / public-data surrogate; not author-run logs
NSGA-II,5,2109040,19,912,48,48,1.0,0.0,0.0,48,0.35997727503153365,0.7016720818479082,0.7568654997711601,0.6946919943627161,经过处理的数据 / public-data surrogate; not author-run logs
NSGA-II,5,2109040,20,960,48,48,1.0,0.0,0.0,48,0.3640941427718544,0.7080429175207212,0.7568654997711601,0.6946919943627161,经过处理的数据 / public-data surrogate; not author-run logs
NSGA-II,5,2109040,21,1008,48,48,1.0,0.0,0.0,47,0.3662740625867559,0.7090811073479895,0.7568654997711601,0.6946919943627161,经过处理的数据 / public-data surrogate; not author-run logs
NSGA-II,5,2109040,22,1056,48,48,1.0,0.0,0.0,48,0.3724363179885359,0.716021586036151,0.7590566214929793,0.699254631866875,经过处理的数据 / public-data surrogate; not author-run logs
NSGA-II,5,2109040,23,1104,48,48,1.0,0.0,0.0,47,0.37569297384157013,0.7203910803216507,0.7590566214929793,0.699254631866875,经过处理的数据 / public-data surrogate; not author-run logs
NSGA-II,5,2109040,24,1152,48,48,1.0,0.0,0.0,48,0.37799624941758614,0.7239953749568354,0.7590566214929793,0.699254631866875,经过处理的数据 / public-data surrogate; not author-run logs
NSGA-II,5,2109040,25,1200,48,48,1.0,0.0,0.0,48,0.3829621783687529,0.729410841403199,0.7654369121093066,0.699254631866875,经过处理的数据 / public-data surrogate; not author-run logs
NSGA-II,5,2109040,26,1248,48,48,1.0,0.0,0.0,43,0.38927747848162697,0.7319584192891061,0.7679354254131772,0.7047592677653745,经过处理的数据 / public-data surrogate; not author-run logs
NSGA-II,5,2109040,27,1296,48,48,1.0,0.0,0.0,48,0.389744413024099,0.7319584192891061,0.7679354254131772,0.7047592677653745,经过处理的数据 / public-data surrogate; not author-run logs
NSGA-II,5,2109040,28,1344,48,48,1.0,0.0,0.0,48,0.3905193490371948,0.7319584192891061,0.7679354254131772,0.7047592677653745,经过处理的数据 / public-data surrogate; not author-run logs
NSGA-II,5,2109040,29,1392,48,48,1.0,0.0,0.0,48,0.3912283589849609,0.7325910100301232,0.7679354254131772,0.7047592677653745,经过处理的数据 / public-data surrogate; not author-run logs
NSGA-II,5,2109040,30,1440,48,48,1.0,0.0,0.0,48,0.39307024892238945,0.7351298573449839,0.7686749051435687,0.7047592677653745,经过处理的数据 / public-data surrogate; not author-run logs
NSGA-II,6,2109041,1,48,48,19,0.3958333333333333,0.15078825504780938,0.6413420192000576,7,0.1974703866925091,0.5683629158868053,0.5375933729369091,0.6594779356433862,经过处理的数据 / public-data surrogate; not author-run logs
NSGA-II,6,2109041,2,96,48,46,0.9583333333333334,0.0005679144160054087,0.014355106887813607,7,0.2222675984576363,0.5835738641555258,0.5990475693948566,0.6594779356433862,经过处理的数据 / public-data surrogate; not author-run logs
NSGA-II,6,2109041,3,144,48,48,1.0,0.0,0.0,14,0.2277725307680146,0.5976443781448859,0.5990475693948566,0.6594779356433862,经过处理的数据 / public-data surrogate; not author-run logs
NSGA-II,6,2109041,4,192,48,48,1.0,0.0,0.0,27,0.2512524726727293,0.6005233480634606,0.6462427739641571,0.693145223184881,经过处理的数据 / public-data surrogate; not author-run logs
NSGA-II,6,2109041,5,240,48,48,1.0,0.0,0.0,34,0.25539066883290407,0.6035331178436085,0.6462427739641571,0.693145223184881,经过处理的数据 / public-data surrogate; not author-run logs
NSGA-II,6,2109041,6,288,48,48,1.0,0.0,0.0,32,0.26569422341890375,0.6236258117922308,0.6462427739641571,0.693145223184881,经过处理的数据 / public-data surrogate; not author-run logs
NSGA-II,6,2109041,7,336,48,48,1.0,0.0,0.0,29,0.2726637581959075,0.6295737421146117,0.6484086345541771,0.6934572444885562,经过处理的数据 / public-data surrogate; not author-run logs
NSGA-II,6,2109041,8,384,48,48,1.0,0.0,0.0,35,0.28371756281557514,0.6467538381281477,0.6600798856409308,0.6934572444885562,经过处理的数据 / public-data surrogate; not author-run logs
NSGA-II,6,2109041,9,432,48,48,1.0,0.0,0.0,27,0.2880317427806292,0.6467538381281477,0.6600798856409308,0.6967147605452328,经过处理的数据 / public-data surrogate; not author-run logs
NSGA-II,6,2109041,10,480,48,48,1.0,0.0,0.0,24,0.2977624115954142,0.6709459125534276,0.6600798856409308,0.6967147605452328,经过处理的数据 / public-data surrogate; not author-run logs
NSGA-II,6,2109041,11,528,48,48,1.0,0.0,0.0,25,0.31456870858286745,0.6991978513715167,0.6621777848309807,0.7039308985679731,经过处理的数据 / public-data surrogate; not author-run logs
NSGA-II,6,2109041,12,576,48,48,1.0,0.0,0.0,37,0.3172065163363653,0.6991978513715167,0.664221651798419,0.7039308985679731,经过处理的数据 / public-data surrogate; not author-run logs
NSGA-II,6,2109041,13,624,48,48,1.0,0.0,0.0,31,0.32354853146521034,0.6991978513715167,0.675518575728189,0.7039308985679731,经过处理的数据 / public-data surrogate; not author-run logs
NSGA-II,6,2109041,14,672,48,48,1.0,0.0,0.0,41,0.33523493497797946,0.6991978513715167,0.7026256316494044,0.70825521000178,经过处理的数据 / public-data surrogate; not author-run logs
NSGA-II,6,2109041,15,720,48,48,1.0,0.0,0.0,48,0.3438233010042543,0.7076212447421703,0.7032568902822595,0.717057576261015,经过处理的数据 / public-data surrogate; not author-run logs
NSGA-II,6,2109041,16,768,48,48,1.0,0.0,0.0,48,0.3499668807630766,0.7076212447421703,0.7105958052190976,0.7208858067084176,经过处理的数据 / public-data surrogate; not author-run logs
NSGA-II,6,2109041,17,816,48,48,1.0,0.0,0.0,48,0.35388397305612457,0.7145116540395384,0.7105958052190976,0.7208858067084176,经过处理的数据 / public-data surrogate; not author-run logs
NSGA-II,6,2109041,18,864,48,48,1.0,0.0,0.0,40,0.3556930517202284,0.7145116540395384,0.7105958052190976,0.7208858067084176,经过处理的数据 / public-data surrogate; not author-run logs
NSGA-II,6,2109041,19,912,48,48,1.0,0.0,0.0,41,0.3606231018912285,0.7145116540395384,0.7204673314422498,0.7208858067084176,经过处理的数据 / public-data surrogate; not author-run logs
NSGA-II,6,2109041,20,960,48,48,1.0,0.0,0.0,48,0.36610766780263737,0.7165849064765348,0.7269611083230934,0.7227781111400327,经过处理的数据 / public-data surrogate; not author-run logs
NSGA-II,6,2109041,21,1008,48,48,1.0,0.0,0.0,48,0.37658886433769123,0.7165849064765348,0.7483056528979464,0.7277468193989222,经过处理的数据 / public-data surrogate; not author-run logs
NSGA-II,6,2109041,22,1056,48,48,1.0,0.0,0.0,43,0.3796108451733059,0.7165849064765348,0.7483056528979464,0.7277468193989222,经过处理的数据 / public-data surrogate; not author-run logs
NSGA-II,6,2109041,23,1104,48,48,1.0,0.0,0.0,48,0.3842384520984904,0.7165849064765348,0.7604059157464368,0.7277468193989222,经过处理的数据 / public-data surrogate; not author-run logs
NSGA-II,6,2109041,24,1152,48,48,1.0,0.0,0.0,48,0.38422480096211886,0.7165849064765348,0.7604059157464368,0.7277468193989222,经过处理的数据 / public-data surrogate; not author-run logs
NSGA-II,6,2109041,25,1200,48,48,1.0,0.0,0.0,48,0.3875889022732083,0.7165849064765348,0.7635848289378825,0.7297327052577753,经过处理的数据 / public-data surrogate; not author-run logs
NSGA-II,6,2109041,26,1248,48,48,1.0,0.0,0.0,48,0.38884227728473214,0.7165849064765348,0.7635848289378825,0.7321445315654073,经过处理的数据 / public-data surrogate; not author-run logs
NSGA-II,6,2109041,27,1296,48,48,1.0,0.0,0.0,48,0.3958870138721683,0.7165849064765348,0.7812757412342455,0.7321445315654073,经过处理的数据 / public-data surrogate; not author-run logs
NSGA-II,6,2109041,28,1344,48,48,1.0,0.0,0.0,48,0.3977110733475637,0.7165849064765348,0.7812757412342455,0.7321445315654073,经过处理的数据 / public-data surrogate; not author-run logs
NSGA-II,6,2109041,29,1392,48,48,1.0,0.0,0.0,48,0.4080139364480738,0.7363550798835363,0.7812757412342455,0.7336154566390478,经过处理的数据 / public-data surrogate; not author-run logs
NSGA-II,6,2109041,30,1440,48,48,1.0,0.0,0.0,48,0.41082317835444393,0.7363550798835363,0.7812757412342455,0.7367908755579545,经过处理的数据 / public-data surrogate; not author-run logs
NSGA-II,7,2109042,1,48,48,14,0.2916666666666667,0.17029548061859867,0.6161410806221526,9,0.2011786209275959,0.5483650048863632,0.6017387400086965,0.6258542887066011,经过处理的数据 / public-data surrogate; not author-run logs
NSGA-II,7,2109042,2,96,48,39,0.8125,0.0062220241061128195,0.052524447091054194,14,0.21517011988517976,0.5762314786779251,0.6017387400086965,0.6359254819765137,经过处理的数据 / public-data surrogate; not author-run logs
NSGA-II,7,2109042,3,144,48,48,1.0,0.0,0.0,16,0.21956899952300354,0.5832139911521085,0.6017387400086965,0.6377353058466152,经过处理的数据 / public-data surrogate; not author-run logs
NSGA-II,7,2109042,4,192,48,48,1.0,0.0,0.0,15,0.23542957442186363,0.6009206155287014,0.6160224703470073,0.6519169305817221,经过处理的数据 / public-data surrogate; not author-run logs
NSGA-II,7,2109042,5,240,48,48,1.0,0.0,0.0,21,0.2406173081536591,0.6009206155287014,0.6166210225226196,0.6653336748857971,经过处理的数据 / public-data surrogate; not author-run logs
NSGA-II,7,2109042,6,288,48,48,1.0,0.0,0.0,20,0.26236724117009086,0.6255878903010278,0.6481025867372137,0.6679628559383929,经过处理的数据 / public-data surrogate; not author-run logs
NSGA-II,7,2109042,7,336,48,48,1.0,0.0,0.0,30,0.2774459040725866,0.638736715318804,0.6481025867372137,0.7047111097628458,经过处理的数据 / public-data surrogate; not author-run logs
NSGA-II,7,2109042,8,384,48,48,1.0,0.0,0.0,28,0.2908469177471415,0.638736715318804,0.6795850452874713,0.7047111097628458,经过处理的数据 / public-data surrogate; not author-run logs
NSGA-II,7,2109042,9,432,48,48,1.0,0.0,0.0,29,0.29830743668863424,0.6545028273186132,0.6795850452874713,0.7047111097628458,经过处理的数据 / public-data surrogate; not author-run logs
NSGA-II,7,2109042,10,480,48,48,1.0,0.0,0.0,29,0.3122290378241722,0.6601292451776316,0.7029711396680837,0.7047111097628458,经过处理的数据 / public-data surrogate; not author-run logs
NSGA-II,7,2109042,11,528,48,48,1.0,0.0,0.0,37,0.32170608413689505,0.671728751279805,0.7052579095072714,0.706104645805522,经过处理的数据 / public-data surrogate; not author-run logs
NSGA-II,7,2109042,12,576,48,48,1.0,0.0,0.0,41,0.32526976573282385,0.6740398145934772,0.7064455034425787,0.7084128434802868,经过处理的数据 / public-data surrogate; not author-run logs
NSGA-II,7,2109042,13,624,48,48,1.0,0.0,0.0,39,0.3352591709751354,0.6789625372892233,0.7180870932988032,0.7141793712192944,经过处理的数据 / public-data surrogate; not author-run logs
NSGA-II,7,2109042,14,672,48,48,1.0,0.0,0.0,48,0.34073155068759586,0.6819144460222741,0.7190923818686562,0.7214580828493169,经过处理的数据 / public-data surrogate; not author-run logs
NSGA-II,7,2109042,15,720,48,48,1.0,0.0,0.0,48,0.34554492285202915,0.6877097394341932,0.7190923818686562,0.7214580828493169,经过处理的数据 / public-data surrogate; not author-run logs
NSGA-II,7,2109042,16,768,48,48,1.0,0.0,0.0,48,0.36249826111257755,0.7021695055925921,0.7475592450574565,0.7214580828493169,经过处理的数据 / public-data surrogate; not author-run logs
NSGA-II,7,2109042,17,816,48,48,1.0,0.0,0.0,46,0.3683614165255068,0.7060035136380348,0.7475592450574565,0.7269079391851822,经过处理的数据 / public-data surrogate; not author-run logs
NSGA-II,7,2109042,18,864,48,48,1.0,0.0,0.0,48,0.37009649821050516,0.7060035136380348,0.7475592450574565,0.7269079391851822,经过处理的数据 / public-data surrogate; not author-run logs
NSGA-II,7,2109042,19,912,48,48,1.0,0.0,0.0,47,0.3721600110171126,0.7060035136380348,0.7475592450574565,0.7269079391851822,经过处理的数据 / public-data surrogate; not author-run logs
NSGA-II,7,2109042,20,960,48,48,1.0,0.0,0.0,48,0.3785814545514916,0.709052618584589,0.7475592450574565,0.7351490450017643,经过处理的数据 / public-data surrogate; not author-run logs
NSGA-II,7,2109042,21,1008,48,48,1.0,0.0,0.0,48,0.3865820017374404,0.7275845719153279,0.7475592450574565,0.7351490450017643,经过处理的数据 / public-data surrogate; not author-run logs
NSGA-II,7,2109042,22,1056,48,48,1.0,0.0,0.0,48,0.3884465134943062,0.7275845719153279,0.7500986579254122,0.7351490450017643,经过处理的数据 / public-data surrogate; not author-run logs
NSGA-II,7,2109042,23,1104,48,48,1.0,0.0,0.0,48,0.39140046258878625,0.7275845719153279,0.756295294711425,0.7351490450017643,经过处理的数据 / public-data surrogate; not author-run logs
NSGA-II,7,2109042,24,1152,48,48,1.0,0.0,0.0,48,0.3923332544656675,0.7275845719153279,0.756295294711425,0.7351490450017643,经过处理的数据 / public-data surrogate; not author-run logs
NSGA-II,7,2109042,25,1200,48,48,1.0,0.0,0.0,48,0.39735226871155527,0.7350223006468051,0.7586924092167449,0.7351490450017643,经过处理的数据 / public-data surrogate; not author-run logs
NSGA-II,7,2109042,26,1248,48,48,1.0,0.0,0.0,48,0.400682695703252,0.7394141571464776,0.7627673864239587,0.7351490450017643,经过处理的数据 / public-data surrogate; not author-run logs
NSGA-II,7,2109042,27,1296,48,48,1.0,0.0,0.0,48,0.4042472474991716,0.7394141571464776,0.770247920780333,0.7351490450017643,经过处理的数据 / public-data surrogate; not author-run logs
NSGA-II,7,2109042,28,1344,48,48,1.0,0.0,0.0,48,0.40450149002602037,0.7394141571464776,0.770247920780333,0.7351490450017643,经过处理的数据 / public-data surrogate; not author-run logs
NSGA-II,7,2109042,29,1392,48,48,1.0,0.0,0.0,48,0.40742645826085033,0.7394141571464776,0.7723777901129897,0.7351490450017643,经过处理的数据 / public-data surrogate; not author-run logs
NSGA-II,7,2109042,30,1440,48,48,1.0,0.0,0.0,48,0.4082618578509886,0.7394141571464776,0.7723777901129897,0.7351490450017643,经过处理的数据 / public-data surrogate; not author-run logs
NSGA-II,8,2109043,1,48,48,13,0.2708333333333333,0.17038170262817598,0.7442001593970331,6,0.19858397811879358,0.5564501259534934,0.5764144557097253,0.6428742762767211,经过处理的数据 / public-data surrogate; not author-run logs
NSGA-II,8,2109043,2,96,48,34,0.7083333333333334,0.004839465019277868,0.03474014555604166,14,0.20715357946918966,0.5654258703947643,0.5765971038889678,0.6445829845215277,经过处理的数据 / public-data surrogate; not author-run logs
NSGA-II,8,2109043,3,144,48,48,1.0,0.0,0.0,16,0.2170092131464035,0.5713638079442409,0.5969466283445293,0.6445829845215277,经过处理的数据 / public-data surrogate; not author-run logs
NSGA-II,8,2109043,4,192,48,48,1.0,0.0,0.0,14,0.22777972409464348,0.5840707954102418,0.6108972096012821,0.6445829845215277,经过处理的数据 / public-data surrogate; not author-run logs
NSGA-II,8,2109043,5,240,48,48,1.0,0.0,0.0,14,0.24268085592917732,0.5888162464065226,0.6421127566967005,0.6523703684939693,经过处理的数据 / public-data surrogate; not author-run logs
NSGA-II,8,2109043,6,288,48,48,1.0,0.0,0.0,12,0.24784271077725412,0.5982944766121343,0.6425880985824582,0.6526622599592272,经过处理的数据 / public-data surrogate; not author-run logs
NSGA-II,8,2109043,7,336,48,48,1.0,0.0,0.0,24,0.27799156795717905,0.6454743004413608,0.6728662815760655,0.6599101109555118,经过处理的数据 / public-data surrogate; not author-run logs
NSGA-II,8,2109043,8,384,48,48,1.0,0.0,0.0,21,0.288150073524074,0.6454743004413608,0.6932404345601311,0.6599101109555118,经过处理的数据 / public-data surrogate; not author-run logs
NSGA-II,8,2109043,9,432,48,48,1.0,0.0,0.0,22,0.2963691791949326,0.6478667319955907,0.6932404345601311,0.6776114257752434,经过处理的数据 / public-data surrogate; not author-run logs
NSGA-II,8,2109043,10,480,48,48,1.0,0.0,0.0,20,0.3009589806197307,0.6541524171641523,0.6932404345601311,0.6786625148488679,经过处理的数据 / public-data surrogate; not author-run logs
NSGA-II,8,2109043,11,528,48,48,1.0,0.0,0.0,28,0.3103332098208833,0.6541991836011944,0.7169158840885786,0.6795956861060317,经过处理的数据 / public-data surrogate; not author-run logs
NSGA-II,8,2109043,12,576,48,48,1.0,0.0,0.0,37,0.31724600321264573,0.6615723567836183,0.7169158840885786,0.6855372798074779,经过处理的数据 / public-data surrogate; not author-run logs
NSGA-II,8,2109043,13,624,48,48,1.0,0.0,0.0,37,0.32171262928553035,0.6689186198293815,0.7190916236476228,0.6855372798074779,经过处理的数据 / public-data surrogate; not author-run logs
NSGA-II,8,2109043,14,672,48,48,1.0,0.0,0.0,43,0.3381774625838634,0.6933419319701725,0.7316028588267104,0.6883637223205777,经过处理的数据 / public-data surrogate; not author-run logs
NSGA-II,8,2109043,15,720,48,48,1.0,0.0,0.0,40,0.34898057762782814,0.6933419319701725,0.7498272487909813,0.6934979305335404,经过处理的数据 / public-data surrogate; not author-run logs
NSGA-II,8,2109043,16,768,48,48,1.0,0.0,0.0,45,0.35121680364520114,0.6933419319701725,0.7498272487909813,0.6944754118035891,经过处理的数据 / public-data surrogate; not author-run logs
NSGA-II,8,2109043,17,816,48,48,1.0,0.0,0.0,45,0.35554141245644516,0.6933419319701725,0.7498272487909813,0.7055626176818348,经过处理的数据 / public-data surrogate; not author-run logs
NSGA-II,8,2109043,18,864,48,48,1.0,0.0,0.0,48,0.36332847312423106,0.6933419319701725,0.7582087620758325,0.7129008781094505,经过处理的数据 / public-data surrogate; not author-run logs
NSGA-II,8,2109043,19,912,48,48,1.0,0.0,0.0,48,0.3653454299212941,0.6933419319701725,0.7582087620758325,0.7181581498173808,经过处理的数据 / public-data surrogate; not author-run logs
NSGA-II,8,2109043,20,960,48,48,1.0,0.0,0.0,48,0.36782285028955036,0.6933419319701725,0.7582087620758325,0.7183466305315569,经过处理的数据 / public-data surrogate; not author-run logs
NSGA-II,8,2109043,21,1008,48,48,1.0,0.0,0.0,48,0.3694915074352191,0.6938778165299367,0.7582087620758325,0.7183466305315569,经过处理的数据 / public-data surrogate; not author-run logs
NSGA-II,8,2109043,22,1056,48,48,1.0,0.0,0.0,46,0.3743526069324572,0.701621051293075,0.7582087620758325,0.7183466305315569,经过处理的数据 / public-data surrogate; not author-run logs
NSGA-II,8,2109043,23,1104,48,48,1.0,0.0,0.0,48,0.3772254891132967,0.701621051293075,0.7649726834655785,0.7183466305315569,经过处理的数据 / public-data surrogate; not author-run logs
NSGA-II,8,2109043,24,1152,48,48,1.0,0.0,0.0,48,0.38028055452716836,0.709441486885691,0.7649726834655785,0.7183466305315569,经过处理的数据 / public-data surrogate; not author-run logs
NSGA-II,8,2109043,25,1200,48,48,1.0,0.0,0.0,48,0.3851603115762212,0.710884956848204,0.7671294935675953,0.7230839501879832,经过处理的数据 / public-data surrogate; not author-run logs
NSGA-II,8,2109043,26,1248,48,48,1.0,0.0,0.0,48,0.3882242821256783,0.710884956848204,0.7721336295722363,0.7230839501879832,经过处理的数据 / public-data surrogate; not author-run logs
NSGA-II,8,2109043,27,1296,48,48,1.0,0.0,0.0,48,0.39002233277092657,0.7125987633091568,0.7721336295722363,0.7230839501879832,经过处理的数据 / public-data surrogate; not author-run logs
NSGA-II,8,2109043,28,1344,48,48,1.0,0.0,0.0,48,0.3933952227424981,0.7209545449948545,0.7721336295722363,0.7230839501879832,经过处理的数据 / public-data surrogate; not author-run logs
NSGA-II,8,2109043,29,1392,48,48,1.0,0.0,0.0,48,0.39636298704369527,0.7209545449948545,0.773882797059925,0.7268256465747087,经过处理的数据 / public-data surrogate; not author-run logs
NSGA-II,8,2109043,30,1440,48,48,1.0,0.0,0.0,48,0.4059686264069423,0.7371866941230093,0.7786761020155383,0.7268256465747087,经过处理的数据 / public-data surrogate; not author-run logs
NSGA-II,9,2109044,1,48,48,10,0.20833333333333334,0.15272250250445363,0.6514761391807373,8,0.19131264310729562,0.5473173238462666,0.5680335379145651,0.6234420035024555,经过处理的数据 / public-data surrogate; not author-run logs
NSGA-II,9,2109044,2,96,48,36,0.75,0.0036559026889548033,0.036672733621039955,12,0.2230819680211512,0.5870792580600683,0.6213168105669705,0.6344506428381476,经过处理的数据 / public-data surrogate; not author-run logs
NSGA-II,9,2109044,3,144,48,48,1.0,0.0,0.0,16,0.23001181607455867,0.5870792580600683,0.6280073240607332,0.6399722514831736,经过处理的数据 / public-data surrogate; not author-run logs
NSGA-II,9,2109044,4,192,48,48,1.0,0.0,0.0,18,0.24131537448882012,0.5978198551681182,0.6280073240607332,0.6697020329444505,经过处理的数据 / public-data surrogate; not author-run logs
NSGA-II,9,2109044,5,240,48,48,1.0,0.0,0.0,22,0.2489069261403255,0.6007303377334566,0.6380089865130978,0.6745251068372377,经过处理的数据 / public-data surrogate; not author-run logs
NSGA-II,9,2109044,6,288,48,48,1.0,0.0,0.0,24,0.2576771341346336,0.6150009850362294,0.6407070135572017,0.6745251068372377,经过处理的数据 / public-data surrogate; not author-run logs
NSGA-II,9,2109044,7,336,48,48,1.0,0.0,0.0,26,0.26487400571237585,0.6150009850362294,0.6407070135572017,0.6968917402766073,经过处理的数据 / public-data surrogate; not author-run logs
NSGA-II,9,2109044,8,384,48,48,1.0,0.0,0.0,34,0.27578466709399224,0.6249713255265039,0.6594681763860135,0.6968917402766073,经过处理的数据 / public-data surrogate; not author-run logs
NSGA-II,9,2109044,9,432,48,48,1.0,0.0,0.0,41,0.27938302623521366,0.6249713255265039,0.6617285612197034,0.7001677263666871,经过处理的数据 / public-data surrogate; not author-run logs
NSGA-II,9,2109044,10,480,48,48,1.0,0.0,0.0,32,0.2873754421418315,0.6333335145544703,0.6617285612197034,0.7071630560280714,经过处理的数据 / public-data surrogate; not author-run logs
NSGA-II,9,2109044,11,528,48,48,1.0,0.0,0.0,31,0.29703811556123283,0.6510180544537213,0.6617285612197034,0.7090712934551333,经过处理的数据 / public-data surrogate; not author-run logs
NSGA-II,9,2109044,12,576,48,48,1.0,0.0,0.0,42,0.30011600397589444,0.6510180544537213,0.6617285612197034,0.7163659886427443,经过处理的数据 / public-data surrogate; not author-run logs
NSGA-II,9,2109044,13,624,48,48,1.0,0.0,0.0,32,0.307395041120791,0.6510180544537213,0.671258635987781,0.7203645406399644,经过处理的数据 / public-data surrogate; not author-run logs
NSGA-II,9,2109044,14,672,48,48,1.0,0.0,0.0,37,0.3188361386848258,0.6595907820525816,0.6859193519182876,0.7283146758046062,经过处理的数据 / public-data surrogate; not author-run logs
NSGA-II,9,2109044,15,720,48,48,1.0,0.0,0.0,37,0.3279415226867971,0.6595907820525816,0.7060440888490452,0.7283146758046062,经过处理的数据 / public-data surrogate; not author-run logs
NSGA-II,9,2109044,16,768,48,48,1.0,0.0,0.0,43,0.32934500088305063,0.6595907820525816,0.7060440888490452,0.730137561406748,经过处理的数据 / public-data surrogate; not author-run logs
NSGA-II,9,2109044,17,816,48,48,1.0,0.0,0.0,41,0.3368912171327364,0.6724006092054866,0.7086658002913528,0.730137561406748,经过处理的数据 / public-data surrogate; not author-run logs
NSGA-II,9,2109044,18,864,48,48,1.0,0.0,0.0,26,0.339167046583736,0.6724006092054866,0.7086658002913528,0.730137561406748,经过处理的数据 / public-data surrogate; not author-run logs
NSGA-II,9,2109044,19,912,48,48,1.0,0.0,0.0,27,0.34357500957149545,0.674972910039328,0.7086658002913528,0.7344201419288384,经过处理的数据 / public-data surrogate; not author-run logs
NSGA-II,9,2109044,20,960,48,48,1.0,0.0,0.0,35,0.34827321749167894,0.676238715475841,0.7153803556684991,0.7354118314086387,经过处理的数据 / public-data surrogate; not author-run logs
NSGA-II,9,2109044,21,1008,48,48,1.0,0.0,0.0,41,0.3525691470591892,0.6777216290133595,0.7223087838361221,0.7354118314086387,经过处理的数据 / public-data surrogate; not author-run logs
NSGA-II,9,2109044,22,1056,48,48,1.0,0.0,0.0,48,0.35820471639081997,0.6839059416546595,0.7223087838361221,0.742445698740877,经过处理的数据 / public-data surrogate; not author-run logs
NSGA-II,9,2109044,23,1104,48,48,1.0,0.0,0.0,48,0.36294738751355976,0.6839059416546595,0.7325421202160184,0.742445698740877,经过处理的数据 / public-data surrogate; not author-run logs
NSGA-II,9,2109044,24,1152,48,48,1.0,0.0,0.0,48,0.3673087884647386,0.6922273560805473,0.7325421202160184,0.742445698740877,经过处理的数据 / public-data surrogate; not author-run logs
NSGA-II,9,2109044,25,1200,48,48,1.0,0.0,0.0,48,0.37026847776002375,0.6943235368755081,0.7338369115582078,0.7425817753165076,经过处理的数据 / public-data surrogate; not author-run logs
NSGA-II,9,2109044,26,1248,48,48,1.0,0.0,0.0,48,0.37246319665805294,0.6943235368755081,0.7363015959367432,0.744569793291832,经过处理的数据 / public-data surrogate; not author-run logs
NSGA-II,9,2109044,27,1296,48,48,1.0,0.0,0.0,48,0.37357888265159206,0.6943235368755081,0.738474441535642,0.744569793291832,经过处理的数据 / public-data surrogate; not author-run logs
NSGA-II,9,2109044,28,1344,48,48,1.0,0.0,0.0,48,0.379176996565118,0.69667250821232,0.7453022144423018,0.7467635576084731,经过处理的数据 / public-data surrogate; not author-run logs
NSGA-II,9,2109044,29,1392,48,48,1.0,0.0,0.0,48,0.3834900489138547,0.69667250821232,0.7470933255771773,0.7542022533996692,经过处理的数据 / public-data surrogate; not author-run logs
NSGA-II,9,2109044,30,1440,48,48,1.0,0.0,0.0,48,0.38803954533659113,0.6970115241416794,0.7580841182548036,0.7542022533996692,经过处理的数据 / public-data surrogate; not author-run logs
NSGA-II,10,2109045,1,48,48,13,0.2708333333333333,0.1838982521420666,0.802635363834385,5,0.20209694943560025,0.5731183829538007,0.5567782424105185,0.644193274366599,经过处理的数据 / public-data surrogate; not author-run logs
NSGA-II,10,2109045,2,96,48,37,0.7708333333333334,0.004093469481512633,0.029813410468478407,6,0.20878892995243858,0.5847324703045531,0.5567782424105185,0.644193274366599,经过处理的数据 / public-data surrogate; not author-run logs
NSGA-II,10,2109045,3,144,48,48,1.0,0.0,0.0,12,0.22393037195480636,0.5924701125746166,0.5871303493539045,0.6569747608641311,经过处理的数据 / public-data surrogate; not author-run logs
NSGA-II,10,2109045,4,192,48,48,1.0,0.0,0.0,13,0.24463465483445876,0.6042528834430673,0.6313671724403384,0.6569747608641311,经过处理的数据 / public-data surrogate; not author-run logs
NSGA-II,10,2109045,5,240,48,48,1.0,0.0,0.0,20,0.2528559863280265,0.619312819895649,0.6346310099598994,0.6572792355088428,经过处理的数据 / public-data surrogate; not author-run logs
NSGA-II,10,2109045,6,288,48,48,1.0,0.0,0.0,23,0.26670227115651973,0.619312819895649,0.6679858871559553,0.6629883192889169,经过处理的数据 / public-data surrogate; not author-run logs
NSGA-II,10,2109045,7,336,48,48,1.0,0.0,0.0,25,0.2807891518090447,0.6281550931763799,0.6777928029982769,0.6799740141898334,经过处理的数据 / public-data surrogate; not author-run logs
NSGA-II,10,2109045,8,384,48,48,1.0,0.0,0.0,26,0.2902719542872214,0.6509651205414173,0.6777928029982769,0.6799740141898334,经过处理的数据 / public-data surrogate; not author-run logs
NSGA-II,10,2109045,9,432,48,48,1.0,0.0,0.0,37,0.2979244459873467,0.6539237787341727,0.6921793461115766,0.6799740141898334,经过处理的数据 / public-data surrogate; not author-run logs
NSGA-II,10,2109045,10,480,48,48,1.0,0.0,0.0,30,0.3060739237495252,0.6661032070726178,0.6921793461115766,0.6841806734433185,经过处理的数据 / public-data surrogate; not author-run logs
NSGA-II,10,2109045,11,528,48,48,1.0,0.0,0.0,26,0.31528558526068323,0.666513788326571,0.6921793461115766,0.7084577753409911,经过处理的数据 / public-data surrogate; not author-run logs
NSGA-II,10,2109045,12,576,48,48,1.0,0.0,0.0,33,0.32112020995863233,0.6745068927327438,0.6921793461115766,0.7149807416577033,经过处理的数据 / public-data surrogate; not author-run logs
NSGA-II,10,2109045,13,624,48,48,1.0,0.0,0.0,37,0.32504068667098784,0.6745068927327438,0.6971512528765798,0.7149807416577033,经过处理的数据 / public-data surrogate; not author-run logs
NSGA-II,10,2109045,14,672,48,48,1.0,0.0,0.0,39,0.33237794748884836,0.6745068927327438,0.7140361344748695,0.7168841796574721,经过处理的数据 / public-data surrogate; not author-run logs
NSGA-II,10,2109045,15,720,48,48,1.0,0.0,0.0,45,0.33685211204082066,0.6772691335194767,0.7140361344748695,0.7238234878451221,经过处理的数据 / public-data surrogate; not author-run logs
NSGA-II,10,2109045,16,768,48,48,1.0,0.0,0.0,48,0.3458888355401058,0.6930244077986547,0.7140361344748695,0.7253456500794174,经过处理的数据 / public-data surrogate; not author-run logs
NSGA-II,10,2109045,17,816,48,48,1.0,0.0,0.0,31,0.34868849941324687,0.6933610495127811,0.7140361344748695,0.7253456500794174,经过处理的数据 / public-data surrogate; not author-run logs
NSGA-II,10,2109045,18,864,48,48,1.0,0.0,0.0,43,0.3540045653800277,0.7029029306932199,0.7158482007970428,0.7253456500794174,经过处理的数据 / public-data surrogate; not author-run logs
NSGA-II,10,2109045,19,912,48,48,1.0,0.0,0.0,48,0.36722905549961526,0.714619042225726,0.737245766203686,0.7253625051519417,经过处理的数据 / public-data surrogate; not author-run logs
NSGA-II,10,2109045,20,960,48,48,1.0,0.0,0.0,48,0.3708714089593728,0.7173229531756162,0.737245766203686,0.7253625051519417,经过处理的数据 / public-data surrogate; not author-run logs
NSGA-II,10,2109045,21,1008,48,48,1.0,0.0,0.0,48,0.37478757277734714,0.7237386275002846,0.737245766203686,0.7259688138865233,经过处理的数据 / public-data surrogate; not author-run logs
NSGA-II,10,2109045,22,1056,48,48,1.0,0.0,0.0,48,0.37590223296223607,0.7237386275002846,0.737245766203686,0.7259688138865233,经过处理的数据 / public-data surrogate; not author-run logs
NSGA-II,10,2109045,23,1104,48,48,1.0,0.0,0.0,48,0.37930312229361496,0.7237386275002846,0.737245766203686,0.7328255665390078,经过处理的数据 / public-data surrogate; not author-run logs
NSGA-II,10,2109045,24,1152,48,48,1.0,0.0,0.0,48,0.380835797445619,0.7237386275002846,0.737245766203686,0.7328255665390078,经过处理的数据 / public-data surrogate; not author-run logs
NSGA-II,10,2109045,25,1200,48,48,1.0,0.0,0.0,48,0.3846119743971296,0.7237386275002846,0.7476911678734522,0.7328255665390078,经过处理的数据 / public-data surrogate; not author-run logs
NSGA-II,10,2109045,26,1248,48,48,1.0,0.0,0.0,48,0.3888190021980955,0.7302667723199802,0.7476911678734522,0.7328255665390078,经过处理的数据 / public-data surrogate; not author-run logs
NSGA-II,10,2109045,27,1296,48,48,1.0,0.0,0.0,48,0.39617797833796803,0.7403859572379164,0.7540410727545558,0.7328255665390078,经过处理的数据 / public-data surrogate; not author-run logs
NSGA-II,10,2109045,28,1344,48,48,1.0,0.0,0.0,48,0.3980087456004266,0.7408272566732592,0.7581528309968926,0.7328255665390078,经过处理的数据 / public-data surrogate; not author-run logs
NSGA-II,10,2109045,29,1392,48,48,1.0,0.0,0.0,48,0.39903556223478287,0.7408272566732592,0.7581528309968926,0.7328255665390078,经过处理的数据 / public-data surrogate; not author-run logs
NSGA-II,10,2109045,30,1440,48,48,1.0,0.0,0.0,48,0.3999002149378026,0.7408272566732592,0.7581528309968926,0.7328255665390078,经过处理的数据 / public-data surrogate; not author-run logs
NSGA-II,11,2109046,1,48,48,12,0.25,0.17413346039238173,0.5989583103108462,6,0.202973210490177,0.5663909315864666,0.5868254398839879,0.6359386495867514,经过处理的数据 / public-data surrogate; not author-run logs
NSGA-II,11,2109046,2,96,48,31,0.6458333333333334,0.01179574603064644,0.07305677849950287,10,0.21904163249209616,0.5811477543466139,0.6140323035525853,0.6359386495867514,经过处理的数据 / public-data surrogate; not author-run logs
NSGA-II,11,2109046,3,144,48,48,1.0,0.0,0.0,13,0.22337163013471345,0.5847054673866978,0.6140323035525853,0.6436932881930439,经过处理的数据 / public-data surrogate; not author-run logs
NSGA-II,11,2109046,4,192,48,48,1.0,0.0,0.0,17,0.2361740306136939,0.5968948453157346,0.6203915198911178,0.6529256793327578,经过处理的数据 / public-data surrogate; not author-run logs
NSGA-II,11,2109046,5,240,48,48,1.0,0.0,0.0,22,0.24123573067214477,0.6082812788327194,0.6203915198911178,0.6529256793327578,经过处理的数据 / public-data surrogate; not author-run logs
NSGA-II,11,2109046,6,288,48,48,1.0,0.0,0.0,31,0.2575080737145619,0.6269024950133525,0.6428303601643163,0.6569851840340866,经过处理的数据 / public-data surrogate; not author-run logs
NSGA-II,11,2109046,7,336,48,48,1.0,0.0,0.0,24,0.2606352049368738,0.6269024950133525,0.6428303601643163,0.6654885841248006,经过处理的数据 / public-data surrogate; not author-run logs
NSGA-II,11,2109046,8,384,48,48,1.0,0.0,0.0,29,0.2679396401983006,0.6284633019627952,0.6569727032904291,0.6654885841248006,经过处理的数据 / public-data surrogate; not author-run logs
NSGA-II,11,2109046,9,432,48,48,1.0,0.0,0.0,35,0.27983153059962157,0.6301544799885979,0.6868063775012822,0.6655112549090147,经过处理的数据 / public-data surrogate; not author-run logs
NSGA-II,11,2109046,10,480,48,48,1.0,0.0,0.0,42,0.28900237094839043,0.6419701055936909,0.6868063775012822,0.6779130435341848,经过处理的数据 / public-data surrogate; not author-run logs
NSGA-II,11,2109046,11,528,48,48,1.0,0.0,0.0,37,0.2949117783624463,0.6419701055936909,0.6984799435184718,0.6779130435341848,经过处理的数据 / public-data surrogate; not author-run logs
NSGA-II,11,2109046,12,576,48,48,1.0,0.0,0.0,35,0.29753127131488155,0.6419701055936909,0.7032524828109252,0.6781508920547282,经过处理的数据 / public-data surrogate; not author-run logs
NSGA-II,11,2109046,13,624,48,48,1.0,0.0,0.0,39,0.31368762796128674,0.6638955250293194,0.7084034162751359,0.6902653726530839,经过处理的数据 / public-data surrogate; not author-run logs
NSGA-II,11,2109046,14,672,48,48,1.0,0.0,0.0,40,0.32216248553685933,0.6825651633679456,0.7084034162751359,0.6902653726530839,经过处理的数据 / public-data surrogate; not author-run logs
NSGA-II,11,2109046,15,720,48,48,1.0,0.0,0.0,34,0.32811078411421585,0.6828398505541551,0.7188515222793541,0.6918263081412951,经过处理的数据 / public-data surrogate; not author-run logs
NSGA-II,11,2109046,16,768,48,48,1.0,0.0,0.0,42,0.33556073303546974,0.6828398505541551,0.7238066875585452,0.7026922200589785,经过处理的数据 / public-data surrogate; not author-run logs
NSGA-II,11,2109046,17,816,48,48,1.0,0.0,0.0,48,0.3450097586305271,0.6921141486841738,0.7387460626173605,0.7026922200589785,经过处理的数据 / public-data surrogate; not author-run logs
NSGA-II,11,2109046,18,864,48,48,1.0,0.0,0.0,48,0.34994020649434965,0.6981261562842739,0.7389046155337559,0.7026922200589785,经过处理的数据 / public-data surrogate; not author-run logs
NSGA-II,11,2109046,19,912,48,48,1.0,0.0,0.0,48,0.3527331499181172,0.6983504797010485,0.7410484588177376,0.7026922200589785,经过处理的数据 / public-data surrogate; not author-run logs
NSGA-II,11,2109046,20,960,48,48,1.0,0.0,0.0,48,0.3569142517565169,0.6983504797010485,0.7455840890492013,0.706127893101455,经过处理的数据 / public-data surrogate; not author-run logs
NSGA-II,11,2109046,21,1008,48,48,1.0,0.0,0.0,48,0.3604457671384978,0.7012527785572119,0.7485403765700568,0.706127893101455,经过处理的数据 / public-data surrogate; not author-run logs
NSGA-II,11,2109046,22,1056,48,48,1.0,0.0,0.0,48,0.37480324003736565,0.7282806727195706,0.7572134515010791,0.706127893101455,经过处理的数据 / public-data surrogate; not author-run logs
NSGA-II,11,2109046,23,1104,48,48,1.0,0.0,0.0,48,0.3815102402578987,0.7282806727195706,0.7735223441371644,0.706127893101455,经过处理的数据 / public-data surrogate; not author-run logs
NSGA-II,11,2109046,24,1152,48,48,1.0,0.0,0.0,48,0.3907601217283286,0.739975969529937,0.7777653011152582,0.7113505421296271,经过处理的数据 / public-data surrogate; not author-run logs
NSGA-II,11,2109046,25,1200,48,48,1.0,0.0,0.0,48,0.39238729204692835,0.739975969529937,0.7777653011152582,0.7113505421296271,经过处理的数据 / public-data surrogate; not author-run logs
NSGA-II,11,2109046,26,1248,48,48,1.0,0.0,0.0,48,0.3961569355258764,0.739975969529937,0.7777653011152582,0.7189056247341874,经过处理的数据 / public-data surrogate; not author-run logs
NSGA-II,11,2109046,27,1296,48,48,1.0,0.0,0.0,48,0.3981008648266875,0.739975969529937,0.7777653011152582,0.7189056247341874,经过处理的数据 / public-data surrogate; not author-run logs
NSGA-II,11,2109046,28,1344,48,48,1.0,0.0,0.0,48,0.3999689470208494,0.739975969529937,0.7777653011152582,0.7210199288508583,经过处理的数据 / public-data surrogate; not author-run logs
NSGA-II,11,2109046,29,1392,48,48,1.0,0.0,0.0,48,0.4040783352242172,0.7486003208639657,0.7777653011152582,0.7210199288508583,经过处理的数据 / public-data surrogate; not author-run logs
NSGA-II,11,2109046,30,1440,48,48,1.0,0.0,0.0,48,0.40650576014036965,0.7486003208639657,0.7777653011152582,0.7212446884143292,经过处理的数据 / public-data surrogate; not author-run logs
NSGA-II,12,2109047,1,48,48,20,0.4166666666666667,0.12280950769867909,0.6193116443682987,8,0.23351624514598343,0.6218581825547741,0.622235664425586,0.6306874838713226,经过处理的数据 / public-data surrogate; not author-run logs
NSGA-II,12,2109047,2,96,48,48,1.0,0.0,0.0,10,0.23962778728117765,0.625439058568447,0.622235664425586,0.6369809150975663,经过处理的数据 / public-data surrogate; not author-run logs
NSGA-II,12,2109047,3,144,48,48,1.0,0.0,0.0,10,0.2497343334245555,0.634611051536385,0.622235664425586,0.6535546451620142,经过处理的数据 / public-data surrogate; not author-run logs
NSGA-II,12,2109047,4,192,48,48,1.0,0.0,0.0,14,0.2678519703879653,0.6488691673270974,0.6430380780895442,0.6749283678066396,经过处理的数据 / public-data surrogate; not author-run logs
NSGA-II,12,2109047,5,240,48,48,1.0,0.0,0.0,12,0.279808316769223,0.6517431658044456,0.6616298931257595,0.6749283678066396,经过处理的数据 / public-data surrogate; not author-run logs
NSGA-II,12,2109047,6,288,48,48,1.0,0.0,0.0,11,0.28562737176293496,0.6517431658044456,0.6662347037342603,0.6804018345506735,经过处理的数据 / public-data surrogate; not author-run logs
NSGA-II,12,2109047,7,336,48,48,1.0,0.0,0.0,17,0.32196209530841313,0.7002040685746647,0.7028604351447415,0.6804018345506735,经过处理的数据 / public-data surrogate; not author-run logs
NSGA-II,12,2109047,8,384,48,48,1.0,0.0,0.0,17,0.3262885006715286,0.7002040685746647,0.7028604351447415,0.6828335219749896,经过处理的数据 / public-data surrogate; not author-run logs
NSGA-II,12,2109047,9,432,48,48,1.0,0.0,0.0,16,0.33296497856870166,0.7002040685746647,0.7047949258336969,0.6881977184297533,经过处理的数据 / public-data surrogate; not author-run logs
NSGA-II,12,2109047,10,480,48,48,1.0,0.0,0.0,19,0.3359060571087944,0.7002040685746647,0.7047949258336969,0.6916894688730286,经过处理的数据 / public-data surrogate; not author-run logs
NSGA-II,12,2109047,11,528,48,48,1.0,0.0,0.0,27,0.3361843166733504,0.7002040685746647,0.7047949258336969,0.6916894688730286,经过处理的数据 / public-data surrogate; not author-run logs
NSGA-II,12,2109047,12,576,48,48,1.0,0.0,0.0,38,0.348761821814908,0.704913520632453,0.7255932998897615,0.6984751226708119,经过处理的数据 / public-data surrogate; not author-run logs
NSGA-II,12,2109047,13,624,48,48,1.0,0.0,0.0,48,0.3528899464264058,0.7126042162598285,0.7255932998897615,0.6984751226708119,经过处理的数据 / public-data surrogate; not author-run logs
NSGA-II,12,2109047,14,672,48,48,1.0,0.0,0.0,42,0.3578922128562937,0.7126042162598285,0.7295583344737141,0.7036910838994175,经过处理的数据 / public-data surrogate; not author-run logs
NSGA-II,12,2109047,15,720,48,48,1.0,0.0,0.0,27,0.3672488542801646,0.7242624734845271,0.7346871097969746,0.7036910838994175,经过处理的数据 / public-data surrogate; not author-run logs
NSGA-II,12,2109047,16,768,48,48,1.0,0.0,0.0,31,0.37253651814848915,0.7324524687127103,0.7346871097969746,0.706766863216168,经过处理的数据 / public-data surrogate; not author-run logs
NSGA-II,12,2109047,17,816,48,48,1.0,0.0,0.0,41,0.3750033870322872,0.7324722786095178,0.7346871097969746,0.7101256002501277,经过处理的数据 / public-data surrogate; not author-run logs
NSGA-II,12,2109047,18,864,48,48,1.0,0.0,0.0,39,0.38552876390361085,0.7324722786095178,0.753256629260392,0.713449538865546,经过处理的数据 / public-data surrogate; not author-run logs
NSGA-II,12,2109047,19,912,48,48,1.0,0.0,0.0,48,0.38684398631126204,0.7324722786095178,0.753256629260392,0.7157583866482606,经过处理的数据 / public-data surrogate; not author-run logs
NSGA-II,12,2109047,20,960,48,48,1.0,0.0,0.0,48,0.3882467199426315,0.7324722786095178,0.753256629260392,0.7171146617890458,经过处理的数据 / public-data surrogate; not author-run logs
NSGA-II,12,2109047,21,1008,48,48,1.0,0.0,0.0,48,0.38884304878786835,0.7324722786095178,0.753256629260392,0.7171146617890458,经过处理的数据 / public-data surrogate; not author-run logs
NSGA-II,12,2109047,22,1056,48,48,1.0,0.0,0.0,48,0.39101912170550157,0.7344503054220007,0.7543842285916253,0.7172687680859079,经过处理的数据 / public-data surrogate; not author-run logs
NSGA-II,12,2109047,23,1104,48,48,1.0,0.0,0.0,48,0.39425346080520074,0.7393897736254195,0.7543842285916253,0.7172687680859079,经过处理的数据 / public-data surrogate; not author-run logs
NSGA-II,12,2109047,24,1152,48,48,1.0,0.0,0.0,48,0.3953413873522419,0.7393897736254195,0.7543842285916253,0.718877555934303,经过处理的数据 / public-data surrogate; not author-run logs
NSGA-II,12,2109047,25,1200,48,48,1.0,0.0,0.0,48,0.39783731647654264,0.7398331266948682,0.7590868865518903,0.718877555934303,经过处理的数据 / public-data surrogate; not author-run logs
NSGA-II,12,2109047,26,1248,48,48,1.0,0.0,0.0,48,0.40075731340901294,0.7398331266948682,0.7652387853141004,0.718877555934303,经过处理的数据 / public-data surrogate; not author-run logs
NSGA-II,12,2109047,27,1296,48,48,1.0,0.0,0.0,48,0.40323260008466705,0.7398331266948682,0.7709231602895442,0.7194169653655635,经过处理的数据 / public-data surrogate; not author-run logs
NSGA-II,12,2109047,28,1344,48,48,1.0,0.0,0.0,48,0.405192930105292,0.7414728643121558,0.7709231602895442,0.7199036519163337,经过处理的数据 / public-data surrogate; not author-run logs
NSGA-II,12,2109047,29,1392,48,48,1.0,0.0,0.0,48,0.41468359042878344,0.7623440921469452,0.7709231602895442,0.7206751957304085,经过处理的数据 / public-data surrogate; not author-run logs
NSGA-II,12,2109047,30,1440,48,48,1.0,0.0,0.0,48,0.41508977449965123,0.7623440921469452,0.7709231602895442,0.7206751957304085,经过处理的数据 / public-data surrogate; not author-run logs
NSGA-II,13,2109048,1,48,48,16,0.3333333333333333,0.15193653575744115,0.634853099432674,6,0.1986545553725486,0.5572369077750262,0.547972777006491,0.6644306137751343,经过处理的数据 / public-data surrogate; not author-run logs
NSGA-II,13,2109048,2,96,48,39,0.8125,0.0017116354201376592,0.015705993572866728,6,0.20197387437082376,0.5572369077750262,0.5529580178115442,0.6644306137751343,经过处理的数据 / public-data surrogate; not author-run logs
NSGA-II,13,2109048,3,144,48,48,1.0,0.0,0.0,17,0.21542716141849727,0.5688409565059126,0.5741310506259744,0.6796810824124114,经过处理的数据 / public-data surrogate; not author-run logs
NSGA-II,13,2109048,4,192,48,48,1.0,0.0,0.0,23,0.22007544226321757,0.5758740842842224,0.5741310506259744,0.685217397015858,经过处理的数据 / public-data surrogate; not author-run logs
NSGA-II,13,2109048,5,240,48,48,1.0,0.0,0.0,15,0.2403822813202448,0.5897850322867465,0.6224736492841957,0.685217397015858,经过处理的数据 / public-data surrogate; not author-run logs
NSGA-II,13,2109048,6,288,48,48,1.0,0.0,0.0,16,0.25000787169688254,0.599790617147454,0.6326125306525299,0.685217397015858,经过处理的数据 / public-data surrogate; not author-run logs
NSGA-II,13,2109048,7,336,48,48,1.0,0.0,0.0,27,0.25289041572943033,0.6024896300686687,0.6326125306525299,0.685217397015858,经过处理的数据 / public-data surrogate; not author-run logs
NSGA-II,13,2109048,8,384,48,48,1.0,0.0,0.0,32,0.2604329830089357,0.6075348017002102,0.6326125306525299,0.6981517344159054,经过处理的数据 / public-data surrogate; not author-run logs
NSGA-II,13,2109048,9,432,48,48,1.0,0.0,0.0,29,0.2675537878896986,0.6136402652662188,0.6419514070478809,0.6985420452788255,经过处理的数据 / public-data surrogate; not author-run logs
NSGA-II,13,2109048,10,480,48,48,1.0,0.0,0.0,34,0.28073639015751456,0.618445935631706,0.6652379433970269,0.706816614500804,经过处理的数据 / public-data surrogate; not author-run logs
NSGA-II,13,2109048,11,528,48,48,1.0,0.0,0.0,36,0.2983532863855677,0.6414317752308268,0.6859006902153597,0.706816614500804,经过处理的数据 / public-data surrogate; not author-run logs
NSGA-II,13,2109048,12,576,48,48,1.0,0.0,0.0,38,0.2999457231943952,0.6414317752308268,0.6859006902153597,0.706816614500804,经过处理的数据 / public-data surrogate; not author-run logs
NSGA-II,13,2109048,13,624,48,48,1.0,0.0,0.0,42,0.3066624223914312,0.6545689975416883,0.6859006902153597,0.7103539231102738,经过处理的数据 / public-data surrogate; not author-run logs
NSGA-II,13,2109048,14,672,48,48,1.0,0.0,0.0,40,0.3079125688949824,0.6545689975416883,0.6859006902153597,0.7103539231102738,经过处理的数据 / public-data surrogate; not author-run logs
NSGA-II,13,2109048,15,720,48,48,1.0,0.0,0.0,48,0.3105346900539148,0.6545689975416883,0.688049503821823,0.7103539231102738,经过处理的数据 / public-data surrogate; not author-run logs
NSGA-II,13,2109048,16,768,48,48,1.0,0.0,0.0,48,0.31256126194859885,0.6545689975416883,0.688049503821823,0.711885200622459,经过处理的数据 / public-data surrogate; not author-run logs
NSGA-II,13,2109048,17,816,48,48,1.0,0.0,0.0,48,0.3167742280866501,0.6598845745329293,0.688049503821823,0.7145155465344346,经过处理的数据 / public-data surrogate; not author-run logs
NSGA-II,13,2109048,18,864,48,48,1.0,0.0,0.0,48,0.3302809879535699,0.6804860382616568,0.7011078420725572,0.7145155465344346,经过处理的数据 / public-data surrogate; not author-run logs
NSGA-II,13,2109048,19,912,48,48,1.0,0.0,0.0,48,0.332479007438642,0.6804860382616568,0.7011078420725572,0.7163307927882857,经过处理的数据 / public-data surrogate; not author-run logs
NSGA-II,13,2109048,20,960,48,48,1.0,0.0,0.0,48,0.33310171306004344,0.6804860382616568,0.7011078420725572,0.7170414806303071,经过处理的数据 / public-data surrogate; not author-run logs
NSGA-II,13,2109048,21,1008,48,48,1.0,0.0,0.0,43,0.3375988542113864,0.6804860382616568,0.7056505731093815,0.7194361282133748,经过处理的数据 / public-data surrogate; not author-run logs
NSGA-II,13,2109048,22,1056,48,48,1.0,0.0,0.0,46,0.3382604394738158,0.6804860382616568,0.7056505731093815,0.7194361282133748,经过处理的数据 / public-data surrogate; not author-run logs
NSGA-II,13,2109048,23,1104,48,48,1.0,0.0,0.0,48,0.33833456395588474,0.6804860382616568,0.7056505731093815,0.7194361282133748,经过处理的数据 / public-data surrogate; not author-run logs
NSGA-II,13,2109048,24,1152,48,48,1.0,0.0,0.0,48,0.3449778254290269,0.6804860382616568,0.7189159234938216,0.7209250562091616,经过处理的数据 / public-data surrogate; not author-run logs
NSGA-II,13,2109048,25,1200,48,48,1.0,0.0,0.0,48,0.35388602522820467,0.6997705438092525,0.7189159234938216,0.7209250562091616,经过处理的数据 / public-data surrogate; not author-run logs
NSGA-II,13,2109048,26,1248,48,48,1.0,0.0,0.0,48,0.35456499406822983,0.6997705438092525,0.7189159234938216,0.7211936621528735,经过处理的数据 / public-data surrogate; not author-run logs
NSGA-II,13,2109048,27,1296,48,48,1.0,0.0,0.0,48,0.35542478332528976,0.6997705438092525,0.7189159234938216,0.7211936621528735,经过处理的数据 / public-data surrogate; not author-run logs
NSGA-II,13,2109048,28,1344,48,48,1.0,0.0,0.0,48,0.3556933433151592,0.6997705438092525,0.7189159234938216,0.7211936621528735,经过处理的数据 / public-data surrogate; not author-run logs
NSGA-II,13,2109048,29,1392,48,48,1.0,0.0,0.0,48,0.356954254707561,0.6997705438092525,0.7189159234938216,0.7245313010897059,经过处理的数据 / public-data surrogate; not author-run logs
NSGA-II,13,2109048,30,1440,48,48,1.0,0.0,0.0,48,0.35847143368432954,0.6997705438092525,0.7189159234938216,0.7263859322912742,经过处理的数据 / public-data surrogate; not author-run logs
NSGA-II,14,2109049,1,48,48,11,0.22916666666666666,0.17800630878426751,0.6005408068041387,6,0.18785661748998508,0.5393274200107951,0.5793580001266331,0.6142953979453432,经过处理的数据 / public-data surrogate; not author-run logs
NSGA-II,14,2109049,2,96,48,32,0.6666666666666666,0.007834822322370172,0.04098521095012431,13,0.20193979658238664,0.5612133962408088,0.5927011329673356,0.6221979359906364,经过处理的数据 / public-data surrogate; not author-run logs
NSGA-II,14,2109049,3,144,48,48,1.0,0.0,0.0,24,0.22574971492779036,0.5658823993708896,0.6597721453988433,0.6375514793821853,经过处理的数据 / public-data surrogate; not author-run logs
NSGA-II,14,2109049,4,192,48,48,1.0,0.0,0.0,19,0.2363414236709998,0.57426492112714,0.6597721453988433,0.6463848415116027,经过处理的数据 / public-data surrogate; not author-run logs
NSGA-II,14,2109049,5,240,48,48,1.0,0.0,0.0,14,0.2414820380959802,0.580358096312655,0.6616723733968086,0.6463848415116027,经过处理的数据 / public-data surrogate; not author-run logs
NSGA-II,14,2109049,6,288,48,48,1.0,0.0,0.0,22,0.2552062573017637,0.5880816975151322,0.6772381869788288,0.6686506482007604,经过处理的数据 / public-data surrogate; not author-run logs
NSGA-II,14,2109049,7,336,48,48,1.0,0.0,0.0,25,0.27442322640811945,0.6225948053958724,0.6900941203313888,0.6686506482007604,经过处理的数据 / public-data surrogate; not author-run logs
NSGA-II,14,2109049,8,384,48,48,1.0,0.0,0.0,29,0.277663218831752,0.6225948053958724,0.6900941203313888,0.6686506482007604,经过处理的数据 / public-data surrogate; not author-run logs
NSGA-II,14,2109049,9,432,48,48,1.0,0.0,0.0,46,0.2903576771201861,0.6388639051329505,0.694421748355497,0.6801314322917742,经过处理的数据 / public-data surrogate; not author-run logs
NSGA-II,14,2109049,10,480,48,48,1.0,0.0,0.0,30,0.29818649882716547,0.6388639051329505,0.7068434495306226,0.6801314322917742,经过处理的数据 / public-data surrogate; not author-run logs
NSGA-II,14,2109049,11,528,48,48,1.0,0.0,0.0,37,0.29908368786642525,0.6388639051329505,0.7070529880558504,0.6801314322917742,经过处理的数据 / public-data surrogate; not author-run logs
NSGA-II,14,2109049,12,576,48,48,1.0,0.0,0.0,39,0.3038529085663555,0.6476270356293593,0.7089860305047853,0.6801314322917742,经过处理的数据 / public-data surrogate; not author-run logs
NSGA-II,14,2109049,13,624,48,48,1.0,0.0,0.0,39,0.3172279071760852,0.662707177662336,0.726430030115941,0.6806184722840113,经过处理的数据 / public-data surrogate; not author-run logs
NSGA-II,14,2109049,14,672,48,48,1.0,0.0,0.0,48,0.31830446646710986,0.662707177662336,0.726430030115941,0.6806184722840113,经过处理的数据 / public-data surrogate; not author-run logs
NSGA-II,14,2109049,15,720,48,48,1.0,0.0,0.0,48,0.3260491199384223,0.6695415065010367,0.731656550233511,0.6873638143998139,经过处理的数据 / public-data surrogate; not author-run logs
NSGA-II,14,2109049,16,768,48,48,1.0,0.0,0.0,48,0.32753958644996156,0.6695415065010367,0.731656550233511,0.6878284526908779,经过处理的数据 / public-data surrogate; not author-run logs
NSGA-II,14,2109049,17,816,48,48,1.0,0.0,0.0,46,0.32928748372599387,0.6695415065010367,0.7318339866410083,0.6878284526908779,经过处理的数据 / public-data surrogate; not author-run logs
NSGA-II,14,2109049,18,864,48,48,1.0,0.0,0.0,41,0.33913210215826783,0.6834520502732894,0.7386974708988466,0.6881794695058399,经过处理的数据 / public-data surrogate; not author-run logs
NSGA-II,14,2109049,19,912,48,48,1.0,0.0,0.0,39,0.34149222883406316,0.6834520502732894,0.7386974708988466,0.6923101936053928,经过处理的数据 / public-data surrogate; not author-run logs
NSGA-II,14,2109049,20,960,48,48,1.0,0.0,0.0,48,0.34450394895759434,0.6863400449133318,0.7386974708988466,0.6923101936053928,经过处理的数据 / public-data surrogate; not author-run logs
NSGA-II,14,2109049,21,1008,48,48,1.0,0.0,0.0,48,0.3506409654975577,0.6863400449133318,0.7509992488342525,0.6923101936053928,经过处理的数据 / public-data surrogate; not author-run logs
NSGA-II,14,2109049,22,1056,48,48,1.0,0.0,0.0,32,0.3573069298857121,0.6863400449133318,0.7542771031763428,0.7034891248670057,经过处理的数据 / public-data surrogate; not author-run logs
NSGA-II,14,2109049,23,1104,48,48,1.0,0.0,0.0,36,0.3673914622638762,0.7026231069216837,0.7579886525808789,0.7044435680267059,经过处理的数据 / public-data surrogate; not author-run logs
NSGA-II,14,2109049,24,1152,48,48,1.0,0.0,0.0,38,0.3740439204877143,0.7150323839246323,0.7597305084582252,0.7044435680267059,经过处理的数据 / public-data surrogate; not author-run logs
NSGA-II,14,2109049,25,1200,48,48,1.0,0.0,0.0,39,0.3777344550823446,0.7150323839246323,0.7630351822621148,0.7045196591571311,经过处理的数据 / public-data surrogate; not author-run logs
NSGA-II,14,2109049,26,1248,48,48,1.0,0.0,0.0,46,0.3876977148230875,0.7265339198137806,0.7693715236756673,0.708649430643601,经过处理的数据 / public-data surrogate; not author-run logs
NSGA-II,14,2109049,27,1296,48,48,1.0,0.0,0.0,48,0.38776489999559427,0.7265339198137806,0.7693715236756673,0.708649430643601,经过处理的数据 / public-data surrogate; not author-run logs
NSGA-II,14,2109049,28,1344,48,48,1.0,0.0,0.0,48,0.3894212352523654,0.7265339198137806,0.7693715236756673,0.7109324185693363,经过处理的数据 / public-data surrogate; not author-run logs
NSGA-II,14,2109049,29,1392,48,48,1.0,0.0,0.0,48,0.39153180153798345,0.7265339198137806,0.7693715236756673,0.7142121302295088,经过处理的数据 / public-data surrogate; not author-run logs
NSGA-II,14,2109049,30,1440,48,48,1.0,0.0,0.0,38,0.39208100809303337,0.7265339198137806,0.7693715236756673,0.7143613257471998,经过处理的数据 / public-data surrogate; not author-run logs
NSGA-II,15,2109050,1,48,48,16,0.3333333333333333,0.16733008191139978,0.6771442882231555,5,0.21324663001734295,0.5988804586374775,0.5794568118004073,0.6322940259503393,经过处理的数据 / public-data surrogate; not author-run logs
NSGA-II,15,2109050,2,96,48,41,0.8541666666666666,0.002524710731473173,0.030209304103825163,10,0.2226676080567093,0.6146012252283436,0.5794568118004073,0.6440855077308483,经过处理的数据 / public-data surrogate; not author-run logs
NSGA-II,15,2109050,3,144,48,48,1.0,0.0,0.0,14,0.23610941404663166,0.625980614494366,0.6055341903384016,0.6445872184169339,经过处理的数据 / public-data surrogate; not author-run logs
NSGA-II,15,2109050,4,192,48,48,1.0,0.0,0.0,15,0.23896210898386983,0.625980614494366,0.6055341903384016,0.6445872184169339,经过处理的数据 / public-data surrogate; not author-run logs
NSGA-II,15,2109050,5,240,48,48,1.0,0.0,0.0,16,0.2535113323884658,0.6318575117662026,0.6151565963785717,0.6692901329189432,经过处理的数据 / public-data surrogate; not author-run logs
NSGA-II,15,2109050,6,288,48,48,1.0,0.0,0.0,20,0.2599256710556466,0.6419612301325739,0.6151565963785717,0.671197258602638,经过处理的数据 / public-data surrogate; not author-run logs
NSGA-II,15,2109050,7,336,48,48,1.0,0.0,0.0,17,0.27778324031581886,0.6522791924258252,0.635859540790416,0.6930332924070002,经过处理的数据 / public-data surrogate; not author-run logs
NSGA-II,15,2109050,8,384,48,48,1.0,0.0,0.0,27,0.2790048982860281,0.6522791924258252,0.635859540790416,0.6930332924070002,经过处理的数据 / public-data surrogate; not author-run logs
NSGA-II,15,2109050,9,432,48,48,1.0,0.0,0.0,29,0.29790819656319995,0.6662341205021941,0.6718039480084199,0.6930332924070002,经过处理的数据 / public-data surrogate; not author-run logs
NSGA-II,15,2109050,10,480,48,48,1.0,0.0,0.0,31,0.30633021282874506,0.6741823853382773,0.6718039480084199,0.6990419037701081,经过处理的数据 / public-data surrogate; not author-run logs
NSGA-II,15,2109050,11,528,48,48,1.0,0.0,0.0,35,0.3147960260076613,0.6886019515228695,0.6718039480084199,0.6990419037701081,经过处理的数据 / public-data surrogate; not author-run logs
NSGA-II,15,2109050,12,576,48,48,1.0,0.0,0.0,31,0.3157605479864502,0.6886019515228695,0.6718039480084199,0.6990419037701081,经过处理的数据 / public-data surrogate; not author-run logs
NSGA-II,15,2109050,13,624,48,48,1.0,0.0,0.0,33,0.32221311928770013,0.6886019515228695,0.6869426833573888,0.6990419037701081,经过处理的数据 / public-data surrogate; not author-run logs
NSGA-II,15,2109050,14,672,48,48,1.0,0.0,0.0,39,0.33616108971557457,0.7061606414381115,0.6869426833573888,0.7198174454021486,经过处理的数据 / public-data surrogate; not author-run logs
NSGA-II,15,2109050,15,720,48,48,1.0,0.0,0.0,41,0.34004625636696073,0.7061606414381115,0.6928139730341857,0.7198174454021486,经过处理的数据 / public-data surrogate; not author-run logs
NSGA-II,15,2109050,16,768,48,48,1.0,0.0,0.0,30,0.35424582425519247,0.7061606414381115,0.7198975191923682,0.7198174454021486,经过处理的数据 / public-data surrogate; not author-run logs
NSGA-II,15,2109050,17,816,48,48,1.0,0.0,0.0,27,0.3606683040343295,0.716958087247798,0.7198975191923682,0.7205677007783664,经过处理的数据 / public-data surrogate; not author-run logs
NSGA-II,15,2109050,18,864,48,48,1.0,0.0,0.0,38,0.3672950561916951,0.725580995876196,0.7198975191923682,0.7245508969822725,经过处理的数据 / public-data surrogate; not author-run logs
NSGA-II,15,2109050,19,912,48,48,1.0,0.0,0.0,41,0.3706408494741149,0.7311323556584008,0.7198975191923682,0.7245508969822725,经过处理的数据 / public-data surrogate; not author-run logs
NSGA-II,15,2109050,20,960,48,48,1.0,0.0,0.0,44,0.37215220224142476,0.7311323556584008,0.7198975191923682,0.7245508969822725,经过处理的数据 / public-data surrogate; not author-run logs
NSGA-II,15,2109050,21,1008,48,48,1.0,0.0,0.0,38,0.37506977899100147,0.7321349793738794,0.7198975191923682,0.7254577358735801,经过处理的数据 / public-data surrogate; not author-run logs
NSGA-II,15,2109050,22,1056,48,48,1.0,0.0,0.0,43,0.38105675491911806,0.7408896266583237,0.7198975191923682,0.729623709911222,经过处理的数据 / public-data surrogate; not author-run logs
NSGA-II,15,2109050,23,1104,48,48,1.0,0.0,0.0,47,0.3824779174839724,0.7408896266583237,0.7198975191923682,0.7309823224129197,经过处理的数据 / public-data surrogate; not author-run logs
NSGA-II,15,2109050,24,1152,48,48,1.0,0.0,0.0,48,0.38735234652795236,0.7488335863487356,0.7207850561762427,0.7320452565934542,经过处理的数据 / public-data surrogate; not author-run logs
NSGA-II,15,2109050,25,1200,48,48,1.0,0.0,0.0,48,0.39353953657460133,0.7488335863487356,0.7347986254377388,0.7320452565934542,经过处理的数据 / public-data surrogate; not author-run logs
NSGA-II,15,2109050,26,1248,48,48,1.0,0.0,0.0,48,0.39648130325595365,0.7488335863487356,0.7347986254377388,0.7380132887004879,经过处理的数据 / public-data surrogate; not author-run logs
NSGA-II,15,2109050,27,1296,48,48,1.0,0.0,0.0,48,0.3975328450224651,0.7488335863487356,0.7347986254377388,0.7380132887004879,经过处理的数据 / public-data surrogate; not author-run logs
NSGA-II,15,2109050,28,1344,48,48,1.0,0.0,0.0,48,0.3979036721627965,0.7488335863487356,0.7347986254377388,0.7380132887004879,经过处理的数据 / public-data surrogate; not author-run logs
NSGA-II,15,2109050,29,1392,48,48,1.0,0.0,0.0,48,0.39982186945362286,0.7507223915659812,0.7347986254377388,0.7380132887004879,经过处理的数据 / public-data surrogate; not author-run logs
NSGA-II,15,2109050,30,1440,48,48,1.0,0.0,0.0,48,0.4005047866356263,0.752060300715716,0.7352287419153631,0.7383358543199371,经过处理的数据 / public-data surrogate; not author-run logs
NSGA-II,16,2109051,1,48,48,20,0.4166666666666667,0.150608928449895,0.6330146413153268,7,0.20750480067596716,0.5818786693658476,0.5709748036955293,0.6371997277063516,经过处理的数据 / public-data surrogate; not author-run logs
NSGA-II,16,2109051,2,96,48,47,0.9791666666666666,5.515404056083417e-05,0.0026473939469200403,14,0.22457274907109798,0.5944323058376911,0.6121485682763046,0.6371997277063516,经过处理的数据 / public-data surrogate; not author-run logs
NSGA-II,16,2109051,3,144,48,48,1.0,0.0,0.0,21,0.22674004050343427,0.5956337121945918,0.6121485682763046,0.6371997277063516,经过处理的数据 / public-data surrogate; not author-run logs
NSGA-II,16,2109051,4,192,48,48,1.0,0.0,0.0,25,0.2513926560338664,0.6322568647547154,0.630324545595687,0.6607420882985116,经过处理的数据 / public-data surrogate; not author-run logs
NSGA-II,16,2109051,5,240,48,48,1.0,0.0,0.0,28,0.2542755470121468,0.6322568647547154,0.630324545595687,0.6607420882985116,经过处理的数据 / public-data surrogate; not author-run logs
NSGA-II,16,2109051,6,288,48,48,1.0,0.0,0.0,31,0.25802292995490217,0.6322568647547154,0.6363178981086642,0.6607420882985116,经过处理的数据 / public-data surrogate; not author-run logs
NSGA-II,16,2109051,7,336,48,48,1.0,0.0,0.0,36,0.27345067443761356,0.6511855241064903,0.6481207815449721,0.6682273498518906,经过处理的数据 / public-data surrogate; not author-run logs
NSGA-II,16,2109051,8,384,48,48,1.0,0.0,0.0,40,0.28796698444391816,0.6534696440563448,0.6800778872165086,0.6718583002855916,经过处理的数据 / public-data surrogate; not author-run logs
NSGA-II,16,2109051,9,432,48,48,1.0,0.0,0.0,48,0.29457063075395884,0.6618248941504958,0.6810662850473642,0.6718583002855916,经过处理的数据 / public-data surrogate; not author-run logs
NSGA-II,16,2109051,10,480,48,48,1.0,0.0,0.0,35,0.30949781948703475,0.6715244724101751,0.695195136989939,0.6837361642318068,经过处理的数据 / public-data surrogate; not author-run logs
NSGA-II,16,2109051,11,528,48,48,1.0,0.0,0.0,34,0.31816517194796395,0.691477133493734,0.695195136989939,0.6844109241034119,经过处理的数据 / public-data surrogate; not author-run logs
NSGA-II,16,2109051,12,576,48,48,1.0,0.0,0.0,47,0.3216637095093451,0.691477133493734,0.695195136989939,0.6921606431291785,经过处理的数据 / public-data surrogate; not author-run logs
NSGA-II,16,2109051,13,624,48,48,1.0,0.0,0.0,48,0.3388134659881008,0.6967970235920857,0.7214911790036344,0.7069142919347005,经过处理的数据 / public-data surrogate; not author-run logs
NSGA-II,16,2109051,14,672,48,48,1.0,0.0,0.0,44,0.3431579821826048,0.6967970235920857,0.7214911790036344,0.7132069569939574,经过处理的数据 / public-data surrogate; not author-run logs
NSGA-II,16,2109051,15,720,48,48,1.0,0.0,0.0,42,0.3491608789186914,0.7042319740907701,0.7214911790036344,0.7132069569939574,经过处理的数据 / public-data surrogate; not author-run logs
NSGA-II,16,2109051,16,768,48,48,1.0,0.0,0.0,48,0.35359928515710176,0.7042319740907701,0.7296510040949693,0.7133814684475133,经过处理的数据 / public-data surrogate; not author-run logs
NSGA-II,16,2109051,17,816,48,48,1.0,0.0,0.0,48,0.35857610925745387,0.7113757029351068,0.7296510040949693,0.7145952413014854,经过处理的数据 / public-data surrogate; not author-run logs
NSGA-II,16,2109051,18,864,48,48,1.0,0.0,0.0,48,0.37318526012687114,0.716452074357641,0.763418407500001,0.7145952413014854,经过处理的数据 / public-data surrogate; not author-run logs
NSGA-II,16,2109051,19,912,48,48,1.0,0.0,0.0,48,0.3751571368298139,0.716452074357641,0.763418407500001,0.716282026740557,经过处理的数据 / public-data surrogate; not author-run logs
NSGA-II,16,2109051,20,960,48,48,1.0,0.0,0.0,48,0.3770764942892612,0.716452074357641,0.763418407500001,0.716282026740557,经过处理的数据 / public-data surrogate; not author-run logs
NSGA-II,16,2109051,21,1008,48,48,1.0,0.0,0.0,48,0.378794848647378,0.716452074357641,0.7640573878820078,0.716282026740557,经过处理的数据 / public-data surrogate; not author-run logs
NSGA-II,16,2109051,22,1056,48,48,1.0,0.0,0.0,48,0.38009373355816617,0.716452074357641,0.7640573878820078,0.716282026740557,经过处理的数据 / public-data surrogate; not author-run logs
NSGA-II,16,2109051,23,1104,48,48,1.0,0.0,0.0,48,0.3833041159957563,0.7195965754394102,0.7640573878820078,0.720531112413346,经过处理的数据 / public-data surrogate; not author-run logs
NSGA-II,16,2109051,24,1152,48,48,1.0,0.0,0.0,48,0.38437270584008726,0.7195965754394102,0.7640573878820078,0.720531112413346,经过处理的数据 / public-data surrogate; not author-run logs
NSGA-II,16,2109051,25,1200,48,48,1.0,0.0,0.0,48,0.3846281751520302,0.7195965754394102,0.7640573878820078,0.720531112413346,经过处理的数据 / public-data surrogate; not author-run logs
NSGA-II,16,2109051,26,1248,48,48,1.0,0.0,0.0,48,0.3927632325105598,0.7357491737380984,0.7642607717670654,0.720531112413346,经过处理的数据 / public-data surrogate; not author-run logs
NSGA-II,16,2109051,27,1296,48,48,1.0,0.0,0.0,48,0.39718042597554637,0.7410650066279307,0.7655133121705179,0.720531112413346,经过处理的数据 / public-data surrogate; not author-run logs
NSGA-II,16,2109051,28,1344,48,48,1.0,0.0,0.0,48,0.39769001571178986,0.7410650066279307,0.7655133121705179,0.720531112413346,经过处理的数据 / public-data surrogate; not author-run logs
NSGA-II,16,2109051,29,1392,48,48,1.0,0.0,0.0,48,0.4014340626973361,0.7441997480968345,0.769936236753956,0.720531112413346,经过处理的数据 / public-data surrogate; not author-run logs
NSGA-II,16,2109051,30,1440,48,48,1.0,0.0,0.0,48,0.40555244958407444,0.7441997480968345,0.7782411217823354,0.7213055131511651,经过处理的数据 / public-data surrogate; not author-run logs
NSGA-II,17,2109052,1,48,48,17,0.3541666666666667,0.1419123691821391,0.5182847750650277,12,0.20015022794855364,0.5623502726075981,0.5714630250004058,0.6375680383733535,经过处理的数据 / public-data surrogate; not author-run logs
NSGA-II,17,2109052,2,96,48,41,0.8541666666666666,0.002953785405155021,0.028587241568523547,17,0.21940420620822723,0.5913570598880985,0.5721644750993817,0.6787210671564817,经过处理的数据 / public-data surrogate; not author-run logs
NSGA-II,17,2109052,3,144,48,48,1.0,0.0,0.0,21,0.25133211180792847,0.6210951889051634,0.6274387707002722,0.6787210671564817,经过处理的数据 / public-data surrogate; not author-run logs
NSGA-II,17,2109052,4,192,48,48,1.0,0.0,0.0,19,0.25434375626382955,0.6210951889051634,0.6274387707002722,0.6787210671564817,经过处理的数据 / public-data surrogate; not author-run logs
NSGA-II,17,2109052,5,240,48,48,1.0,0.0,0.0,21,0.26054366050136274,0.6350271804375219,0.6274387707002722,0.6787210671564817,经过处理的数据 / public-data surrogate; not author-run logs
NSGA-II,17,2109052,6,288,48,48,1.0,0.0,0.0,25,0.2786258485747981,0.6350271804375219,0.6751040158423468,0.6787210671564817,经过处理的数据 / public-data surrogate; not author-run logs
NSGA-II,17,2109052,7,336,48,48,1.0,0.0,0.0,26,0.2840354917959093,0.6350271804375219,0.6751040158423468,0.6936569910885537,经过处理的数据 / public-data surrogate; not author-run logs
NSGA-II,17,2109052,8,384,48,48,1.0,0.0,0.0,33,0.28632519527068384,0.6350271804375219,0.6751205510883803,0.6961316473607793,经过处理的数据 / public-data surrogate; not author-run logs
NSGA-II,17,2109052,9,432,48,48,1.0,0.0,0.0,37,0.2892474776618085,0.6350271804375219,0.6751205510883803,0.6973633360793189,经过处理的数据 / public-data surrogate; not author-run logs
NSGA-II,17,2109052,10,480,48,48,1.0,0.0,0.0,37,0.29241810836573917,0.6350271804375219,0.6751205510883803,0.7071411120490055,经过处理的数据 / public-data surrogate; not author-run logs
NSGA-II,17,2109052,11,528,48,48,1.0,0.0,0.0,41,0.29404545442515484,0.6350271804375219,0.6751205510883803,0.7071411120490055,经过处理的数据 / public-data surrogate; not author-run logs
NSGA-II,17,2109052,12,576,48,48,1.0,0.0,0.0,46,0.3113339976414705,0.6634808801620009,0.6898821720957106,0.710387148633547,经过处理的数据 / public-data surrogate; not author-run logs
NSGA-II,17,2109052,13,624,48,48,1.0,0.0,0.0,44,0.31296724821241845,0.6634808801620009,0.6898821720957106,0.710387148633547,经过处理的数据 / public-data surrogate; not author-run logs
NSGA-II,17,2109052,14,672,48,48,1.0,0.0,0.0,48,0.32193497461085385,0.676776705817378,0.6958038977122485,0.712292141717452,经过处理的数据 / public-data surrogate; not author-run logs
NSGA-II,17,2109052,15,720,48,48,1.0,0.0,0.0,48,0.3256371744380066,0.676776705817378,0.7009581923796486,0.7130509175427882,经过处理的数据 / public-data surrogate; not author-run logs
NSGA-II,17,2109052,16,768,48,48,1.0,0.0,0.0,48,0.32679611459100766,0.676776705817378,0.7009581923796486,0.7130509175427882,经过处理的数据 / public-data surrogate; not author-run logs
NSGA-II,17,2109052,17,816,48,48,1.0,0.0,0.0,48,0.3318055334142925,0.6872480926211253,0.7009581923796486,0.7133489644026473,经过处理的数据 / public-data surrogate; not author-run logs
NSGA-II,17,2109052,18,864,48,48,1.0,0.0,0.0,48,0.33636083267761474,0.6914686576724403,0.7054622110457783,0.7133489644026473,经过处理的数据 / public-data surrogate; not author-run logs
NSGA-II,17,2109052,19,912,48,48,1.0,0.0,0.0,36,0.3380224354345108,0.6914686576724403,0.7054622110457783,0.7133489644026473,经过处理的数据 / public-data surrogate; not author-run logs
NSGA-II,17,2109052,20,960,48,48,1.0,0.0,0.0,38,0.34758175386771245,0.6923273444288907,0.7197030061346471,0.7177859828386424,经过处理的数据 / public-data surrogate; not author-run logs
NSGA-II,17,2109052,21,1008,48,48,1.0,0.0,0.0,40,0.34969487006146915,0.6931097973265061,0.7218834208508478,0.7177859828386424,经过处理的数据 / public-data surrogate; not author-run logs
NSGA-II,17,2109052,22,1056,48,48,1.0,0.0,0.0,48,0.35398561342648793,0.6968674503003794,0.7218834208508478,0.723233407095757,经过处理的数据 / public-data surrogate; not author-run logs
NSGA-II,17,2109052,23,1104,48,48,1.0,0.0,0.0,48,0.35995428548195163,0.6968674503003794,0.729906196848522,0.7287996933001126,经过处理的数据 / public-data surrogate; not author-run logs
NSGA-II,17,2109052,24,1152,48,48,1.0,0.0,0.0,48,0.3736571785937365,0.7268732549450626,0.729906196848522,0.7287996933001126,经过处理的数据 / public-data surrogate; not author-run logs
NSGA-II,17,2109052,25,1200,48,48,1.0,0.0,0.0,48,0.374793360786154,0.7268732549450626,0.729906196848522,0.7287996933001126,经过处理的数据 / public-data surrogate; not author-run logs
NSGA-II,17,2109052,26,1248,48,48,1.0,0.0,0.0,48,0.37562456858779614,0.7268732549450626,0.729906196848522,0.7287996933001126,经过处理的数据 / public-data surrogate; not author-run logs
NSGA-II,17,2109052,27,1296,48,48,1.0,0.0,0.0,48,0.37953171113013806,0.7268732549450626,0.7372220852989525,0.7287996933001126,经过处理的数据 / public-data surrogate; not author-run logs
NSGA-II,17,2109052,28,1344,48,48,1.0,0.0,0.0,48,0.3801953122914957,0.7268732549450626,0.7372220852989525,0.7287996933001126,经过处理的数据 / public-data surrogate; not author-run logs
NSGA-II,17,2109052,29,1392,48,48,1.0,0.0,0.0,48,0.38108658531685224,0.7268732549450626,0.7372220852989525,0.7287996933001126,经过处理的数据 / public-data surrogate; not author-run logs
NSGA-II,17,2109052,30,1440,48,48,1.0,0.0,0.0,48,0.3817443246061415,0.7268732549450626,0.7377855724719745,0.7287996933001126,经过处理的数据 / public-data surrogate; not author-run logs
NSGA-II,18,2109053,1,48,48,19,0.3958333333333333,0.10974415418762283,0.7797969288397268,6,0.1971311993552536,0.5697381864034683,0.5461993911492681,0.6453234394302492,经过处理的数据 / public-data surrogate; not author-run logs
NSGA-II,18,2109053,2,96,48,46,0.9583333333333334,8.20863192462264e-05,0.003277848502462266,12,0.2179217249292518,0.5960645416210776,0.5615681237577265,0.6700417581313369,经过处理的数据 / public-data surrogate; not author-run logs
NSGA-II,18,2109053,3,144,48,48,1.0,0.0,0.0,19,0.22386676156561305,0.5960645416210776,0.5730882669141415,0.6700417581313369,经过处理的数据 / public-data surrogate; not author-run logs
NSGA-II,18,2109053,4,192,48,48,1.0,0.0,0.0,14,0.24626037988120383,0.6009185246381462,0.6249864437955528,0.6700417581313369,经过处理的数据 / public-data surrogate; not author-run logs
NSGA-II,18,2109053,5,240,48,48,1.0,0.0,0.0,19,0.2588887507225422,0.6144378002245536,0.6397729762526224,0.6700417581313369,经过处理的数据 / public-data surrogate; not author-run logs
NSGA-II,18,2109053,6,288,48,48,1.0,0.0,0.0,23,0.27506746115327824,0.6458287918575342,0.6397729762526224,0.6828233063969877,经过处理的数据 / public-data surrogate; not author-run logs
NSGA-II,18,2109053,7,336,48,48,1.0,0.0,0.0,29,0.2765798240561085,0.6458287918575342,0.6397729762526224,0.6828233063969877,经过处理的数据 / public-data surrogate; not author-run logs
NSGA-II,18,2109053,8,384,48,48,1.0,0.0,0.0,34,0.282057942829017,0.6458287918575342,0.6503714433932526,0.6849440843800185,经过处理的数据 / public-data surrogate; not author-run logs
NSGA-II,18,2109053,9,432,48,48,1.0,0.0,0.0,40,0.29074921688809,0.6460423636610821,0.6701171736170358,0.6918256308167781,经过处理的数据 / public-data surrogate; not author-run logs
NSGA-II,18,2109053,10,480,48,48,1.0,0.0,0.0,48,0.295557895453057,0.653469331455188,0.6743576563509582,0.6918256308167781,经过处理的数据 / public-data surrogate; not author-run logs
NSGA-II,18,2109053,11,528,48,48,1.0,0.0,0.0,43,0.30273564522376933,0.6667018807311847,0.6743576563509582,0.6918256308167781,经过处理的数据 / public-data surrogate; not author-run logs
NSGA-II,18,2109053,12,576,48,48,1.0,0.0,0.0,48,0.3092545984333857,0.6678697414794268,0.6834484352192532,0.6979854263374654,经过处理的数据 / public-data surrogate; not author-run logs
NSGA-II,18,2109053,13,624,48,48,1.0,0.0,0.0,45,0.31909955844862264,0.6702769855883215,0.7046414480466044,0.6979854263374654,经过处理的数据 / public-data surrogate; not author-run logs
NSGA-II,18,2109053,14,672,48,48,1.0,0.0,0.0,37,0.32213228800206845,0.6758499575115944,0.7048437690905685,0.6979854263374654,经过处理的数据 / public-data surrogate; not author-run logs
NSGA-II,18,2109053,15,720,48,48,1.0,0.0,0.0,39,0.32971165908240985,0.6758499575115944,0.720840849722415,0.6979854263374654,经过处理的数据 / public-data surrogate; not author-run logs
NSGA-II,18,2109053,16,768,48,48,1.0,0.0,0.0,44,0.3360351699218637,0.6797880989406317,0.720840849722415,0.7064334583949625,经过处理的数据 / public-data surrogate; not author-run logs
NSGA-II,18,2109053,17,816,48,48,1.0,0.0,0.0,43,0.33937104035933613,0.683942541265607,0.720840849722415,0.7064334583949625,经过处理的数据 / public-data surrogate; not author-run logs
NSGA-II,18,2109053,18,864,48,48,1.0,0.0,0.0,43,0.34785468527660957,0.6949360875183678,0.7292014609865185,0.7064334583949625,经过处理的数据 / public-data surrogate; not author-run logs
NSGA-II,18,2109053,19,912,48,48,1.0,0.0,0.0,48,0.3584598493474207,0.6949360875183678,0.7476057038891323,0.713704028758176,经过处理的数据 / public-data surrogate; not author-run logs
NSGA-II,18,2109053,20,960,48,48,1.0,0.0,0.0,48,0.3646032816822226,0.7086590685529669,0.7476057038891323,0.713704028758176,经过处理的数据 / public-data surrogate; not author-run logs
NSGA-II,18,2109053,21,1008,48,48,1.0,0.0,0.0,48,0.3716582414612718,0.7086590685529669,0.7601868162430842,0.713704028758176,经过处理的数据 / public-data surrogate; not author-run logs
NSGA-II,18,2109053,22,1056,48,48,1.0,0.0,0.0,48,0.3742242231580245,0.7131875386922865,0.7601868162430842,0.713704028758176,经过处理的数据 / public-data surrogate; not author-run logs
NSGA-II,18,2109053,23,1104,48,48,1.0,0.0,0.0,48,0.37648161484045256,0.7131875386922865,0.7614470238830733,0.713704028758176,经过处理的数据 / public-data surrogate; not author-run logs
NSGA-II,18,2109053,24,1152,48,48,1.0,0.0,0.0,48,0.3790556855561394,0.7131875386922865,0.7645277082269059,0.713704028758176,经过处理的数据 / public-data surrogate; not author-run logs
NSGA-II,18,2109053,25,1200,48,48,1.0,0.0,0.0,43,0.3832171623396262,0.7153583863056507,0.7689197171550907,0.713704028758176,经过处理的数据 / public-data surrogate; not author-run logs
NSGA-II,18,2109053,26,1248,48,48,1.0,0.0,0.0,48,0.3902086497098707,0.7229551559557065,0.7720842128391955,0.7191059947789499,经过处理的数据 / public-data surrogate; not author-run logs
NSGA-II,18,2109053,27,1296,48,48,1.0,0.0,0.0,48,0.39627730572750874,0.7229551559557065,0.7826913178044286,0.7191059947789499,经过处理的数据 / public-data surrogate; not author-run logs
NSGA-II,18,2109053,28,1344,48,48,1.0,0.0,0.0,48,0.39779587306848585,0.7229551559557065,0.7826913178044286,0.7191059947789499,经过处理的数据 / public-data surrogate; not author-run logs
NSGA-II,18,2109053,29,1392,48,48,1.0,0.0,0.0,48,0.3993162177019251,0.7229551559557065,0.7826913178044286,0.7200761239779223,经过处理的数据 / public-data surrogate; not author-run logs
NSGA-II,18,2109053,30,1440,48,48,1.0,0.0,0.0,48,0.4063840466100894,0.7350058729674398,0.7838870251197808,0.7200761239779223,经过处理的数据 / public-data surrogate; not author-run logs
NSGA-II,19,2109054,1,48,48,12,0.25,0.15685046447659912,0.5438822414413043,5,0.20387568581046372,0.5803501125517276,0.5712527045571911,0.6252018856003573,经过处理的数据 / public-data surrogate; not author-run logs
NSGA-II,19,2109054,2,96,48,38,0.7916666666666666,0.003625406296053143,0.04304493603632875,10,0.2128610196540411,0.5804303174806379,0.5976667904326275,0.6252018856003573,经过处理的数据 / public-data surrogate; not author-run logs
NSGA-II,19,2109054,3,144,48,48,1.0,0.0,0.0,21,0.21946806301105562,0.5804303174806379,0.5976667904326275,0.6465730923875047,经过处理的数据 / public-data surrogate; not author-run logs
NSGA-II,19,2109054,4,192,48,48,1.0,0.0,0.0,28,0.23391942899451657,0.6179502354952707,0.5976667904326275,0.6533403822766911,经过处理的数据 / public-data surrogate; not author-run logs
NSGA-II,19,2109054,5,240,48,48,1.0,0.0,0.0,19,0.2456582007475614,0.6210621529857197,0.6242411072097832,0.6533403822766911,经过处理的数据 / public-data surrogate; not author-run logs
NSGA-II,19,2109054,6,288,48,48,1.0,0.0,0.0,20,0.2616409958374408,0.6252907524918112,0.6550722667224925,0.6589372925173126,经过处理的数据 / public-data surrogate; not author-run logs
NSGA-II,19,2109054,7,336,48,48,1.0,0.0,0.0,17,0.27358307783109703,0.6252907524918112,0.6733214947591493,0.6678410257134939,经过处理的数据 / public-data surrogate; not author-run logs
NSGA-II,19,2109054,8,384,48,48,1.0,0.0,0.0,17,0.2904475865871169,0.630278416699307,0.694350201061109,0.680989974131861,经过处理的数据 / public-data surrogate; not author-run logs
NSGA-II,19,2109054,9,432,48,48,1.0,0.0,0.0,22,0.2927435972803823,0.6302844164086255,0.694350201061109,0.6841208462826666,经过处理的数据 / public-data surrogate; not author-run logs
NSGA-II,19,2109054,10,480,48,48,1.0,0.0,0.0,27,0.3018190440340277,0.6449103071475105,0.694350201061109,0.6930203829659944,经过处理的数据 / public-data surrogate; not author-run logs
NSGA-II,19,2109054,11,528,48,48,1.0,0.0,0.0,25,0.31283404638451456,0.6449103071475105,0.7150097945248797,0.696871922015063,经过处理的数据 / public-data surrogate; not author-run logs
NSGA-II,19,2109054,12,576,48,48,1.0,0.0,0.0,28,0.3250379670640366,0.6686447803743467,0.7150097945248797,0.7010658687202787,经过处理的数据 / public-data surrogate; not author-run logs
NSGA-II,19,2109054,13,624,48,48,1.0,0.0,0.0,37,0.32670131560866805,0.6686447803743467,0.7150097945248797,0.7010658687202787,经过处理的数据 / public-data surrogate; not author-run logs
NSGA-II,19,2109054,14,672,48,48,1.0,0.0,0.0,48,0.33352777801729877,0.6732562949092564,0.7188216611322197,0.71065409704662,经过处理的数据 / public-data surrogate; not author-run logs
NSGA-II,19,2109054,15,720,48,48,1.0,0.0,0.0,48,0.3345573213700653,0.6732562949092564,0.7188216611322197,0.71065409704662,经过处理的数据 / public-data surrogate; not author-run logs
NSGA-II,19,2109054,16,768,48,48,1.0,0.0,0.0,48,0.34143595264368903,0.6858283719506232,0.7188216611322197,0.7142982443747656,经过处理的数据 / public-data surrogate; not author-run logs
NSGA-II,19,2109054,17,816,48,48,1.0,0.0,0.0,44,0.34404873260580643,0.6862016447326219,0.7188216611322197,0.7142982443747656,经过处理的数据 / public-data surrogate; not author-run logs
NSGA-II,19,2109054,18,864,48,48,1.0,0.0,0.0,46,0.3570999285949749,0.7064043894687067,0.7188216611322197,0.7257426548969556,经过处理的数据 / public-data surrogate; not author-run logs
NSGA-II,19,2109054,19,912,48,48,1.0,0.0,0.0,48,0.36457794499023477,0.7188303375142602,0.7188216611322197,0.7257426548969556,经过处理的数据 / public-data surrogate; not author-run logs
NSGA-II,19,2109054,20,960,48,48,1.0,0.0,0.0,48,0.3668935501334279,0.7188303375142602,0.7220382853679326,0.7257426548969556,经过处理的数据 / public-data surrogate; not author-run logs
NSGA-II,19,2109054,21,1008,48,48,1.0,0.0,0.0,44,0.37887433586777025,0.7310980902440747,0.725169940873265,0.7361597467933692,经过处理的数据 / public-data surrogate; not author-run logs
NSGA-II,19,2109054,22,1056,48,48,1.0,0.0,0.0,48,0.38186886221342636,0.7356729900325029,0.725169940873265,0.7361597467933692,经过处理的数据 / public-data surrogate; not author-run logs
NSGA-II,19,2109054,23,1104,48,48,1.0,0.0,0.0,48,0.384522999284367,0.7356729900325029,0.7253225554972585,0.7416503864685122,经过处理的数据 / public-data surrogate; not author-run logs
NSGA-II,19,2109054,24,1152,48,48,1.0,0.0,0.0,48,0.3854979798349951,0.7356892988493742,0.7253225554972585,0.7416503864685122,经过处理的数据 / public-data surrogate; not author-run logs
NSGA-II,19,2109054,25,1200,48,48,1.0,0.0,0.0,48,0.3910196855135696,0.7384257985956553,0.7334655334815708,0.7416503864685122,经过处理的数据 / public-data surrogate; not author-run logs
NSGA-II,19,2109054,26,1248,48,48,1.0,0.0,0.0,47,0.39394785868990606,0.7419496033221388,0.7334655334815708,0.7416503864685122,经过处理的数据 / public-data surrogate; not author-run logs
NSGA-II,19,2109054,27,1296,48,48,1.0,0.0,0.0,48,0.3971838809009766,0.7470758161435258,0.7334655334815708,0.7416503864685122,经过处理的数据 / public-data surrogate; not author-run logs
NSGA-II,19,2109054,28,1344,48,48,1.0,0.0,0.0,48,0.3977526772440215,0.7471028463989758,0.7334655334815708,0.7416503864685122,经过处理的数据 / public-data surrogate; not author-run logs
NSGA-II,19,2109054,29,1392,48,48,1.0,0.0,0.0,48,0.4045171522123,0.7617532001633512,0.7334655334815708,0.7416503864685122,经过处理的数据 / public-data surrogate; not author-run logs
NSGA-II,19,2109054,30,1440,48,48,1.0,0.0,0.0,48,0.4063113890182777,0.7617532001633512,0.7334655334815708,0.743794747671208,经过处理的数据 / public-data surrogate; not author-run logs
NSGA-II,20,2109055,1,48,48,17,0.3541666666666667,0.1767791430145673,0.6421395587592644,8,0.20827787936902176,0.5791238431702697,0.5746896973389161,0.6503754552591459,经过处理的数据 / public-data surrogate; not author-run logs
NSGA-II,20,2109055,2,96,48,38,0.7916666666666666,0.00203048419870352,0.022004114730190816,12,0.21639160978070227,0.5934723165244195,0.5746896973389161,0.6511484299780688,经过处理的数据 / public-data surrogate; not author-run logs
NSGA-II,20,2109055,3,144,48,48,1.0,0.0,0.0,18,0.22594149228054358,0.5934723165244195,0.5981660769469289,0.6511484299780688,经过处理的数据 / public-data surrogate; not author-run logs
NSGA-II,20,2109055,4,192,48,48,1.0,0.0,0.0,14,0.23466796159875467,0.5934723165244195,0.6194045014933864,0.6511484299780688,经过处理的数据 / public-data surrogate; not author-run logs
NSGA-II,20,2109055,5,240,48,48,1.0,0.0,0.0,19,0.2435411375833812,0.5934723165244195,0.6377919326911697,0.655528503071904,经过处理的数据 / public-data surrogate; not author-run logs
NSGA-II,20,2109055,6,288,48,48,1.0,0.0,0.0,27,0.2586589392728141,0.5958228501563104,0.6802646819787254,0.6576693232533143,经过处理的数据 / public-data surrogate; not author-run logs
NSGA-II,20,2109055,7,336,48,48,1.0,0.0,0.0,26,0.26567045684455914,0.6019482779576926,0.6802646819787254,0.6677453740433887,经过处理的数据 / public-data surrogate; not author-run logs
NSGA-II,20,2109055,8,384,48,48,1.0,0.0,0.0,21,0.2732360987869584,0.6065187553922258,0.6802646819787254,0.6814293604079183,经过处理的数据 / public-data surrogate; not author-run logs
NSGA-II,20,2109055,9,432,48,48,1.0,0.0,0.0,28,0.2848030824964365,0.6262753140559083,0.6879722068538087,0.6814293604079183,经过处理的数据 / public-data surrogate; not author-run logs
NSGA-II,20,2109055,10,480,48,48,1.0,0.0,0.0,26,0.29153503746196696,0.6262753140559083,0.6981634995153548,0.6848281486667249,经过处理的数据 / public-data surrogate; not author-run logs
NSGA-II,20,2109055,11,528,48,48,1.0,0.0,0.0,32,0.30390973114393344,0.6433233920670276,0.7089843895490625,0.6848281486667249,经过处理的数据 / public-data surrogate; not author-run logs
NSGA-II,20,2109055,12,576,48,48,1.0,0.0,0.0,26,0.31002076314436816,0.6433233920670276,0.7089843895490625,0.6988585296935701,经过处理的数据 / public-data surrogate; not author-run logs
NSGA-II,20,2109055,13,624,48,48,1.0,0.0,0.0,34,0.3186393376903705,0.6433233920670276,0.7316302241735657,0.6988585296935701,经过处理的数据 / public-data surrogate; not author-run logs
NSGA-II,20,2109055,14,672,48,48,1.0,0.0,0.0,41,0.323931215899474,0.6524319942848668,0.7316302241735657,0.6988585296935701,经过处理的数据 / public-data surrogate; not author-run logs
NSGA-II,20,2109055,15,720,48,48,1.0,0.0,0.0,48,0.3267127757481162,0.6562127259829216,0.7316302241735657,0.6988585296935701,经过处理的数据 / public-data surrogate; not author-run logs
NSGA-II,20,2109055,16,768,48,48,1.0,0.0,0.0,48,0.3367759011528579,0.6641259469860812,0.748680631387978,0.6988585296935701,经过处理的数据 / public-data surrogate; not author-run logs
NSGA-II,20,2109055,17,816,48,48,1.0,0.0,0.0,48,0.3384354559330413,0.6641259469860812,0.748680631387978,0.6988585296935701,经过处理的数据 / public-data surrogate; not author-run logs
NSGA-II,20,2109055,18,864,48,48,1.0,0.0,0.0,48,0.34674693498039433,0.669798096014848,0.7559563467665836,0.7100736557135736,经过处理的数据 / public-data surrogate; not author-run logs
NSGA-II,20,2109055,19,912,48,48,1.0,0.0,0.0,48,0.35149017960253043,0.6761920619571933,0.7559563467665836,0.7100736557135736,经过处理的数据 / public-data surrogate; not author-run logs
NSGA-II,20,2109055,20,960,48,48,1.0,0.0,0.0,48,0.3565229142331713,0.6764212330082494,0.7639232542296728,0.713690016511976,经过处理的数据 / public-data surrogate; not author-run logs
NSGA-II,20,2109055,21,1008,48,48,1.0,0.0,0.0,48,0.3574553598741722,0.6764212330082494,0.7639232542296728,0.7142759362895876,经过处理的数据 / public-data surrogate; not author-run logs
NSGA-II,20,2109055,22,1056,48,48,1.0,0.0,0.0,48,0.3587336708792317,0.6764212330082494,0.7639232542296728,0.7148518180175543,经过处理的数据 / public-data surrogate; not author-run logs
NSGA-II,20,2109055,23,1104,48,48,1.0,0.0,0.0,48,0.35943121865436456,0.6764212330082494,0.7639232542296728,0.7148518180175543,经过处理的数据 / public-data surrogate; not author-run logs
NSGA-II,20,2109055,24,1152,48,48,1.0,0.0,0.0,48,0.36188298637485666,0.6764212330082494,0.7639232542296728,0.7213933260358658,经过处理的数据 / public-data surrogate; not author-run logs
NSGA-II,20,2109055,25,1200,48,48,1.0,0.0,0.0,48,0.3705320103142778,0.6855739452913312,0.7748354528459893,0.7213933260358658,经过处理的数据 / public-data surrogate; not author-run logs
NSGA-II,20,2109055,26,1248,48,48,1.0,0.0,0.0,48,0.37659124049693626,0.6966816895182283,0.7748354528459893,0.7213933260358658,经过处理的数据 / public-data surrogate; not author-run logs
NSGA-II,20,2109055,27,1296,48,48,1.0,0.0,0.0,48,0.3795271562189271,0.6999912868918914,0.7748354528459893,0.7229038016722847,经过处理的数据 / public-data surrogate; not author-run logs
NSGA-II,20,2109055,28,1344,48,48,1.0,0.0,0.0,48,0.3813845708458066,0.6999912868918914,0.7748354528459893,0.7229038016722847,经过处理的数据 / public-data surrogate; not author-run logs
NSGA-II,20,2109055,29,1392,48,48,1.0,0.0,0.0,48,0.3825836861616877,0.6999912868918914,0.7778704438024476,0.7229038016722847,经过处理的数据 / public-data surrogate; not author-run logs
NSGA-II,20,2109055,30,1440,48,48,1.0,0.0,0.0,48,0.38399168125422317,0.6999912868918914,0.7778704438024476,0.7259046664444014,经过处理的数据 / public-data surrogate; not author-run logs
NSGA-II,21,2109056,1,48,48,10,0.20833333333333334,0.1786588655421576,0.7945578538839104,6,0.18329517604882037,0.5799857385254757,0.5057600021767931,0.6294188552950724,经过处理的数据 / public-data surrogate; not author-run logs
NSGA-II,21,2109056,2,96,48,27,0.5625,0.01253590611045038,0.05236277541111356,13,0.2219914644377782,0.5835160187169952,0.6213428380905867,0.6355737467645438,经过处理的数据 / public-data surrogate; not author-run logs
NSGA-II,21,2109056,3,144,48,48,1.0,0.0,0.0,13,0.22560069838757535,0.5881136762740689,0.6213428380905867,0.641755255982636,经过处理的数据 / public-data surrogate; not author-run logs
NSGA-II,21,2109056,4,192,48,48,1.0,0.0,0.0,16,0.2290129856888499,0.5955065946168369,0.6213428380905867,0.643759389065059,经过处理的数据 / public-data surrogate; not author-run logs
NSGA-II,21,2109056,5,240,48,48,1.0,0.0,0.0,18,0.23753202762945863,0.604299721001111,0.6213428380905867,0.6521492975215611,经过处理的数据 / public-data surrogate; not author-run logs
NSGA-II,21,2109056,6,288,48,48,1.0,0.0,0.0,23,0.24030949840922425,0.604299721001111,0.6213428380905867,0.653587850448137,经过处理的数据 / public-data surrogate; not author-run logs
NSGA-II,21,2109056,7,336,48,48,1.0,0.0,0.0,26,0.24963949380620526,0.6207380211378543,0.6213428380905867,0.658703723879964,经过处理的数据 / public-data surrogate; not author-run logs
NSGA-II,21,2109056,8,384,48,48,1.0,0.0,0.0,23,0.2642719287766305,0.643985119492926,0.6392249025729587,0.658703723879964,经过处理的数据 / public-data surrogate; not author-run logs
NSGA-II,21,2109056,9,432,48,48,1.0,0.0,0.0,22,0.2716027105000577,0.6446097928145904,0.6485258047106769,0.6622538253316842,经过处理的数据 / public-data surrogate; not author-run logs
NSGA-II,21,2109056,10,480,48,48,1.0,0.0,0.0,27,0.28548019005950775,0.6468929597026751,0.6699240449087561,0.6775764164022529,经过处理的数据 / public-data surrogate; not author-run logs
NSGA-II,21,2109056,11,528,48,48,1.0,0.0,0.0,33,0.2927648006790206,0.6468929597026751,0.6784898445048612,0.6858822892006147,经过处理的数据 / public-data surrogate; not author-run logs
NSGA-II,21,2109056,12,576,48,48,1.0,0.0,0.0,40,0.29479572955984223,0.6468929597026751,0.6784898445048612,0.6899092266980057,经过处理的数据 / public-data surrogate; not author-run logs
NSGA-II,21,2109056,13,624,48,48,1.0,0.0,0.0,41,0.31257231390693724,0.662114235286746,0.6959184291370463,0.7059158966803767,经过处理的数据 / public-data surrogate; not author-run logs
NSGA-II,21,2109056,14,672,48,48,1.0,0.0,0.0,47,0.3178651780537002,0.662114235286746,0.7055011292377157,0.7059158966803767,经过处理的数据 / public-data surrogate; not author-run logs
NSGA-II,21,2109056,15,720,48,48,1.0,0.0,0.0,46,0.32413534204092165,0.6694524912525553,0.7078330592925264,0.7059158966803767,经过处理的数据 / public-data surrogate; not author-run logs
NSGA-II,21,2109056,16,768,48,48,1.0,0.0,0.0,45,0.33672798343392585,0.6849165764029937,0.7116926201954376,0.7166929690885941,经过处理的数据 / public-data surrogate; not author-run logs
NSGA-II,21,2109056,17,816,48,48,1.0,0.0,0.0,48,0.3431296298314619,0.6849165764029937,0.722419606039389,0.7254167354428502,经过处理的数据 / public-data surrogate; not author-run logs
NSGA-II,21,2109056,18,864,48,48,1.0,0.0,0.0,48,0.34963085000856864,0.6987403387543101,0.722419606039389,0.7254167354428502,经过处理的数据 / public-data surrogate; not author-run logs
NSGA-II,21,2109056,19,912,48,48,1.0,0.0,0.0,48,0.3523750855150798,0.6987403387543101,0.722419606039389,0.7282455283538155,经过处理的数据 / public-data surrogate; not author-run logs
NSGA-II,21,2109056,20,960,48,48,1.0,0.0,0.0,48,0.3567620170126713,0.7035364799437815,0.722419606039389,0.7285406598518016,经过处理的数据 / public-data surrogate; not author-run logs
NSGA-II,21,2109056,21,1008,48,48,1.0,0.0,0.0,40,0.36030916005308816,0.7071813937661592,0.722419606039389,0.7285406598518016,经过处理的数据 / public-data surrogate; not author-run logs
NSGA-II,21,2109056,22,1056,48,48,1.0,0.0,0.0,48,0.366166373333955,0.7071813937661592,0.732097351204897,0.7329777545243443,经过处理的数据 / public-data surrogate; not author-run logs
NSGA-II,21,2109056,23,1104,48,48,1.0,0.0,0.0,48,0.3748135497078531,0.7071813937661592,0.7530925935779779,0.7329777545243443,经过处理的数据 / public-data surrogate; not author-run logs
NSGA-II,21,2109056,24,1152,48,48,1.0,0.0,0.0,48,0.37887420373666475,0.713154194497264,0.7530925935779779,0.733505581358648,经过处理的数据 / public-data surrogate; not author-run logs
NSGA-II,21,2109056,25,1200,48,48,1.0,0.0,0.0,48,0.38015012891293254,0.713154194497264,0.7544961856525032,0.7340233422396256,经过处理的数据 / public-data surrogate; not author-run logs
NSGA-II,21,2109056,26,1248,48,48,1.0,0.0,0.0,48,0.38287839809603497,0.713154194497264,0.7544961856525032,0.7378113930007321,经过处理的数据 / public-data surrogate; not author-run logs
NSGA-II,21,2109056,27,1296,48,48,1.0,0.0,0.0,48,0.38949564964583416,0.7224799903474525,0.7563003046149633,0.7378113930007321,经过处理的数据 / public-data surrogate; not author-run logs
NSGA-II,21,2109056,28,1344,48,48,1.0,0.0,0.0,48,0.3898197109723346,0.7224799903474525,0.7563003046149633,0.7378113930007321,经过处理的数据 / public-data surrogate; not author-run logs
NSGA-II,21,2109056,29,1392,48,48,1.0,0.0,0.0,48,0.3926281377297001,0.7224799903474525,0.7600949813864452,0.7391601877930407,经过处理的数据 / public-data surrogate; not author-run logs
NSGA-II,21,2109056,30,1440,48,48,1.0,0.0,0.0,48,0.39963011334394416,0.7304788861331675,0.7712451667016269,0.7391601877930407,经过处理的数据 / public-data surrogate; not author-run logs
NSGA-II,22,2109057,1,48,48,14,0.2916666666666667,0.17352160034006833,0.7150944511535584,6,0.2007766410111736,0.5874519077776925,0.57269384896226,0.6121878004582861,经过处理的数据 / public-data surrogate; not author-run logs
NSGA-II,22,2109057,2,96,48,32,0.6666666666666666,0.01111869535075633,0.061435895068460145,8,0.21774381449409408,0.5914263174570967,0.5962812990376469,0.6265815293081691,经过处理的数据 / public-data surrogate; not author-run logs
NSGA-II,22,2109057,3,144,48,48,1.0,0.0,0.0,11,0.22523980698242163,0.5914263174570967,0.5962812990376469,0.64938792467248,经过处理的数据 / public-data surrogate; not author-run logs
NSGA-II,22,2109057,4,192,48,48,1.0,0.0,0.0,16,0.23778114877110543,0.6256467064837204,0.5962812990376469,0.64938792467248,经过处理的数据 / public-data surrogate; not author-run logs
NSGA-II,22,2109057,5,240,48,48,1.0,0.0,0.0,18,0.25180316342209325,0.6256467064837204,0.6149041606642236,0.6699449216244491,经过处理的数据 / public-data surrogate; not author-run logs
NSGA-II,22,2109057,6,288,48,48,1.0,0.0,0.0,11,0.2678053007311461,0.6256467064837204,0.6321260380088966,0.6913533504340632,经过处理的数据 / public-data surrogate; not author-run logs
NSGA-II,22,2109057,7,336,48,48,1.0,0.0,0.0,14,0.2791002877519774,0.6307960431803168,0.6521914879864487,0.6913533504340632,经过处理的数据 / public-data surrogate; not author-run logs
NSGA-II,22,2109057,8,384,48,48,1.0,0.0,0.0,11,0.2864499093685424,0.6387184365065574,0.6601761869029853,0.6913533504340632,经过处理的数据 / public-data surrogate; not author-run logs
NSGA-II,22,2109057,9,432,48,48,1.0,0.0,0.0,16,0.30531668512468346,0.6451358528996789,0.704828898393818,0.6913533504340632,经过处理的数据 / public-data surrogate; not author-run logs
NSGA-II,22,2109057,10,480,48,48,1.0,0.0,0.0,21,0.31307113319995084,0.6566752171992599,0.704828898393818,0.6938802824123278,经过处理的数据 / public-data surrogate; not author-run logs
NSGA-II,22,2109057,11,528,48,48,1.0,0.0,0.0,27,0.33233098372146364,0.697988411116026,0.704828898393818,0.6970864591276141,经过处理的数据 / public-data surrogate; not author-run logs
NSGA-II,22,2109057,12,576,48,48,1.0,0.0,0.0,25,0.3357794489291863,0.697988411116026,0.7084251760795157,0.6970864591276141,经过处理的数据 / public-data surrogate; not author-run logs
NSGA-II,22,2109057,13,624,48,48,1.0,0.0,0.0,36,0.3440931274227215,0.709784155248624,0.7174572145434019,0.6972171357468161,经过处理的数据 / public-data surrogate; not author-run logs
NSGA-II,22,2109057,14,672,48,48,1.0,0.0,0.0,48,0.3541326349811228,0.7164742996384884,0.7246203933972076,0.7035528255222083,经过处理的数据 / public-data surrogate; not author-run logs
NSGA-II,22,2109057,15,720,48,48,1.0,0.0,0.0,48,0.3610566989565363,0.7164742996384884,0.7406617356360571,0.7035528255222083,经过处理的数据 / public-data surrogate; not author-run logs
NSGA-II,22,2109057,16,768,48,48,1.0,0.0,0.0,37,0.3778313536693174,0.7371997222078204,0.7601882920962169,0.7035528255222083,经过处理的数据 / public-data surrogate; not author-run logs
NSGA-II,22,2109057,17,816,48,48,1.0,0.0,0.0,45,0.37909881707723225,0.7371997222078204,0.7601882920962169,0.7035528255222083,经过处理的数据 / public-data surrogate; not author-run logs
NSGA-II,22,2109057,18,864,48,48,1.0,0.0,0.0,45,0.38087086321152286,0.7371997222078204,0.7601882920962169,0.7035528255222083,经过处理的数据 / public-data surrogate; not author-run logs
NSGA-II,22,2109057,19,912,48,48,1.0,0.0,0.0,48,0.3864380375699549,0.7415720178791881,0.7658969605025008,0.7035528255222083,经过处理的数据 / public-data surrogate; not author-run logs
NSGA-II,22,2109057,20,960,48,48,1.0,0.0,0.0,46,0.38906897624385,0.7415720178791881,0.7658969605025008,0.7071999864446137,经过处理的数据 / public-data surrogate; not author-run logs
NSGA-II,22,2109057,21,1008,48,48,1.0,0.0,0.0,48,0.3906888735126873,0.7415720178791881,0.7658969605025008,0.7071999864446137,经过处理的数据 / public-data surrogate; not author-run logs
NSGA-II,22,2109057,22,1056,48,48,1.0,0.0,0.0,48,0.39410061490683923,0.7459530182273769,0.7675088595295537,0.7073486770684343,经过处理的数据 / public-data surrogate; not author-run logs
NSGA-II,22,2109057,23,1104,48,48,1.0,0.0,0.0,48,0.39692501351617626,0.7511688519260276,0.7675088595295537,0.7073486770684343,经过处理的数据 / public-data surrogate; not author-run logs
NSGA-II,22,2109057,24,1152,48,48,1.0,0.0,0.0,48,0.4012175956227383,0.7604575453025747,0.7675088595295537,0.7073486770684343,经过处理的数据 / public-data surrogate; not author-run logs
NSGA-II,22,2109057,25,1200,48,48,1.0,0.0,0.0,48,0.4022536657209204,0.7604575453025747,0.7675088595295537,0.7073486770684343,经过处理的数据 / public-data surrogate; not author-run logs
NSGA-II,22,2109057,26,1248,48,48,1.0,0.0,0.0,48,0.4027354260177051,0.7604575453025747,0.7675088595295537,0.7073486770684343,经过处理的数据 / public-data surrogate; not author-run logs
NSGA-II,22,2109057,27,1296,48,48,1.0,0.0,0.0,48,0.40556072776092994,0.7604575453025747,0.7728283105771662,0.7073486770684343,经过处理的数据 / public-data surrogate; not author-run logs
NSGA-II,22,2109057,28,1344,48,48,1.0,0.0,0.0,48,0.4070645629464789,0.7604575453025747,0.7756418957621585,0.7073486770684343,经过处理的数据 / public-data surrogate; not author-run logs
NSGA-II,22,2109057,29,1392,48,48,1.0,0.0,0.0,48,0.4088753171796204,0.7622075734052505,0.7756418957621585,0.7087925700046018,经过处理的数据 / public-data surrogate; not author-run logs
NSGA-II,22,2109057,30,1440,48,48,1.0,0.0,0.0,48,0.4107050704827222,0.7622075734052505,0.7756418957621585,0.7115557461006293,经过处理的数据 / public-data surrogate; not author-run logs
NSGA-II,23,2109058,1,48,48,13,0.2708333333333333,0.1453018140271312,0.5945968162675104,5,0.20774448952976735,0.5946480176477551,0.5759948640939793,0.6213155057911197,经过处理的数据 / public-data surrogate; not author-run logs
NSGA-II,23,2109058,2,96,48,37,0.7708333333333334,0.006482221065361199,0.047620445032888314,9,0.21047987892191497,0.5946480176477551,0.5759948640939793,0.6317598099571713,经过处理的数据 / public-data surrogate; not author-run logs
NSGA-II,23,2109058,3,144,48,48,1.0,0.0,0.0,13,0.21626082844985278,0.5946480176477551,0.5856786759765095,0.6350128320903559,经过处理的数据 / public-data surrogate; not author-run logs
NSGA-II,23,2109058,4,192,48,48,1.0,0.0,0.0,19,0.24082330398201413,0.642462889040442,0.6019467415189631,0.6412752462425129,经过处理的数据 / public-data surrogate; not author-run logs
NSGA-II,23,2109058,5,240,48,48,1.0,0.0,0.0,21,0.25942288723980017,0.642462889040442,0.6240758272154895,0.6787394460390853,经过处理的数据 / public-data surrogate; not author-run logs
NSGA-II,23,2109058,6,288,48,48,1.0,0.0,0.0,21,0.2860010433228834,0.6499904767977626,0.6768870501011888,0.6917729114260767,经过处理的数据 / public-data surrogate; not author-run logs
NSGA-II,23,2109058,7,336,48,48,1.0,0.0,0.0,17,0.29100205240971116,0.6499904767977626,0.6768870501011888,0.6917729114260767,经过处理的数据 / public-data surrogate; not author-run logs
NSGA-II,23,2109058,8,384,48,48,1.0,0.0,0.0,27,0.29615174561405877,0.6600281337879581,0.6768870501011888,0.6917729114260767,经过处理的数据 / public-data surrogate; not author-run logs
NSGA-II,23,2109058,9,432,48,48,1.0,0.0,0.0,37,0.3090798751380701,0.6937626851434806,0.6791858974610017,0.6917729114260767,经过处理的数据 / public-data surrogate; not author-run logs
NSGA-II,23,2109058,10,480,48,48,1.0,0.0,0.0,27,0.3149842609657909,0.6937626851434806,0.6832705256649554,0.6924143434124447,经过处理的数据 / public-data surrogate; not author-run logs
NSGA-II,23,2109058,11,528,48,48,1.0,0.0,0.0,29,0.3213330054584383,0.6941049890888162,0.690942064040513,0.6981902446271614,经过处理的数据 / public-data surrogate; not author-run logs
NSGA-II,23,2109058,12,576,48,48,1.0,0.0,0.0,36,0.3257531438393852,0.6941049890888162,0.690942064040513,0.7067646724994805,经过处理的数据 / public-data surrogate; not author-run logs
NSGA-II,23,2109058,13,624,48,48,1.0,0.0,0.0,48,0.33266920790124754,0.7053055607729452,0.6927089984355796,0.7088749886821406,经过处理的数据 / public-data surrogate; not author-run logs
NSGA-II,23,2109058,14,672,48,48,1.0,0.0,0.0,38,0.3454343481707542,0.7053055607729452,0.7045566996583097,0.7215004867840126,经过处理的数据 / public-data surrogate; not author-run logs
NSGA-II,23,2109058,15,720,48,48,1.0,0.0,0.0,28,0.35434436824266236,0.7143721705288576,0.7105150634307401,0.7215586183098628,经过处理的数据 / public-data surrogate; not author-run logs
NSGA-II,23,2109058,16,768,48,48,1.0,0.0,0.0,37,0.3600992131506682,0.7143721705288576,0.7191566035509007,0.7238915264986511,经过处理的数据 / public-data surrogate; not author-run logs
NSGA-II,23,2109058,17,816,48,48,1.0,0.0,0.0,35,0.36478269777817296,0.7208635284175993,0.7191566035509007,0.7286286841027784,经过处理的数据 / public-data surrogate; not author-run logs
NSGA-II,23,2109058,18,864,48,48,1.0,0.0,0.0,42,0.3795846573849002,0.7347578504491589,0.7449787126148617,0.7302444377142602,经过处理的数据 / public-data surrogate; not author-run logs
NSGA-II,23,2109058,19,912,48,48,1.0,0.0,0.0,46,0.3832221332892446,0.7347578504491589,0.7449787126148617,0.7361096031506842,经过处理的数据 / public-data surrogate; not author-run logs
NSGA-II,23,2109058,20,960,48,48,1.0,0.0,0.0,45,0.3868318029979398,0.7347578504491589,0.7449787126148617,0.7361096031506842,经过处理的数据 / public-data surrogate; not author-run logs
NSGA-II,23,2109058,21,1008,48,48,1.0,0.0,0.0,44,0.389112482028125,0.7347578504491589,0.7449787126148617,0.7361096031506842,经过处理的数据 / public-data surrogate; not author-run logs
NSGA-II,23,2109058,22,1056,48,48,1.0,0.0,0.0,48,0.3928104976857626,0.7347578504491589,0.7495832344048889,0.7361096031506842,经过处理的数据 / public-data surrogate; not author-run logs
NSGA-II,23,2109058,23,1104,48,48,1.0,0.0,0.0,48,0.4067176544500313,0.7586459885306212,0.7588535592233652,0.7361096031506842,经过处理的数据 / public-data surrogate; not author-run logs
NSGA-II,23,2109058,24,1152,48,48,1.0,0.0,0.0,43,0.4085888138365851,0.7586459885306212,0.7588535592233652,0.7361096031506842,经过处理的数据 / public-data surrogate; not author-run logs
NSGA-II,23,2109058,25,1200,48,48,1.0,0.0,0.0,42,0.41786034778521813,0.7766605235537821,0.7588535592233652,0.7361096031506842,经过处理的数据 / public-data surrogate; not author-run logs
NSGA-II,23,2109058,26,1248,48,48,1.0,0.0,0.0,48,0.4186267112602986,0.7766605235537821,0.7588535592233652,0.7361096031506842,经过处理的数据 / public-data surrogate; not author-run logs
NSGA-II,23,2109058,27,1296,48,48,1.0,0.0,0.0,48,0.4200536123338744,0.7766605235537821,0.7592405232138185,0.7361096031506842,经过处理的数据 / public-data surrogate; not author-run logs
NSGA-II,23,2109058,28,1344,48,48,1.0,0.0,0.0,48,0.42031299338395006,0.7766605235537821,0.7592405232138185,0.7361096031506842,经过处理的数据 / public-data surrogate; not author-run logs
NSGA-II,23,2109058,29,1392,48,48,1.0,0.0,0.0,48,0.42196331893060457,0.7766605235537821,0.7592405232138185,0.740047937557972,经过处理的数据 / public-data surrogate; not author-run logs
NSGA-II,23,2109058,30,1440,48,48,1.0,0.0,0.0,48,0.4239374479912853,0.7766605235537821,0.7592405232138185,0.7411293884414819,经过处理的数据 / public-data surrogate; not author-run logs
NSGA-II,24,2109059,1,48,48,14,0.2916666666666667,0.1707137075122452,0.6451812515325921,2,0.21840850502680742,0.5585758840052797,0.6064411142773678,0.6462429737596773,经过处理的数据 / public-data surrogate; not author-run logs
NSGA-II,24,2109059,2,96,48,40,0.8333333333333334,0.002923290647550892,0.022103599595677093,4,0.23279179670475042,0.5863750258011047,0.6064411142773678,0.6593510702113271,经过处理的数据 / public-data surrogate; not author-run logs
NSGA-II,24,2109059,3,144,48,48,1.0,0.0,0.0,9,0.25143181569725254,0.6007873459734822,0.6267992282876332,0.6830734612518632,经过处理的数据 / public-data surrogate; not author-run logs
NSGA-II,24,2109059,4,192,48,48,1.0,0.0,0.0,11,0.2631344667295921,0.6007873459734822,0.6586084051721739,0.6830734612518632,经过处理的数据 / public-data surrogate; not author-run logs
NSGA-II,24,2109059,5,240,48,48,1.0,0.0,0.0,19,0.2751373250554226,0.6117640463668558,0.6767482949506848,0.6830734612518632,经过处理的数据 / public-data surrogate; not author-run logs
NSGA-II,24,2109059,6,288,48,48,1.0,0.0,0.0,27,0.28400388605719007,0.6215123177379873,0.6767482949506848,0.6951714327275588,经过处理的数据 / public-data surrogate; not author-run logs
NSGA-II,24,2109059,7,336,48,48,1.0,0.0,0.0,30,0.29170521889343903,0.6225304962851491,0.6922266521541313,0.6952973190056232,经过处理的数据 / public-data surrogate; not author-run logs
NSGA-II,24,2109059,8,384,48,48,1.0,0.0,0.0,28,0.3010022632153255,0.6351267378390898,0.7011642297128329,0.6952973190056232,经过处理的数据 / public-data surrogate; not author-run logs
NSGA-II,24,2109059,9,432,48,48,1.0,0.0,0.0,34,0.3033247673461474,0.6351267378390898,0.7016326971247798,0.6967632787557037,经过处理的数据 / public-data surrogate; not author-run logs
NSGA-II,24,2109059,10,480,48,48,1.0,0.0,0.0,35,0.3097677197758556,0.6392890559334685,0.7016326971247798,0.705572842526278,经过处理的数据 / public-data surrogate; not author-run logs
NSGA-II,24,2109059,11,528,48,48,1.0,0.0,0.0,35,0.3145692388710898,0.6392890559334685,0.7111387804032905,0.707360257564816,经过处理的数据 / public-data surrogate; not author-run logs
NSGA-II,24,2109059,12,576,48,48,1.0,0.0,0.0,35,0.32007951300576043,0.6498734678374297,0.7111387804032905,0.707360257564816,经过处理的数据 / public-data surrogate; not author-run logs
NSGA-II,24,2109059,13,624,48,48,1.0,0.0,0.0,41,0.326224429418099,0.6593568510015393,0.7111387804032905,0.7118839726264123,经过处理的数据 / public-data surrogate; not author-run logs
NSGA-II,24,2109059,14,672,48,48,1.0,0.0,0.0,46,0.3341627805874481,0.6749142725603513,0.7111387804032905,0.715492872679619,经过处理的数据 / public-data surrogate; not author-run logs
NSGA-II,24,2109059,15,720,48,48,1.0,0.0,0.0,38,0.3394635856326666,0.6749142725603513,0.7155375270810547,0.718903322619374,经过处理的数据 / public-data surrogate; not author-run logs
NSGA-II,24,2109059,16,768,48,48,1.0,0.0,0.0,48,0.3398599400548291,0.6749142725603513,0.7155375270810547,0.718903322619374,经过处理的数据 / public-data surrogate; not author-run logs
NSGA-II,24,2109059,17,816,48,48,1.0,0.0,0.0,48,0.3414690659173941,0.6749142725603513,0.7155375270810547,0.718903322619374,经过处理的数据 / public-data surrogate; not author-run logs
NSGA-II,24,2109059,18,864,48,48,1.0,0.0,0.0,48,0.34447468717536134,0.6801235766135075,0.7155375270810547,0.718903322619374,经过处理的数据 / public-data surrogate; not author-run logs
NSGA-II,24,2109059,19,912,48,48,1.0,0.0,0.0,48,0.3528328189435134,0.6880719313393701,0.7258339416328888,0.7194989936523064,经过处理的数据 / public-data surrogate; not author-run logs
NSGA-II,24,2109059,20,960,48,48,1.0,0.0,0.0,48,0.35619283521429274,0.6901729888029148,0.7258339416328888,0.724156925249961,经过处理的数据 / public-data surrogate; not author-run logs
NSGA-II,24,2109059,21,1008,48,48,1.0,0.0,0.0,48,0.3607911864069576,0.6927759576019198,0.7321407438928927,0.7243563963462237,经过处理的数据 / public-data surrogate; not author-run logs
NSGA-II,24,2109059,22,1056,48,48,1.0,0.0,0.0,48,0.3656562171990378,0.7021739440368967,0.7321407438928927,0.7243563963462237,经过处理的数据 / public-data surrogate; not author-run logs
NSGA-II,24,2109059,23,1104,48,48,1.0,0.0,0.0,48,0.3688849746022736,0.7021739440368967,0.7344609618648349,0.7284650489196776,经过处理的数据 / public-data surrogate; not author-run logs
NSGA-II,24,2109059,24,1152,48,48,1.0,0.0,0.0,48,0.36931976898185936,0.7021739440368967,0.7344609618648349,0.7284650489196776,经过处理的数据 / public-data surrogate; not author-run logs
NSGA-II,24,2109059,25,1200,48,48,1.0,0.0,0.0,48,0.3723594916350593,0.7028780026550773,0.7419451131387313,0.7284650489196776,经过处理的数据 / public-data surrogate; not author-run logs
NSGA-II,24,2109059,26,1248,48,48,1.0,0.0,0.0,48,0.3723476285786315,0.7028780026550773,0.7419451131387313,0.7284650489196776,经过处理的数据 / public-data surrogate; not author-run logs
NSGA-II,24,2109059,27,1296,48,48,1.0,0.0,0.0,48,0.37302721277469997,0.7028780026550773,0.7419451131387313,0.7284650489196776,经过处理的数据 / public-data surrogate; not author-run logs
NSGA-II,24,2109059,28,1344,48,48,1.0,0.0,0.0,48,0.37289418348014514,0.7028780026550773,0.7419451131387313,0.7284650489196776,经过处理的数据 / public-data surrogate; not author-run logs
NSGA-II,24,2109059,29,1392,48,48,1.0,0.0,0.0,48,0.37967523650199286,0.7152672306657687,0.7421645877682297,0.7310204621378049,经过处理的数据 / public-data surrogate; not author-run logs
NSGA-II,24,2109059,30,1440,48,48,1.0,0.0,0.0,48,0.38007895289055726,0.7152672306657687,0.7421645877682297,0.7310204621378049,经过处理的数据 / public-data surrogate; not author-run logs
NSGA-II,25,2109060,1,48,48,12,0.25,0.187299435325845,0.6481236883588031,5,0.19452689278555874,0.5686449613462355,0.5423468530406527,0.6397993971753864,经过处理的数据 / public-data surrogate; not author-run logs
NSGA-II,25,2109060,2,96,48,26,0.5416666666666666,0.02012580092521113,0.07866552423433593,6,0.20460972117231147,0.5787415540989183,0.5622866006189486,0.6397993971753864,经过处理的数据 / public-data surrogate; not author-run logs
NSGA-II,25,2109060,3,144,48,48,1.0,0.0,0.0,17,0.2241301606394576,0.5956718509111567,0.6036032663368677,0.6445198904190963,经过处理的数据 / public-data surrogate; not author-run logs
NSGA-II,25,2109060,4,192,48,48,1.0,0.0,0.0,22,0.24713706930746568,0.6427817149872018,0.6127233709592381,0.6619913745048623,经过处理的数据 / public-data surrogate; not author-run logs
NSGA-II,25,2109060,5,240,48,48,1.0,0.0,0.0,30,0.251608462622339,0.6427817149872018,0.6127233709592381,0.6673204246194884,经过处理的数据 / public-data surrogate; not author-run logs
NSGA-II,25,2109060,6,288,48,48,1.0,0.0,0.0,29,0.25919809478699746,0.6442505623395276,0.6235398096628203,0.6673204246194884,经过处理的数据 / public-data surrogate; not author-run logs
NSGA-II,25,2109060,7,336,48,48,1.0,0.0,0.0,23,0.27025247046088935,0.6442505623395276,0.6467023913355835,0.671859965722903,经过处理的数据 / public-data surrogate; not author-run logs
NSGA-II,25,2109060,8,384,48,48,1.0,0.0,0.0,20,0.28692898848515197,0.6790850144383451,0.6467023913355835,0.6766262248136112,经过处理的数据 / public-data surrogate; not author-run logs
NSGA-II,25,2109060,9,432,48,48,1.0,0.0,0.0,21,0.2894660806321892,0.6790850144383451,0.6467023913355835,0.6788564914328075,经过处理的数据 / public-data surrogate; not author-run logs
NSGA-II,25,2109060,10,480,48,48,1.0,0.0,0.0,26,0.29612514800954925,0.6834682184618357,0.6474041245881634,0.6862756457092345,经过处理的数据 / public-data surrogate; not author-run logs
NSGA-II,25,2109060,11,528,48,48,1.0,0.0,0.0,41,0.29844652093510987,0.6834682184618357,0.6486116370655555,0.687006327237899,经过处理的数据 / public-data surrogate; not author-run logs
NSGA-II,25,2109060,12,576,48,48,1.0,0.0,0.0,42,0.30445045228582335,0.6977517732044607,0.6486116370655555,0.687006327237899,经过处理的数据 / public-data surrogate; not author-run logs
NSGA-II,25,2109060,13,624,48,48,1.0,0.0,0.0,40,0.3173215949575806,0.7217728583680433,0.654971699286943,0.6897315896793412,经过处理的数据 / public-data surrogate; not author-run logs
NSGA-II,25,2109060,14,672,48,48,1.0,0.0,0.0,48,0.32277852515573013,0.7304165763000907,0.654971699286943,0.6952406306908606,经过处理的数据 / public-data surrogate; not author-run logs
NSGA-II,25,2109060,15,720,48,48,1.0,0.0,0.0,44,0.3296105789447373,0.7304165763000907,0.6616904934980382,0.7044024528266646,经过处理的数据 / public-data surrogate; not author-run logs
NSGA-II,25,2109060,16,768,48,48,1.0,0.0,0.0,48,0.33959098547270655,0.7304165763000907,0.6795035236866759,0.7044024528266646,经过处理的数据 / public-data surrogate; not author-run logs
NSGA-II,25,2109060,17,816,48,48,1.0,0.0,0.0,48,0.34178113045563635,0.7304165763000907,0.6795035236866759,0.707749196772465,经过处理的数据 / public-data surrogate; not author-run logs
NSGA-II,25,2109060,18,864,48,48,1.0,0.0,0.0,48,0.3460747958470631,0.7397140780145619,0.6795035236866759,0.707749196772465,经过处理的数据 / public-data surrogate; not author-run logs
NSGA-II,25,2109060,19,912,48,48,1.0,0.0,0.0,48,0.35044452542356225,0.7397140780145619,0.6892998240604425,0.707749196772465,经过处理的数据 / public-data surrogate; not author-run logs
NSGA-II,25,2109060,20,960,48,48,1.0,0.0,0.0,48,0.3535906395624877,0.745583456286155,0.6892998240604425,0.707749196772465,经过处理的数据 / public-data surrogate; not author-run logs
NSGA-II,25,2109060,21,1008,48,48,1.0,0.0,0.0,48,0.3544920959198069,0.745583456286155,0.6892998240604425,0.707749196772465,经过处理的数据 / public-data surrogate; not author-run logs
NSGA-II,25,2109060,22,1056,48,48,1.0,0.0,0.0,48,0.3589729566382003,0.745583456286155,0.6962479444437581,0.707749196772465,经过处理的数据 / public-data surrogate; not author-run logs
NSGA-II,25,2109060,23,1104,48,48,1.0,0.0,0.0,48,0.35978474102878255,0.745583456286155,0.6962479444437581,0.707749196772465,经过处理的数据 / public-data surrogate; not author-run logs
NSGA-II,25,2109060,24,1152,48,48,1.0,0.0,0.0,48,0.3621132635507386,0.745583456286155,0.7007159571117985,0.707749196772465,经过处理的数据 / public-data surrogate; not author-run logs
NSGA-II,25,2109060,25,1200,48,48,1.0,0.0,0.0,48,0.3658978998728832,0.745583456286155,0.7069181816082752,0.707749196772465,经过处理的数据 / public-data surrogate; not author-run logs
NSGA-II,25,2109060,26,1248,48,48,1.0,0.0,0.0,48,0.37332937317993625,0.7557485788821758,0.713084705614865,0.7084537253140375,经过处理的数据 / public-data surrogate; not author-run logs
NSGA-II,25,2109060,27,1296,48,48,1.0,0.0,0.0,48,0.3777760462798523,0.7557485788821758,0.7171960083539208,0.7139400630711799,经过处理的数据 / public-data surrogate; not author-run logs
NSGA-II,25,2109060,28,1344,48,48,1.0,0.0,0.0,48,0.3789438697043484,0.7557485788821758,0.7171960083539208,0.7139400630711799,经过处理的数据 / public-data surrogate; not author-run logs
NSGA-II,25,2109060,29,1392,48,48,1.0,0.0,0.0,48,0.38212986149441197,0.7598956427733843,0.7171960083539208,0.7139400630711799,经过处理的数据 / public-data surrogate; not author-run logs
NSGA-II,25,2109060,30,1440,48,48,1.0,0.0,0.0,48,0.38624550939835156,0.7664588003046086,0.7171960083539208,0.714362977508409,经过处理的数据 / public-data surrogate; not author-run logs
NSGA-II,26,2109061,1,48,48,15,0.3125,0.15658643033934785,0.6986319132137635,6,0.19357811526282448,0.5486704076352303,0.5725364162223312,0.6233525103176227,经过处理的数据 / public-data surrogate; not author-run logs
NSGA-II,26,2109061,2,96,48,37,0.7708333333333334,0.003204300820176434,0.025199144581770083,10,0.21574240666856953,0.5830484977373012,0.5891172411711257,0.6440019894818362,经过处理的数据 / public-data surrogate; not author-run logs
NSGA-II,26,2109061,3,144,48,48,1.0,0.0,0.0,17,0.2210080068633328,0.5971107916919159,0.5891172411711257,0.6440019894818362,经过处理的数据 / public-data surrogate; not author-run logs
NSGA-II,26,2109061,4,192,48,48,1.0,0.0,0.0,23,0.2291745426656765,0.5971107916919159,0.6043152653733856,0.654112419984367,经过处理的数据 / public-data surrogate; not author-run logs
NSGA-II,26,2109061,5,240,48,48,1.0,0.0,0.0,34,0.24894052729361332,0.635198004183567,0.6188738313183076,0.6569984647103815,经过处理的数据 / public-data surrogate; not author-run logs
NSGA-II,26,2109061,6,288,48,48,1.0,0.0,0.0,41,0.2619291703868271,0.6388294460090397,0.6410487351830046,0.6676849461917873,经过处理的数据 / public-data surrogate; not author-run logs
NSGA-II,26,2109061,7,336,48,48,1.0,0.0,0.0,42,0.2649674265301992,0.6388294460090397,0.6410487351830046,0.6715317759866224,经过处理的数据 / public-data surrogate; not author-run logs
NSGA-II,26,2109061,8,384,48,48,1.0,0.0,0.0,36,0.28351881411882596,0.6766288101861324,0.6536902373298281,0.6715317759866224,经过处理的数据 / public-data surrogate; not author-run logs
NSGA-II,26,2109061,9,432,48,48,1.0,0.0,0.0,43,0.28595122034521175,0.6766288101861324,0.6536902373298281,0.6758637318630617,经过处理的数据 / public-data surrogate; not author-run logs
NSGA-II,26,2109061,10,480,48,48,1.0,0.0,0.0,48,0.291531053897923,0.6766288101861324,0.6642214139203569,0.6758637318630617,经过处理的数据 / public-data surrogate; not author-run logs
NSGA-II,26,2109061,11,528,48,48,1.0,0.0,0.0,40,0.29352137940005507,0.6766288101861324,0.6642214139203569,0.6758637318630617,经过处理的数据 / public-data surrogate; not author-run logs
NSGA-II,26,2109061,12,576,48,48,1.0,0.0,0.0,32,0.30366461358538754,0.6861979810885441,0.6747064326672964,0.6758637318630617,经过处理的数据 / public-data surrogate; not author-run logs
NSGA-II,26,2109061,13,624,48,48,1.0,0.0,0.0,35,0.3102564916923811,0.6892952605937279,0.6747064326672964,0.6843701812413726,经过处理的数据 / public-data surrogate; not author-run logs
NSGA-II,26,2109061,14,672,48,48,1.0,0.0,0.0,36,0.31254105844405194,0.6902855948746934,0.6747064326672964,0.6870660091830688,经过处理的数据 / public-data surrogate; not author-run logs
NSGA-II,26,2109061,15,720,48,48,1.0,0.0,0.0,46,0.326353399310341,0.6902855948746934,0.7079599597726997,0.6876328201230217,经过处理的数据 / public-data surrogate; not author-run logs
NSGA-II,26,2109061,16,768,48,48,1.0,0.0,0.0,33,0.3301262057520189,0.6902855948746934,0.7079599597726997,0.6912661392021062,经过处理的数据 / public-data surrogate; not author-run logs
NSGA-II,26,2109061,17,816,48,48,1.0,0.0,0.0,32,0.33833452818976156,0.6955798285270619,0.7189002242071669,0.6912661392021062,经过处理的数据 / public-data surrogate; not author-run logs
NSGA-II,26,2109061,18,864,48,48,1.0,0.0,0.0,37,0.3445617800695855,0.7053435692890677,0.7189002242071669,0.6950768838630844,经过处理的数据 / public-data surrogate; not author-run logs
NSGA-II,26,2109061,19,912,48,48,1.0,0.0,0.0,44,0.3455128405580016,0.7053435692890677,0.7189002242071669,0.6950768838630844,经过处理的数据 / public-data surrogate; not author-run logs
NSGA-II,26,2109061,20,960,48,48,1.0,0.0,0.0,36,0.34847372786839054,0.7053435692890677,0.7189002242071669,0.6988219109102587,经过处理的数据 / public-data surrogate; not author-run logs
NSGA-II,26,2109061,21,1008,48,48,1.0,0.0,0.0,44,0.35687817327927995,0.7053435692890677,0.7348841350741603,0.7014955275397602,经过处理的数据 / public-data surrogate; not author-run logs
NSGA-II,26,2109061,22,1056,48,48,1.0,0.0,0.0,48,0.3635719546214038,0.7158361372160271,0.7348841350741603,0.7049510292284276,经过处理的数据 / public-data surrogate; not author-run logs
NSGA-II,26,2109061,23,1104,48,48,1.0,0.0,0.0,38,0.37184587173572464,0.728145985980103,0.7392444711755216,0.7049510292284276,经过处理的数据 / public-data surrogate; not author-run logs
NSGA-II,26,2109061,24,1152,48,48,1.0,0.0,0.0,33,0.3796722489493346,0.7292456813025818,0.7542083065200652,0.7049510292284276,经过处理的数据 / public-data surrogate; not author-run logs
NSGA-II,26,2109061,25,1200,48,48,1.0,0.0,0.0,42,0.38085945080070205,0.7292456813025818,0.7542083065200652,0.7066913009767151,经过处理的数据 / public-data surrogate; not author-run logs
NSGA-II,26,2109061,26,1248,48,48,1.0,0.0,0.0,48,0.3853903189636143,0.7397269275218616,0.7542083065200652,0.7066913009767151,经过处理的数据 / public-data surrogate; not author-run logs
NSGA-II,26,2109061,27,1296,48,48,1.0,0.0,0.0,48,0.38559502304252047,0.7397269275218616,0.7542083065200652,0.7067440374152197,经过处理的数据 / public-data surrogate; not author-run logs
NSGA-II,26,2109061,28,1344,48,48,1.0,0.0,0.0,48,0.39278713498502704,0.7481912748865975,0.7574773764287961,0.710423882482675,经过处理的数据 / public-data surrogate; not author-run logs
NSGA-II,26,2109061,29,1392,48,48,1.0,0.0,0.0,48,0.39363009328643805,0.7481912748865975,0.7574773764287961,0.710423882482675,经过处理的数据 / public-data surrogate; not author-run logs
NSGA-II,26,2109061,30,1440,48,48,1.0,0.0,0.0,48,0.4014785231978533,0.7481912748865975,0.7744584727115993,0.7111736840671301,经过处理的数据 / public-data surrogate; not author-run logs
NSGA-II,27,2109062,1,48,48,14,0.2916666666666667,0.17901043740524789,0.5974256245525857,4,0.19606090267774107,0.5843732296778672,0.5140962983336581,0.6603531791941559,经过处理的数据 / public-data surrogate; not author-run logs
NSGA-II,27,2109062,2,96,48,41,0.8541666666666666,0.00264152114982436,0.030688206392804895,11,0.20568681961537313,0.6080744936640733,0.520239989094152,0.6603531791941559,经过处理的数据 / public-data surrogate; not author-run logs
NSGA-II,27,2109062,3,144,48,48,1.0,0.0,0.0,12,0.21995765634269998,0.6080744936640733,0.5601793488336102,0.6603531791941559,经过处理的数据 / public-data surrogate; not author-run logs
NSGA-II,27,2109062,4,192,48,48,1.0,0.0,0.0,17,0.23596042474163115,0.6102303394975148,0.595627624145587,0.6637510158835306,经过处理的数据 / public-data surrogate; not author-run logs
NSGA-II,27,2109062,5,240,48,48,1.0,0.0,0.0,14,0.2479043496939996,0.6268472906550773,0.5987461098382922,0.6721188848185929,经过处理的数据 / public-data surrogate; not author-run logs
NSGA-II,27,2109062,6,288,48,48,1.0,0.0,0.0,14,0.255046884245138,0.630696025061361,0.6031299703757209,0.6810790226202401,经过处理的数据 / public-data surrogate; not author-run logs
NSGA-II,27,2109062,7,336,48,48,1.0,0.0,0.0,24,0.27046708109618695,0.63993412932808,0.6340624794625783,0.6810790226202401,经过处理的数据 / public-data surrogate; not author-run logs
NSGA-II,27,2109062,8,384,48,48,1.0,0.0,0.0,38,0.28375914230979166,0.6463122194861495,0.6611142253933638,0.6810790226202401,经过处理的数据 / public-data surrogate; not author-run logs
NSGA-II,27,2109062,9,432,48,48,1.0,0.0,0.0,33,0.2976863820723947,0.6575956528633765,0.6611142253933638,0.7116234759604454,经过处理的数据 / public-data surrogate; not author-run logs
NSGA-II,27,2109062,10,480,48,48,1.0,0.0,0.0,38,0.3173529353526108,0.6932626691649427,0.6747077016544397,0.7116234759604454,经过处理的数据 / public-data surrogate; not author-run logs
NSGA-II,27,2109062,11,528,48,48,1.0,0.0,0.0,36,0.3252021412908839,0.6932626691649427,0.6915441825451186,0.7116234759604454,经过处理的数据 / public-data surrogate; not author-run logs
NSGA-II,27,2109062,12,576,48,48,1.0,0.0,0.0,43,0.33468159532532515,0.7110674007995852,0.6915441825451186,0.7122797223617299,经过处理的数据 / public-data surrogate; not author-run logs
NSGA-II,27,2109062,13,624,48,48,1.0,0.0,0.0,42,0.3377097632714151,0.7110674007995852,0.6915441825451186,0.7153720552765956,经过处理的数据 / public-data surrogate; not author-run logs
NSGA-II,27,2109062,14,672,48,48,1.0,0.0,0.0,38,0.35380050114854555,0.7325109886530725,0.7048571953733535,0.7153720552765956,经过处理的数据 / public-data surrogate; not author-run logs
NSGA-II,27,2109062,15,720,48,48,1.0,0.0,0.0,44,0.3599574247295703,0.7325109886530725,0.7138911920051667,0.7153720552765956,经过处理的数据 / public-data surrogate; not author-run logs
NSGA-II,27,2109062,16,768,48,48,1.0,0.0,0.0,48,0.3621737381377085,0.7325109886530725,0.7148850115691895,0.7153720552765956,经过处理的数据 / public-data surrogate; not author-run logs
NSGA-II,27,2109062,17,816,48,48,1.0,0.0,0.0,48,0.36536829198957993,0.7325109886530725,0.7148850115691895,0.7181529137339039,经过处理的数据 / public-data surrogate; not author-run logs
NSGA-II,27,2109062,18,864,48,48,1.0,0.0,0.0,48,0.371267089812501,0.7361345597573612,0.7187639762783404,0.7196899301778382,经过处理的数据 / public-data surrogate; not author-run logs
NSGA-II,27,2109062,19,912,48,48,1.0,0.0,0.0,48,0.3752953759800044,0.7436878652938375,0.7187639762783404,0.7201997260483213,经过处理的数据 / public-data surrogate; not author-run logs
NSGA-II,27,2109062,20,960,48,48,1.0,0.0,0.0,48,0.37942759931738723,0.7517058817507024,0.7187639762783404,0.7201997260483213,经过处理的数据 / public-data surrogate; not author-run logs
NSGA-II,27,2109062,21,1008,48,48,1.0,0.0,0.0,45,0.3823600765717409,0.7517058817507024,0.7187639762783404,0.7224904358728783,经过处理的数据 / public-data surrogate; not author-run logs
NSGA-II,27,2109062,22,1056,48,48,1.0,0.0,0.0,48,0.38973443336791713,0.752479613317257,0.7323125833486172,0.7259519401368935,经过处理的数据 / public-data surrogate; not author-run logs
NSGA-II,27,2109062,23,1104,48,48,1.0,0.0,0.0,48,0.39029123033615104,0.752479613317257,0.7323125833486172,0.7259519401368935,经过处理的数据 / public-data surrogate; not author-run logs
NSGA-II,27,2109062,24,1152,48,48,1.0,0.0,0.0,47,0.40429016014875757,0.7738591887015415,0.7323125833486172,0.7339863259669178,经过处理的数据 / public-data surrogate; not author-run logs
NSGA-II,27,2109062,25,1200,48,48,1.0,0.0,0.0,39,0.4055129632580998,0.7738591887015415,0.7323125833486172,0.7339863259669178,经过处理的数据 / public-data surrogate; not author-run logs
NSGA-II,27,2109062,26,1248,48,48,1.0,0.0,0.0,48,0.40759839621302785,0.7738591887015415,0.7323125833486172,0.736429233452141,经过处理的数据 / public-data surrogate; not author-run logs
NSGA-II,27,2109062,27,1296,48,48,1.0,0.0,0.0,48,0.4097098967972413,0.7738591887015415,0.7353119229885545,0.736429233452141,经过处理的数据 / public-data surrogate; not author-run logs
NSGA-II,27,2109062,28,1344,48,48,1.0,0.0,0.0,48,0.4105415580157003,0.7738591887015415,0.7353119229885545,0.736429233452141,经过处理的数据 / public-data surrogate; not author-run logs
NSGA-II,27,2109062,29,1392,48,48,1.0,0.0,0.0,48,0.412031310660896,0.7738591887015415,0.7353119229885545,0.736429233452141,经过处理的数据 / public-data surrogate; not author-run logs
NSGA-II,27,2109062,30,1440,48,48,1.0,0.0,0.0,48,0.4206003493212832,0.7823437086518341,0.7451114422703363,0.736429233452141,经过处理的数据 / public-data surrogate; not author-run logs
NSGA-II,28,2109063,1,48,48,13,0.2708333333333333,0.18647068398381794,0.7096819556060576,10,0.2223226781778525,0.5954969265125224,0.6045951780636576,0.6465912661541297,经过处理的数据 / public-data surrogate; not author-run logs
NSGA-II,28,2109063,2,96,48,36,0.75,0.00616999698355732,0.04976593656253114,8,0.22723039224195649,0.5954969265125224,0.6045951780636576,0.6491405347182951,经过处理的数据 / public-data surrogate; not author-run logs
NSGA-II,28,2109063,3,144,48,48,1.0,0.0,0.0,17,0.23923024792072525,0.6137827430733707,0.6045951780636576,0.6635638966074311,经过处理的数据 / public-data surrogate; not author-run logs
NSGA-II,28,2109063,4,192,48,48,1.0,0.0,0.0,23,0.25132503497006703,0.6161417825251067,0.62270651171025,0.6721390328136676,经过处理的数据 / public-data surrogate; not author-run logs
NSGA-II,28,2109063,5,240,48,48,1.0,0.0,0.0,22,0.2681031807183465,0.6265672705287681,0.6522326994381151,0.6753712869810063,经过处理的数据 / public-data surrogate; not author-run logs
NSGA-II,28,2109063,6,288,48,48,1.0,0.0,0.0,38,0.2736942801263459,0.6304758291095326,0.6533031468251361,0.6841163273084467,经过处理的数据 / public-data surrogate; not author-run logs
NSGA-II,28,2109063,7,336,48,48,1.0,0.0,0.0,31,0.28013852341175394,0.6401431181478652,0.6533031468251361,0.6907510915682382,经过处理的数据 / public-data surrogate; not author-run logs
NSGA-II,28,2109063,8,384,48,48,1.0,0.0,0.0,34,0.2953758063608294,0.6401431181478652,0.6882131585624309,0.695286887723904,经过处理的数据 / public-data surrogate; not author-run logs
NSGA-II,28,2109063,9,432,48,48,1.0,0.0,0.0,44,0.3083411806462111,0.6591696202275467,0.6882131585624309,0.7093806389497515,经过处理的数据 / public-data surrogate; not author-run logs
NSGA-II,28,2109063,10,480,48,48,1.0,0.0,0.0,28,0.3186145611364388,0.6591696202275467,0.7067646610399921,0.7093806389497515,经过处理的数据 / public-data surrogate; not author-run logs
NSGA-II,28,2109063,11,528,48,48,1.0,0.0,0.0,31,0.3229595103605436,0.6591696202275467,0.7067646610399921,0.715662073259907,经过处理的数据 / public-data surrogate; not author-run logs
NSGA-II,28,2109063,12,576,48,48,1.0,0.0,0.0,38,0.33423291445296954,0.6731153908490772,0.7182038633395234,0.715662073259907,经过处理的数据 / public-data surrogate; not author-run logs
NSGA-II,28,2109063,13,624,48,48,1.0,0.0,0.0,36,0.3385942477394896,0.6731153908490772,0.7261835646145904,0.715662073259907,经过处理的数据 / public-data surrogate; not author-run logs
NSGA-II,28,2109063,14,672,48,48,1.0,0.0,0.0,41,0.3456131064237063,0.681233008116028,0.7281281457358161,0.7208095611905789,经过处理的数据 / public-data surrogate; not author-run logs
NSGA-II,28,2109063,15,720,48,48,1.0,0.0,0.0,32,0.34920766884333226,0.681233008116028,0.7281281457358161,0.7239375972260196,经过处理的数据 / public-data surrogate; not author-run logs
NSGA-II,28,2109063,16,768,48,48,1.0,0.0,0.0,42,0.3522005931790603,0.685990362040927,0.7281281457358161,0.7267996464774282,经过处理的数据 / public-data surrogate; not author-run logs
NSGA-II,28,2109063,17,816,48,48,1.0,0.0,0.0,48,0.3584073772718018,0.685990362040927,0.7406705545039388,0.7267996464774282,经过处理的数据 / public-data surrogate; not author-run logs
NSGA-II,28,2109063,18,864,48,48,1.0,0.0,0.0,48,0.3665741048209549,0.703209892315887,0.7406705545039388,0.7267996464774282,经过处理的数据 / public-data surrogate; not author-run logs
NSGA-II,28,2109063,19,912,48,48,1.0,0.0,0.0,48,0.3784670893796384,0.7151879947788652,0.7498133237581804,0.7320596127225416,经过处理的数据 / public-data surrogate; not author-run logs
NSGA-II,28,2109063,20,960,48,48,1.0,0.0,0.0,48,0.3794551701111164,0.7151879947788652,0.7498133237581804,0.7320596127225416,经过处理的数据 / public-data surrogate; not author-run logs
NSGA-II,28,2109063,21,1008,48,48,1.0,0.0,0.0,48,0.38199703260542894,0.7166412825839069,0.7498133237581804,0.7336845981425099,经过处理的数据 / public-data surrogate; not author-run logs
NSGA-II,28,2109063,22,1056,48,48,1.0,0.0,0.0,48,0.3865699725530607,0.7223721051701982,0.7498133237581804,0.7336845981425099,经过处理的数据 / public-data surrogate; not author-run logs
NSGA-II,28,2109063,23,1104,48,48,1.0,0.0,0.0,48,0.3891648441599316,0.7223721051701982,0.7498133237581804,0.7392723879821497,经过处理的数据 / public-data surrogate; not author-run logs
NSGA-II,28,2109063,24,1152,48,48,1.0,0.0,0.0,48,0.4043896724007084,0.7447965329891958,0.7615881335084016,0.7392723879821497,经过处理的数据 / public-data surrogate; not author-run logs
NSGA-II,28,2109063,25,1200,48,48,1.0,0.0,0.0,48,0.40616892655321424,0.7447965329891958,0.7615881335084016,0.7392723879821497,经过处理的数据 / public-data surrogate; not author-run logs
NSGA-II,28,2109063,26,1248,48,48,1.0,0.0,0.0,48,0.40724802071605415,0.7447965329891958,0.7615881335084016,0.7392723879821497,经过处理的数据 / public-data surrogate; not author-run logs
NSGA-II,28,2109063,27,1296,48,48,1.0,0.0,0.0,48,0.4098897236801107,0.7447965329891958,0.7666376008811632,0.7392723879821497,经过处理的数据 / public-data surrogate; not author-run logs
NSGA-II,28,2109063,28,1344,48,48,1.0,0.0,0.0,48,0.41100964276780594,0.7447965329891958,0.7666376008811632,0.7392723879821497,经过处理的数据 / public-data surrogate; not author-run logs
NSGA-II,28,2109063,29,1392,48,48,1.0,0.0,0.0,48,0.4137151687779856,0.7479851726667073,0.7666376008811632,0.7392723879821497,经过处理的数据 / public-data surrogate; not author-run logs
NSGA-II,28,2109063,30,1440,48,48,1.0,0.0,0.0,48,0.4136885171004236,0.7479851726667073,0.7666376008811632,0.7392723879821497,经过处理的数据 / public-data surrogate; not author-run logs
NSGA-II,29,2109064,1,48,48,18,0.375,0.1454094108089768,0.6769691920757199,6,0.1931367532643031,0.5650236677507141,0.5427848963530052,0.6373628179129246,经过处理的数据 / public-data surrogate; not author-run logs
NSGA-II,29,2109064,2,96,48,47,0.9791666666666666,0.0003025568192911073,0.01452272732597315,8,0.211416095937025,0.5748459304059117,0.5808475395981149,0.6420716045532541,经过处理的数据 / public-data surrogate; not author-run logs
NSGA-II,29,2109064,3,144,48,48,1.0,0.0,0.0,11,0.23805293641393704,0.6116952393766139,0.5963002139510807,0.6757687926464588,经过处理的数据 / public-data surrogate; not author-run logs
NSGA-II,29,2109064,4,192,48,48,1.0,0.0,0.0,15,0.25320521975707844,0.6341513366709551,0.6157129086001732,0.6757687926464588,经过处理的数据 / public-data surrogate; not author-run logs
NSGA-II,29,2109064,5,240,48,48,1.0,0.0,0.0,12,0.2628434103925081,0.6341513366709551,0.618701912620973,0.699902703613218,经过处理的数据 / public-data surrogate; not author-run logs
NSGA-II,29,2109064,6,288,48,48,1.0,0.0,0.0,19,0.27281384999891334,0.6381140122141334,0.6311696145529745,0.699902703613218,经过处理的数据 / public-data surrogate; not author-run logs
NSGA-II,29,2109064,7,336,48,48,1.0,0.0,0.0,18,0.3008950299987534,0.6518339180630967,0.6777674784748007,0.7029981231326192,经过处理的数据 / public-data surrogate; not author-run logs
NSGA-II,29,2109064,8,384,48,48,1.0,0.0,0.0,23,0.308048820285722,0.6601356089898993,0.6777674784748007,0.7085770474089744,经过处理的数据 / public-data surrogate; not author-run logs
NSGA-II,29,2109064,9,432,48,48,1.0,0.0,0.0,23,0.3132187595419479,0.6601356089898993,0.6847414347514273,0.7096564067465685,经过处理的数据 / public-data surrogate; not author-run logs
NSGA-II,29,2109064,10,480,48,48,1.0,0.0,0.0,28,0.3461337396319482,0.6718916722858118,0.7418248373979418,0.7219416490437516,经过处理的数据 / public-data surrogate; not author-run logs
NSGA-II,29,2109064,11,528,48,48,1.0,0.0,0.0,25,0.35032822817429077,0.6763977553843732,0.7418248373979418,0.7219416490437516,经过处理的数据 / public-data surrogate; not author-run logs
NSGA-II,29,2109064,12,576,48,48,1.0,0.0,0.0,30,0.3519509592982057,0.6763977553843732,0.7418248373979418,0.7219416490437516,经过处理的数据 / public-data surrogate; not author-run logs
NSGA-II,29,2109064,13,624,48,48,1.0,0.0,0.0,35,0.3560668064762604,0.6810072287748782,0.7418248373979418,0.7270022496861498,经过处理的数据 / public-data surrogate; not author-run logs
NSGA-II,29,2109064,14,672,48,48,1.0,0.0,0.0,41,0.37259111980994014,0.712697462129839,0.7429398560409599,0.7270022496861498,经过处理的数据 / public-data surrogate; not author-run logs
NSGA-II,29,2109064,15,720,48,48,1.0,0.0,0.0,39,0.38524154923167975,0.712697462129839,0.7684523031865497,0.7292947513637127,经过处理的数据 / public-data surrogate; not author-run logs
NSGA-II,29,2109064,16,768,48,48,1.0,0.0,0.0,28,0.38788204380077995,0.712697462129839,0.7684523031865497,0.7292947513637127,经过处理的数据 / public-data surrogate; not author-run logs
NSGA-II,29,2109064,17,816,48,48,1.0,0.0,0.0,40,0.3919781785902616,0.712697462129839,0.7684523031865497,0.7367390265323513,经过处理的数据 / public-data surrogate; not author-run logs
NSGA-II,29,2109064,18,864,48,48,1.0,0.0,0.0,48,0.39368166247214764,0.712697462129839,0.7684523031865497,0.7367390265323513,经过处理的数据 / public-data surrogate; not author-run logs
NSGA-II,29,2109064,19,912,48,48,1.0,0.0,0.0,48,0.39555663368775823,0.7130776077303913,0.7684523031865497,0.7367390265323513,经过处理的数据 / public-data surrogate; not author-run logs
NSGA-II,29,2109064,20,960,48,48,1.0,0.0,0.0,47,0.39871476883091184,0.7139269099992804,0.7729480008466558,0.7367390265323513,经过处理的数据 / public-data surrogate; not author-run logs
NSGA-II,29,2109064,21,1008,48,48,1.0,0.0,0.0,48,0.4046715782540943,0.7139269099992804,0.7858715863936393,0.7367390265323513,经过处理的数据 / public-data surrogate; not author-run logs
NSGA-II,29,2109064,22,1056,48,48,1.0,0.0,0.0,48,0.4057021577280331,0.7139269099992804,0.7858715863936393,0.7385058227011657,经过处理的数据 / public-data surrogate; not author-run logs
NSGA-II,29,2109064,23,1104,48,48,1.0,0.0,0.0,48,0.4094993608774607,0.7209904359913198,0.7858715863936393,0.7388930263984184,经过处理的数据 / public-data surrogate; not author-run logs
NSGA-II,29,2109064,24,1152,48,48,1.0,0.0,0.0,48,0.4172506811262365,0.7354144980853515,0.7876907653273818,0.7388930263984184,经过处理的数据 / public-data surrogate; not author-run logs
NSGA-II,29,2109064,25,1200,48,48,1.0,0.0,0.0,48,0.41886135466627683,0.7367498075218714,0.7876907653273818,0.7397453933557887,经过处理的数据 / public-data surrogate; not author-run logs
NSGA-II,29,2109064,26,1248,48,48,1.0,0.0,0.0,48,0.4202850856376544,0.7367498075218714,0.7876907653273818,0.7397453933557887,经过处理的数据 / public-data surrogate; not author-run logs
NSGA-II,29,2109064,27,1296,48,48,1.0,0.0,0.0,48,0.42492238223555556,0.7384181841687398,0.7931909760783585,0.7419535437624276,经过处理的数据 / public-data surrogate; not author-run logs
NSGA-II,29,2109064,28,1344,48,48,1.0,0.0,0.0,48,0.42518511721403096,0.7384181841687398,0.7931909760783585,0.7419535437624276,经过处理的数据 / public-data surrogate; not author-run logs
NSGA-II,29,2109064,29,1392,48,48,1.0,0.0,0.0,48,0.4273297452459169,0.741755336273958,0.7937684704159442,0.7419535437624276,经过处理的数据 / public-data surrogate; not author-run logs
NSGA-II,29,2109064,30,1440,48,48,1.0,0.0,0.0,48,0.4314670705398359,0.7496002857935634,0.7948467054058841,0.7419535437624276,经过处理的数据 / public-data surrogate; not author-run logs
NSGA-II,30,2109065,1,48,48,16,0.3333333333333333,0.1651645738975356,0.7465211658837863,6,0.1962594865475299,0.5732249768812717,0.5234158239426041,0.6651754144577873,经过处理的数据 / public-data surrogate; not author-run logs
NSGA-II,30,2109065,2,96,48,37,0.7708333333333334,0.004907921086897619,0.041638503935091054,9,0.21856543475281426,0.5890514825569513,0.5730378454725479,0.6651754144577873,经过处理的数据 / public-data surrogate; not author-run logs
NSGA-II,30,2109065,3,144,48,48,1.0,0.0,0.0,12,0.23373741996119457,0.6069616209445204,0.5930122845962835,0.6702490658498717,经过处理的数据 / public-data surrogate; not author-run logs
NSGA-II,30,2109065,4,192,48,48,1.0,0.0,0.0,22,0.24032148304401174,0.6079288781046194,0.6035387955316956,0.6702490658498717,经过处理的数据 / public-data surrogate; not author-run logs
NSGA-II,30,2109065,5,240,48,48,1.0,0.0,0.0,26,0.25448736272347544,0.6467661012443366,0.6035387955316956,0.6702490658498717,经过处理的数据 / public-data surrogate; not author-run logs
NSGA-II,30,2109065,6,288,48,48,1.0,0.0,0.0,40,0.2740135859560211,0.6467661012443366,0.6515764357512839,0.6810281849648103,经过处理的数据 / public-data surrogate; not author-run logs
NSGA-II,30,2109065,7,336,48,48,1.0,0.0,0.0,39,0.2885861386240934,0.6768266903985176,0.6515764357512839,0.6841505418718508,经过处理的数据 / public-data surrogate; not author-run logs
NSGA-II,30,2109065,8,384,48,48,1.0,0.0,0.0,48,0.29734327578965697,0.6768266903985176,0.6546661164813036,0.7065844679899709,经过处理的数据 / public-data surrogate; not author-run logs
NSGA-II,30,2109065,9,432,48,48,1.0,0.0,0.0,38,0.3054537984555571,0.6768266903985176,0.6690723769993813,0.707785475727183,经过处理的数据 / public-data surrogate; not author-run logs
NSGA-II,30,2109065,10,480,48,48,1.0,0.0,0.0,37,0.3075015682495156,0.6768266903985176,0.6690723769993813,0.707785475727183,经过处理的数据 / public-data surrogate; not author-run logs
NSGA-II,30,2109065,11,528,48,48,1.0,0.0,0.0,46,0.31004847646336886,0.6768266903985176,0.6690723769993813,0.707785475727183,经过处理的数据 / public-data surrogate; not author-run logs
NSGA-II,30,2109065,12,576,48,48,1.0,0.0,0.0,44,0.3152652700296199,0.6825800391499246,0.670860454870872,0.707785475727183,经过处理的数据 / public-data surrogate; not author-run logs
NSGA-II,30,2109065,13,624,48,48,1.0,0.0,0.0,48,0.316196919043501,0.6825800391499246,0.6713372611712883,0.707785475727183,经过处理的数据 / public-data surrogate; not author-run logs
NSGA-II,30,2109065,14,672,48,48,1.0,0.0,0.0,44,0.3242191145572502,0.689089931976295,0.6809119236149642,0.707785475727183,经过处理的数据 / public-data surrogate; not author-run logs
NSGA-II,30,2109065,15,720,48,48,1.0,0.0,0.0,39,0.32822770302664894,0.6904350296303091,0.6809119236149642,0.7130649353982432,经过处理的数据 / public-data surrogate; not author-run logs
NSGA-II,30,2109065,16,768,48,48,1.0,0.0,0.0,40,0.3361310154748903,0.6904350296303091,0.6987562728658467,0.7146864137693562,经过处理的数据 / public-data surrogate; not author-run logs
NSGA-II,30,2109065,17,816,48,48,1.0,0.0,0.0,35,0.34345234504881417,0.6904350296303091,0.7064873135999676,0.7227246279278937,经过处理的数据 / public-data surrogate; not author-run logs
NSGA-II,30,2109065,18,864,48,48,1.0,0.0,0.0,40,0.3475908201191499,0.6926607530227527,0.7077837653683962,0.7255353271720157,经过处理的数据 / public-data surrogate; not author-run logs
NSGA-II,30,2109065,19,912,48,48,1.0,0.0,0.0,38,0.3508353371183544,0.6938830121334492,0.7116077249318113,0.7255353271720157,经过处理的数据 / public-data surrogate; not author-run logs
NSGA-II,30,2109065,20,960,48,48,1.0,0.0,0.0,41,0.3561574379735901,0.7021276453254168,0.7151395060147197,0.7255353271720157,经过处理的数据 / public-data surrogate; not author-run logs
NSGA-II,30,2109065,21,1008,48,48,1.0,0.0,0.0,36,0.3575902107808853,0.7021276453254168,0.7151395060147197,0.7255353271720157,经过处理的数据 / public-data surrogate; not author-run logs
NSGA-II,30,2109065,22,1056,48,48,1.0,0.0,0.0,40,0.3611558254178898,0.7021276453254168,0.7218018561369802,0.7255353271720157,经过处理的数据 / public-data surrogate; not author-run logs
NSGA-II,30,2109065,23,1104,48,48,1.0,0.0,0.0,48,0.3679738570693436,0.7115069836425211,0.7270510190777241,0.7255353271720157,经过处理的数据 / public-data surrogate; not author-run logs
NSGA-II,30,2109065,24,1152,48,48,1.0,0.0,0.0,42,0.36998254286559756,0.7115069836425211,0.7270510190777241,0.7267990355775326,经过处理的数据 / public-data surrogate; not author-run logs
NSGA-II,30,2109065,25,1200,48,48,1.0,0.0,0.0,48,0.3758320900538057,0.7143209877796501,0.7358326973755078,0.7289861626610044,经过处理的数据 / public-data surrogate; not author-run logs
NSGA-II,30,2109065,26,1248,48,48,1.0,0.0,0.0,48,0.38152800423123695,0.7188868037309851,0.7441098971810943,0.7292628554906391,经过处理的数据 / public-data surrogate; not author-run logs
NSGA-II,30,2109065,27,1296,48,48,1.0,0.0,0.0,48,0.3823931693679316,0.7188868037309851,0.7456006917905345,0.7292628554906391,经过处理的数据 / public-data surrogate; not author-run logs
NSGA-II,30,2109065,28,1344,48,48,1.0,0.0,0.0,48,0.3830107648487352,0.7188868037309851,0.7456006917905345,0.7292628554906391,经过处理的数据 / public-data surrogate; not author-run logs
NSGA-II,30,2109065,29,1392,48,48,1.0,0.0,0.0,48,0.384330720503706,0.7188868037309851,0.7456006917905345,0.7315025301330731,经过处理的数据 / public-data surrogate; not author-run logs
NSGA-II,30,2109065,30,1440,48,48,1.0,0.0,0.0,48,0.3845517949600365,0.7188868037309851,0.7456006917905345,0.7315025301330731,经过处理的数据 / public-data surrogate; not author-run logs
